Date,Open,High,Low,Close
2025-04-11,338.6,340.75,329.8,331.7
2025-04-10,365.5,369.25,341.6,341.6
2025-04-09,342.2,344.65,329.2,332.95
2025-04-08,358.8,364.6,352.3,354.25
2025-04-07,347.85,368.2,342.5,348.95
2025-04-04,400.05,400.25,365.1,370.7
2025-04-03,422.2,424.75,397.3,400.45
2025-04-02,433.15,439.0,432.55,433.1
2025-04-01,435.85,437.65,430.35,433.0
2025-03-31,434.25,438.4,431.9,436.1
2025-03-28,439.65,442.75,433.95,435.5
2025-03-27,442.7,446.65,441.15,446.0
2025-03-26,444.8,450.1,442.85,447.0
2025-03-25,441.55,449.5,439.7,441.9
2025-03-24,447.6,449.0,440.42,440.8
2025-03-21,447.0,450.02,443.65,450.0
2025-03-20,444.35,448.5,442.2,448.5
2025-03-19,435.65,443.4,435.65,442.35
2025-03-18,434.0,441.37,433.89,437.8
2025-03-17,429.25,433.2,427.9,431.85
2025-03-14,419.1,429.1,417.3,429.0
2025-03-13,413.5,420.5,412.6,417.85
2025-03-12,414.15,416.95,407.9,416.95
2025-03-11,419.35,422.15,410.4,411.7
2025-03-10,415.4,422.42,414.15,418.45
2025-03-07,411.0,415.85,409.9,413.45
2025-03-06,413.25,413.5,406.5,409.1
2025-03-05,413.05,416.2,405.65,408.2
2025-03-04,416.85,420.0,406.1,408.0
2025-03-03,437.9,441.1,432.75,432.75
2025-02-28,436.55,439.85,431.7,437.35
2025-02-26,436.85,443.0,425.1,430.9
2025-02-25,444.8,449.4,436.9,436.9
2025-02-24,448.4,450.35,444.7,446.5
2025-02-21,450.4,452.0,445.8,447.5
2025-02-20,452.6,454.15,448.15,452.0
2025-02-19,467.0,469.75,461.6,463.3
2025-02-18,462.45,466.8,460.45,462.4
2025-02-17,465.7,466.0,462.5,462.75
2025-02-14,463.15,469.85,460.3,467.8
2025-02-13,465.0,469.0,460.9,463.9
2025-02-12,460.0,472.25,454.05,468.75
2025-02-11,468.7,469.85,456.0,462.25
2025-02-10,461.4,468.95,455.0,465.15
2025-02-07,429.1,435.5,428.45,433.25
2025-02-06,424.45,436.05,424.35,429.0
2025-02-05,422.5,427.25,421.4,423.95
2025-02-04,414.55,422.55,411.4,422.2
2025-02-03,417.0,427.0,410.2,420.0
2025-01-31,423.5,426.0,419.5,422.5
2025-01-30,417.3,423.05,415.3,421.5
2025-01-29,416.6,419.1,412.15,416.4
2025-01-28,420.95,423.35,416.25,418.35
2025-01-27,419.45,422.45,416.25,416.95
2025-01-24,424.05,425.75,418.7,419.85
2025-01-23,422.55,427.3,422.35,423.75
2025-01-22,424.45,429.5,423.45,426.25
2025-01-21,429.7,431.55,425.1,426.85
2025-01-20,432.65,435.25,428.95,429.7
2025-01-17,434.5,439.1,433.73,434.3
2025-01-16,428.15,432.85,426.9,428.8
2025-01-15,425.45,426.45,420.7,423.0
2025-01-14,419.2,424.55,416.7,420.25
2025-01-13,432.05,433.9,426.0,431.2
2025-01-10,422.85,434.7,421.8,425.1
2025-01-09,419.0,426.2,418.05,422.7
2025-01-08,424.85,426.15,416.85,420.4
2025-01-07,414.55,422.0,411.9,422.0
2025-01-06,409.5,415.7,406.74,414.05
2025-01-03,403.95,411.35,403.1,407.95
2025-01-02,395.0,404.05,393.55,403.15
2024-12-31,386.8,393.0,386.8,393.0
2024-12-30,383.9,387.55,383.3,386.75
2024-12-27,382.9,387.1,381.85,385.45
2024-12-24,382.7,383.7,381.25,381.25
2024-12-23,379.05,381.0,377.6,380.7
2024-12-20,377.0,380.0,373.75,379.05
2024-12-19,380.7,385.37,378.45,379.05
2024-12-18,380.8,387.55,380.8,383.4
2024-12-17,379.35,383.15,378.0,380.1
2024-12-16,394.35,396.1,383.95,385.1
2024-12-13,398.6,398.9,392.6,395.95
2024-12-12,397.6,399.8,395.7,397.05
2024-12-11,393.2,396.55,392.0,394.05
2024-12-10,392.3,396.7,391.72,395.5
2024-12-09,378.9,397.5,378.64,393.85
2024-12-06,380.8,384.25,375.15,377.75
2024-12-05,382.7,384.15,378.25,379.2
2024-12-04,388.35,391.2,384.2,384.35
2024-12-03,383.05,390.6,382.18,387.6
2024-12-02,383.85,394.1,376.8,380.6
2024-11-29,383.75,385.8,382.65,384.65
2024-11-28,381.8,385.45,381.55,385.45
2024-11-27,383.6,385.35,381.5,384.15
2024-11-26,386.85,388.71,383.4,383.45
2024-11-25,392.45,397.5,387.85,387.85
2024-11-22,393.15,394.9,388.7,392.7
2024-11-21,383.85,390.07,383.0,388.6
2024-11-20,381.6,384.1,380.8,381.55
2024-11-19,387.25,389.5,380.8,382.8
2024-11-18,382.25,389.25,381.1,387.1
2024-11-15,377.35,386.0,377.3,382.7
2024-11-14,373.45,381.55,372.4,379.25
2024-11-13,367.75,370.45,365.2,370.05
2024-11-12,373.3,374.85,366.3,367.3
2024-11-11,374.75,377.45,372.4,373.0
2024-11-08,381.8,382.65,372.35,373.3
2024-11-07,385.25,388.0,381.27,381.5
2024-11-06,385.2,393.45,382.62,386.5
2024-11-05,380.8,386.25,380.8,385.1
2024-11-04,380.25,386.1,380.05,382.0
2024-11-01,378.45,386.05,378.2,378.2
2024-10-31,373.15,378.35,372.0,376.65
2024-10-30,375.95,380.5,371.1,374.05
2024-10-29,395.0,397.7,377.65,379.25
2024-10-28,398.7,400.1,392.75,399.1
2024-10-25,401.95,406.95,401.15,404.9
2024-10-24,404.45,410.8,401.8,401.8
2024-10-23,404.95,407.5,402.3,402.7
2024-10-22,404.2,407.85,402.35,406.45
2024-10-21,401.35,408.35,401.35,404.85
2024-10-18,401.55,406.3,397.6,399.6
2024-10-17,395.65,401.71,395.35,400.0
2024-10-16,393.5,399.33,393.5,395.45
2024-10-15,392.3,396.6,388.0,392.5
2024-10-14,405.85,410.05,405.15,408.4
2024-10-11,408.0,412.05,404.1,409.45
2024-10-10,407.0,413.55,406.29,410.85
2024-10-09,402.3,408.15,402.3,406.4
2024-10-08,418.85,419.1,405.9,406.45
2024-10-07,419.7,426.0,417.1,422.1
2024-10-04,412.4,418.15,411.55,416.85
2024-10-03,410.0,411.15,405.25,409.0
2024-10-02,406.5,413.6,405.85,406.6
2024-10-01,391.0,402.75,387.4,401.0
2024-09-30,393.0,395.45,388.85,391.7
2024-09-27,385.2,390.6,384.45,388.15
2024-09-26,383.0,387.05,379.7,383.85
2024-09-25,407.6,409.8,398.68,400.25
2024-09-24,412.8,416.74,410.15,410.15
2024-09-23,411.95,413.9,408.84,411.75
2024-09-20,411.55,415.28,406.75,409.55
2024-09-19,414.95,420.2,414.64,417.45
2024-09-18,411.0,412.45,409.4,410.35
2024-09-17,408.7,411.75,407.05,410.45
2024-09-16,402.6,410.0,402.1,406.15
2024-09-13,403.0,406.45,402.4,404.2
2024-09-12,404.35,406.95,398.9,403.0
2024-09-11,399.35,404.6,397.5,398.25
2024-09-10,404.85,407.7,395.75,397.45
2024-09-09,407.05,409.05,404.85,406.65
2024-09-06,409.25,412.15,404.94,405.7
2024-09-05,411.55,415.3,410.6,411.7
2024-09-04,413.5,419.1,411.05,413.85
2024-09-03,429.15,430.05,415.75,416.35
2024-09-02,429.05,431.35,427.8,430.25
2024-08-30,435.9,438.2,427.65,429.4
2024-08-29,429.8,436.35,428.35,434.75
2024-08-28,431.85,433.5,427.95,431.55
2024-08-27,433.3,437.6,432.1,432.15
2024-08-23,428.75,430.85,427.88,429.3
2024-08-22,426.9,445.68,424.5,426.2
2024-08-21,428.95,437.12,418.0,430.4
2024-08-20,436.0,439.85,429.4,429.85
2024-08-19,439.35,443.81,424.63,442.05
2024-08-16,442.0,446.6,437.6,441.25
2024-08-15,438.9,445.2,432.93,443.45
2024-08-14,440.3,441.45,389.77,437.0
2024-08-13,440.95,441.25,435.55,437.0
2024-08-12,436.0,441.35,435.0,439.6
2024-08-09,432.45,434.9,430.7,433.75
2024-08-08,430.2,445.68,427.85,431.25
2024-08-07,430.35,438.9,418.0,437.25
2024-08-06,434.4,435.7,426.1,430.7
2024-08-05,433.45,521.34,424.63,431.0
2024-08-02,450.4,457.2,444.35,444.8
2024-08-01,459.0,464.4,432.93,453.9
2024-07-31,458.95,463.41,455.7,458.85
2024-07-30,467.95,467.95,450.6,451.65
2024-07-29,462.05,464.9,453.0,453.0
2024-07-26,457.35,460.0,404.74,454.5
2024-07-25,448.75,453.95,444.85,453.5
2024-07-24,450.05,521.34,418.0,453.05
2024-07-23,456.15,457.75,450.2,450.65
2024-07-22,458.0,459.55,424.63,457.8
2024-07-19,457.8,467.3,449.95,457.3
2024-07-18,458.0,462.9,449.95,459.0
2024-07-17,446.8,454.46,445.86,452.7
2024-07-16,448.3,452.1,443.0,446.6
2024-07-15,447.45,456.25,444.3,449.4
2024-07-12,455.0,460.1,449.05,453.5
2024-07-11,452.8,457.4,448.3,451.8
2024-07-10,451.5,458.5,448.4,454.65
2024-07-09,460.0,463.77,451.25,454.25
2024-07-08,479.7,479.95,474.65,474.65
2024-07-05,489.4,493.25,482.0,482.2
2024-07-04,483.5,490.3,479.75,490.3
2024-07-03,485.0,487.5,481.7,482.65
2024-07-02,482.85,490.25,475.6,484.7
2024-07-01,479.3,482.2,472.3,478.5
2024-06-28,476.3,479.6,474.25,475.2
2024-06-27,472.0,477.15,467.7,472.8
2024-06-26,474.55,478.5,470.55,470.55
2024-06-25,475.7,480.85,472.95,473.9
2024-06-24,466.6,475.1,463.4,474.15
2024-06-21,468.4,473.35,464.55,471.0
2024-06-20,466.55,472.9,463.55,470.5
2024-06-19,466.0,469.15,465.42,466.35
2024-06-18,461.95,468.0,461.55,466.85
2024-06-17,459.95,462.15,457.5,460.65
2024-06-14,460.3,463.35,458.3,460.0
2024-06-13,464.4,465.55,457.79,460.0
2024-06-12,470.55,474.55,463.65,464.9
2024-06-11,471.0,473.8,465.9,468.35
2024-06-10,463.6,471.2,459.9,470.85
2024-06-07,463.35,467.2,460.35,462.7
2024-06-06,462.95,465.6,457.6,463.15
2024-06-05,463.9,466.55,460.1,460.4
2024-06-04,472.3,473.0,460.9,462.9
2024-06-03,491.6,494.35,480.45,481.2
2024-05-31,485.25,488.85,482.05,488.15
2024-05-30,485.0,492.05,482.05,485.25
2024-05-29,489.2,495.4,487.45,489.1
2024-05-28,488.25,490.8,480.1,487.0
2024-05-24,479.3,485.45,476.7,483.0
2024-05-23,479.85,486.5,476.7,482.55
2024-05-22,481.75,493.75,477.1,481.7
2024-05-21,488.8,494.2,485.55,490.8
2024-05-20,492.2,497.1,491.15,491.25
2024-05-17,491.0,493.1,487.1,491.3
2024-05-16,491.7,499.95,485.55,489.3
2024-05-15,504.0,507.1,492.65,496.95
2024-05-14,507.6,510.8,501.3,502.3
2024-05-13,505.2,509.3,502.1,505.0
2024-05-10,506.1,511.7,501.0,506.2
2024-05-09,502.1,508.2,497.45,504.1
2024-05-08,498.0,500.6,490.65,500.5
2024-05-07,506.4,515.5,499.6,503.7
2024-05-03,516.3,520.0,506.1,510.4
2024-05-02,508.5,520.4,503.4,515.8
2024-05-01,520.0,510.3,508.8,509.4
2024-04-30,526.0,529.3,520.4,520.4
2024-04-29,524.8,527.8,523.0,523.3
2024-04-26,529.3,534.02,522.3,524.8
2024-04-25,523.3,529.6,520.0,526.3
2024-04-24,529.2,531.4,525.3,525.6
2024-04-23,524.2,530.6,521.0,523.1
2024-04-22,516.1,523.8,514.9,522.5
2024-04-19,510.8,516.02,504.59,514.9
2024-04-18,511.8,515.1,508.2,512.4
2024-04-17,513.3,520.1,512.0,516.8
2024-04-16,521.7,523.0,511.9,515.6
2024-04-15,528.5,534.3,522.5,527.3
2024-04-12,530.0,541.0,528.1,539.1
2024-04-11,523.0,531.5,518.4,520.0
2024-04-10,519.7,523.5,516.1,520.1
2024-04-09,514.0,520.3,513.4,516.6
2024-04-08,505.3,513.8,503.9,509.9
2024-04-05,509.0,511.0,504.9,506.1
2024-04-04,512.0,512.8,505.4,508.9
2024-04-03,510.7,511.9,505.3,511.6
2024-04-02,504.1,511.7,502.8,508.6
2024-03-28,495.45,498.75,493.3,495.7
2024-03-27,495.65,496.3,489.39,492.8
2024-03-26,505.2,505.35,497.9,499.8
2024-03-25,500.3,507.6,499.93,505.9
2024-03-22,496.55,503.41,495.8,498.85
2024-03-21,497.4,499.5,494.95,496.65
2024-03-20,496.15,497.4,491.6,493.65
2024-03-19,495.0,498.95,492.6,498.3
2024-03-18,493.35,496.45,491.15,493.3
2024-03-15,491.65,495.0,490.4,491.0
2024-03-14,485.0,490.05,483.85,490.0
2024-03-13,478.9,486.8,476.8,485.0
2024-03-12,474.0,480.45,474.0,477.45
2024-03-11,470.25,473.15,467.6,471.7
2024-03-08,476.9,480.3,471.95,472.1
2024-03-07,478.0,478.9,474.45,476.05
2024-03-06,470.9,480.35,470.55,478.9
2024-03-05,468.55,471.45,466.8,470.9
2024-03-04,475.0,479.55,469.35,469.75
2024-03-01,465.5,471.85,463.8,471.65
2024-02-29,461.0,463.95,459.0,460.7
2024-02-28,465.45,466.45,461.62,462.3
2024-02-27,464.75,469.3,464.65,466.25
2024-02-26,462.15,467.78,461.6,466.3
2024-02-23,467.7,470.35,460.6,466.1
2024-02-22,470.95,473.5,465.4,468.2
2024-02-21,466.45,471.2,464.7,470.4
2024-02-20,475.25,475.8,465.85,466.55
2024-02-19,469.55,476.7,468.75,474.8
2024-02-16,472.05,475.9,469.05,472.0
2024-02-15,468.95,471.1,461.7,468.75
2024-02-14,480.75,484.35,474.75,476.5
2024-02-13,480.05,486.95,477.75,479.75
2024-02-12,476.2,482.85,474.7,479.45
2024-02-09,477.25,485.0,476.93,478.45
2024-02-08,474.6,480.65,468.3,476.25
2024-02-07,478.45,483.3,474.3,474.6
2024-02-06,475.05,485.55,474.55,478.95
2024-02-05,457.0,459.75,450.95,454.15
2024-02-02,462.2,462.2,454.75,458.7
2024-02-01,466.0,470.2,463.9,465.65
2024-01-31,471.25,471.9,462.45,462.45
2024-01-30,466.0,470.7,465.35,468.7
2024-01-29,469.95,471.65,464.8,465.8
2024-01-26,461.0,465.05,461.0,461.7
2024-01-25,454.05,460.6,454.05,455.65
2024-01-24,448.95,453.2,447.95,452.95
2024-01-23,451.0,453.4,448.25,451.2
2024-01-22,444.9,448.7,441.05,446.05
2024-01-19,447.6,449.65,445.6,445.8
2024-01-18,446.85,448.8,442.9,444.25
2024-01-17,449.0,450.45,442.2,448.5
2024-01-16,450.8,458.7,448.2,452.3
2024-01-15,455.55,458.4,451.2,453.0
2024-01-12,457.75,462.15,454.15,454.15
2024-01-11,457.0,459.95,453.6,454.2
2024-01-10,457.8,462.3,455.0,456.45
2024-01-09,465.1,468.9,459.35,459.35
2024-01-08,468.85,471.55,459.25,461.45
2024-01-05,469.2,477.0,467.3,473.85
2024-01-04,478.0,481.4,473.45,473.45
2024-01-03,470.25,473.2,465.05,471.95
2024-01-02,468.8,472.7,468.24,471.0
2023-12-29,464.8,466.15,460.15,466.15
2023-12-28,466.15,468.35,464.05,465.2
2023-12-27,468.9,472.1,464.35,467.2
2023-12-22,467.7,469.8,466.25,467.2
2023-12-21,466.5,469.85,460.99,466.25
2023-12-20,469.2,474.8,460.85,467.0
2023-12-19,462.2,468.0,459.65,463.65
2023-12-18,458.15,468.8,455.1,465.2
2023-12-15,470.1,471.95,456.8,457.85
2023-12-14,462.0,471.15,457.05,465.9
2023-12-13,459.0,463.75,456.6,459.85
2023-12-12,467.1,470.6,460.7,460.95
2023-12-11,469.2,471.75,463.6,467.25
2023-12-08,463.0,470.75,457.45,468.25
2023-12-07,464.15,468.75,459.7,460.25
2023-12-06,469.75,475.05,465.86,465.95
2023-12-05,467.6,474.95,464.75,471.9
2023-12-04,467.9,481.3,465.7,471.95
2023-12-01,479.05,483.35,475.3,478.4
2023-11-30,476.15,489.7,473.0,479.1
2023-11-29,471.1,477.0,469.59,471.95
2023-11-28,473.45,478.4,471.0,475.0
2023-11-27,472.55,479.4,468.85,475.05
2023-11-24,472.05,478.35,469.25,476.5
2023-11-23,470.1,475.3,469.8,473.5
2023-11-22,477.5,480.35,460.55,466.15
2023-11-21,476.5,484.1,472.65,476.55
2023-11-20,477.0,482.95,475.0,480.45
2023-11-17,470.85,479.3,465.35,477.7
2023-11-16,484.6,484.6,466.95,468.4
2023-11-15,482.2,483.69,477.35,482.1
2023-11-14,485.55,486.9,477.25,480.95
2023-11-13,478.0,486.25,474.75,484.7
2023-11-10,475.8,480.8,472.5,477.85
2023-11-09,470.35,476.75,467.93,475.35
2023-11-08,479.5,482.35,477.15,477.15
2023-11-07,486.45,494.75,480.0,481.05
2023-11-06,487.05,493.35,484.7,491.5
2023-11-03,503.1,506.2,483.65,489.85
2023-11-02,496.8,501.5,489.05,498.6
2023-11-01,495.0,503.29,488.45,494.4
2023-10-31,505.1,509.7,494.35,502.6
2023-10-30,529.0,532.9,522.4,526.7
2023-10-27,538.9,546.6,527.8,530.5
2023-10-26,535.4,539.4,528.2,533.8
2023-10-25,531.9,539.12,528.6,534.7
2023-10-24,528.5,539.9,526.1,534.4
2023-10-23,540.0,545.7,528.8,532.2
2023-10-20,554.2,559.4,544.2,545.4
2023-10-19,558.8,562.1,547.0,552.9
2023-10-18,558.6,562.3,553.2,558.0
2023-10-17,549.0,558.2,546.5,555.0
2023-10-16,549.6,553.9,544.1,549.0
2023-10-13,541.3,550.5,540.94,547.7
2023-10-12,529.0,538.8,517.7,536.1
2023-10-11,527.7,535.8,519.4,520.3
2023-10-10,522.2,525.8,513.25,525.1
2023-10-09,516.5,523.9,514.0,520.3
2023-10-06,500.2,509.6,496.4,505.6
2023-10-05,497.1,501.3,489.55,499.05
2023-10-04,515.8,518.4,495.45,499.45
2023-10-03,518.8,522.4,514.4,515.8
2023-10-02,531.7,536.1,518.2,519.1
2023-09-29,538.0,540.3,531.3,531.4
2023-09-28,542.6,549.6,537.2,541.1
2023-09-27,532.1,538.8,530.6,538.5
2023-09-26,525.4,533.3,521.2,530.9
2023-09-25,525.9,529.5,521.9,527.3
2023-09-22,517.0,529.1,515.6,525.7
2023-09-21,519.4,529.1,514.61,520.4
2023-09-20,521.2,524.8,514.0,523.4
2023-09-19,522.7,526.4,520.5,524.8
2023-09-18,525.3,527.4,518.05,519.2
2023-09-15,527.3,528.9,520.7,523.2
2023-09-14,512.1,526.12,510.0,524.1
2023-09-13,515.0,526.0,506.9,508.2
2023-09-12,516.5,523.3,513.0,522.8
2023-09-11,518.6,521.7,515.3,517.3
2023-09-08,513.4,518.0,512.5,517.3
2023-09-07,514.0,518.9,513.1,514.8
2023-09-06,509.8,518.65,507.9,515.9
2023-09-05,498.75,514.3,497.2,511.5
2023-09-04,505.0,506.7,501.7,501.7
2023-09-01,494.25,502.6,493.35,500.8
2023-08-31,490.9,492.4,487.5,487.5
2023-08-30,489.55,491.8,487.5,489.2
2023-08-29,480.25,488.85,480.25,485.7
2023-08-25,476.55,479.95,474.05,475.6
2023-08-24,471.05,475.25,469.65,473.6
2023-08-23,475.95,478.35,467.3,471.15
2023-08-22,477.55,480.45,474.8,477.9
2023-08-21,475.1,484.3,474.83,478.3
2023-08-18,472.0,475.1,466.77,473.45
2023-08-17,470.85,475.95,470.2,474.5
2023-08-16,471.45,474.5,468.9,472.95
2023-08-15,483.2,483.96,472.2,473.95
2023-08-14,484.25,485.15,478.6,481.75
2023-08-11,485.8,487.3,480.67,486.4
2023-08-10,488.6,493.75,488.35,490.9
2023-08-09,485.0,494.56,485.0,492.65
2023-08-08,480.15,482.6,472.0,480.0
2023-08-07,485.65,486.75,481.1,483.1
2023-08-04,481.75,487.05,478.15,486.45
2023-08-03,471.45,477.85,465.1,477.85
2023-08-02,480.55,484.09,471.84,473.6
2023-08-01,481.05,495.0,479.73,481.75
2023-07-31,480.0,484.25,474.3,483.0
2023-07-28,476.45,479.7,472.05,475.4
2023-07-27,478.6,481.9,475.5,479.7
2023-07-26,482.8,482.8,475.0,478.6
2023-07-25,485.4,485.45,479.3,481.0
2023-07-24,475.0,484.35,471.7,483.7
2023-07-21,476.4,477.85,472.94,475.8
2023-07-20,470.0,477.55,468.9,472.25
2023-07-19,459.6,472.3,459.1,469.55
2023-07-18,449.3,459.65,449.19,458.55
2023-07-17,450.05,462.5,449.1,452.4
2023-07-14,463.4,467.15,453.8,456.45
2023-07-13,466.0,473.45,465.5,465.65
2023-07-12,461.7,473.85,460.97,466.75
2023-07-11,456.1,461.0,453.6,460.25
2023-07-10,454.55,460.5,454.15,454.55
2023-07-07,451.55,456.5,447.9,453.55
2023-07-06,458.3,459.85,449.4,449.95
2023-07-05,468.5,468.9,458.85,459.8
2023-07-04,470.2,472.8,467.95,470.25
2023-07-03,462.65,474.45,462.08,470.8
2023-06-30,458.8,463.4,457.25,458.35
2023-06-29,456.55,459.35,453.65,454.8
2023-06-28,452.7,456.3,450.15,455.2
2023-06-27,464.25,465.45,449.7,452.7
2023-06-26,458.6,461.65,447.5,459.0
2023-06-23,458.9,459.75,452.45,454.65
2023-06-22,461.8,462.6,456.65,460.0
2023-06-21,454.4,465.08,454.35,464.0
2023-06-20,460.15,462.8,453.95,453.95
2023-06-19,456.6,463.55,456.25,461.4
2023-06-16,460.3,463.65,456.7,459.6
2023-06-15,461.2,462.15,453.75,459.7
2023-06-14,462.8,471.75,460.85,461.15
2023-06-13,464.7,470.95,462.16,464.85
2023-06-12,469.05,469.05,459.7,462.6
2023-06-09,472.4,473.0,467.05,468.9
2023-06-08,479.8,481.2,472.1,472.65
2023-06-07,471.5,475.55,467.0,473.75
2023-06-06,471.85,473.0,463.6,471.25
2023-06-05,479.15,483.7,472.95,472.95
2023-06-02,464.0,476.2,464.0,474.35
2023-06-01,456.35,463.45,454.35,461.5
2023-05-31,466.2,467.45,447.2,453.3
2023-05-30,477.3,477.35,464.85,466.6
2023-05-26,478.0,479.7,472.75,476.9
2023-05-25,486.65,487.47,473.15,474.95
2023-05-24,487.3,489.0,480.4,486.5
2023-05-23,481.7,489.85,479.25,488.3
2023-05-22,481.0,482.05,477.85,481.65
2023-05-19,483.5,488.04,481.4,481.4
2023-05-18,483.55,488.4,478.1,480.55
2023-05-17,475.0,482.25,475.0,478.35
2023-05-16,479.45,484.53,475.7,475.95
2023-05-15,480.95,484.65,476.9,481.7
2023-05-12,475.4,486.28,475.35,483.0
2023-05-11,482.4,487.4,472.25,477.7
2023-05-10,490.5,491.6,482.7,487.1
2023-05-09,489.25,491.45,484.65,488.55
2023-05-05,480.0,494.83,480.0,492.3
2023-05-04,489.35,494.9,473.55,476.5
2023-05-03,490.8,493.0,479.55,487.1
2023-05-02,517.0,520.0,485.75,488.35
2023-04-28,525.9,535.4,517.04,534.4
2023-04-27,527.0,530.4,521.0,523.6
2023-04-26,529.6,535.5,527.3,533.1
2023-04-25,535.5,540.6,526.5,529.3
2023-04-24,523.9,535.6,521.2,533.9
2023-04-21,533.2,533.2,527.0,530.0
2023-04-20,533.6,533.6,528.0,530.7
2023-04-19,542.1,543.6,530.8,535.4
2023-04-18,544.5,546.4,538.3,544.5
2023-04-17,545.0,551.0,543.5,543.8
2023-04-14,538.8,543.35,534.4,541.0
2023-04-13,536.5,539.6,534.11,538.7
2023-04-12,537.8,543.7,535.7,539.6
2023-04-11,536.4,540.4,532.3,537.0
2023-04-06,533.2,537.74,531.1,531.9
2023-04-05,527.6,536.6,527.0,533.7
2023-04-04,536.8,536.9,526.8,527.2
2023-04-03,530.0,540.3,529.8,532.7
2023-03-31,510.9,514.8,508.0,510.8
2023-03-30,509.3,518.2,506.66,513.2
2023-03-29,510.4,513.12,507.2,510.5
2023-03-28,508.6,510.51,503.1,507.8
2023-03-27,497.25,500.4,485.2,496.4
2023-03-24,495.95,495.95,473.7,486.3
2023-03-23,504.7,505.3,496.75,498.7
2023-03-22,500.0,507.9,497.4,504.4
2023-03-21,492.0,508.4,489.9,503.4
2023-03-20,471.85,492.5,467.0,487.0
2023-03-17,489.35,504.2,476.75,479.95
2023-03-16,500.0,500.37,470.8,482.45
2023-03-15,527.0,527.24,485.95,486.8
2023-03-14,522.0,533.5,512.8,530.8
2023-03-13,544.3,544.6,514.9,522.5
2023-03-10,546.8,550.8,542.6,549.2
2023-03-09,558.4,560.45,552.4,557.0
2023-03-08,558.4,564.16,557.5,558.4
2023-03-07,560.5,563.28,555.1,558.5
2023-03-06,550.8,560.0,550.8,559.4
2023-03-03,561.0,561.7,542.8,555.3
2023-03-02,552.0,563.8,550.3,561.2
2023-03-01,553.7,560.0,550.1,550.3
2023-02-28,557.9,561.8,550.5,550.5
2023-02-27,554.0,560.4,553.5,558.2
2023-02-24,551.3,555.9,547.7,550.2
2023-02-23,536.7,551.4,534.8,547.0
2023-02-22,547.0,550.3,536.4,539.4
2023-02-21,556.6,560.2,549.67,550.3
2023-02-20,558.0,562.2,556.0,558.2
2023-02-17,564.0,564.6,556.3,559.9
2023-02-16,560.2,567.7,551.3,567.6
2023-02-15,561.8,565.1,557.4,559.7
2023-02-14,558.0,565.2,555.9,560.1
2023-02-13,559.9,560.65,551.7,557.4
2023-02-10,547.5,570.57,541.6,560.0
2023-02-09,532.9,545.7,531.93,545.7
2023-02-08,528.0,535.0,516.4,533.2
2023-02-07,494.15,516.4,488.0,516.4
2023-02-06,488.5,488.5,475.5,478.35
2023-02-03,477.85,492.35,477.5,486.05
2023-02-02,491.5,492.55,478.5,478.8
2023-02-01,491.05,496.65,486.85,492.45
2023-01-31,489.55,490.1,482.2,488.85
2023-01-30,487.75,496.35,486.3,492.05
2023-01-27,487.6,496.6,484.2,489.3
2023-01-26,476.1,484.65,475.3,484.2
2023-01-25,475.3,478.0,468.6,474.7
2023-01-24,483.45,483.45,472.75,475.25
2023-01-23,475.55,482.45,475.05,480.8
2023-01-20,479.85,482.75,474.7,475.85
2023-01-19,478.5,480.75,471.65,474.7
2023-01-18,480.0,489.45,479.65,486.2
2023-01-17,480.1,487.55,478.0,484.65
2023-01-16,485.5,487.85,480.0,481.0
2023-01-13,483.0,486.55,482.55,484.35
2023-01-12,481.35,486.65,478.6,485.0
2023-01-11,476.9,481.15,474.25,478.55
2023-01-10,475.55,482.25,474.05,475.1
2023-01-09,478.0,485.45,477.25,479.3
2023-01-06,474.25,480.15,474.25,477.05
2023-01-05,468.0,474.3,465.45,471.75
2023-01-04,474.0,475.9,465.0,465.85
2023-01-03,481.4,496.9,481.29,483.35
2022-12-30,478.45,480.5,474.9,474.9
2022-12-29,474.2,480.85,472.8,480.75
2022-12-28,487.75,489.95,477.25,480.4
2022-12-23,475.0,478.9,473.75,478.9
2022-12-22,482.1,485.07,476.5,477.9
2022-12-21,466.95,480.65,466.15,480.0
2022-12-20,462.1,470.8,461.05,467.45
2022-12-19,458.95,470.3,457.4,466.6
2022-12-16,466.75,468.25,455.4,455.4
2022-12-15,468.4,472.05,464.75,465.85
2022-12-14,470.3,475.63,467.55,469.55
2022-12-13,465.85,472.85,463.5,471.05
2022-12-12,459.7,465.65,456.75,462.1
2022-12-09,462.35,465.59,455.0,461.95
2022-12-08,467.3,474.45,463.95,463.95
2022-12-07,470.45,473.8,463.05,464.0
2022-12-06,480.7,483.5,470.9,474.65
2022-12-05,479.25,489.27,477.37,483.5
2022-12-02,485.0,486.3,474.5,480.9
2022-12-01,493.5,495.9,486.95,489.45
2022-11-30,492.5,503.3,492.05,497.5
2022-11-29,486.0,496.75,486.0,492.05
2022-11-28,479.8,484.85,475.05,483.55
2022-11-25,482.35,493.05,482.17,488.35
2022-11-24,485.15,487.85,479.95,483.55
2022-11-23,490.0,498.6,482.75,483.1
2022-11-22,471.0,488.0,470.5,488.0
2022-11-21,475.3,477.6,456.5,458.15
2022-11-18,483.0,486.2,469.5,476.05
2022-11-17,476.7,482.45,476.6,478.65
2022-11-16,479.45,488.25,478.96,481.35
2022-11-15,477.85,480.6,472.55,477.05
2022-11-14,477.4,483.3,472.35,480.5
2022-11-11,475.35,483.4,471.98,478.4
2022-11-10,473.5,486.4,470.75,470.75
2022-11-09,485.85,488.6,481.35,482.1
2022-11-08,497.6,501.8,485.7,485.7
2022-11-07,497.1,503.3,494.45,501.8
2022-11-04,495.95,504.4,493.0,499.95
2022-11-03,482.15,494.3,477.95,493.5
2022-11-02,483.4,486.9,476.85,484.35
2022-11-01,479.5,486.9,474.2,486.45
2022-10-31,474.0,484.0,467.1,479.8
2022-10-28,472.0,479.3,471.0,472.95
2022-10-27,466.85,483.3,466.22,481.9
2022-10-26,464.65,468.05,460.35,466.0
2022-10-25,469.9,470.95,464.75,465.6
2022-10-24,466.8,474.15,458.25,470.0
2022-10-21,457.2,465.0,456.5,464.45
2022-10-20,460.35,464.65,457.3,460.95
2022-10-19,452.8,456.0,445.5,455.25
2022-10-18,453.1,458.2,445.25,445.25
2022-10-17,455.6,462.5,447.3,449.45
2022-10-14,460.8,465.61,452.9,455.05
2022-10-13,451.05,461.25,446.2,458.25
2022-10-12,453.55,458.75,446.45,449.35
2022-10-11,456.0,457.45,446.95,452.6
2022-10-10,463.5,469.85,460.75,462.45
2022-10-07,462.35,471.18,460.55,469.1
2022-10-06,460.4,462.2,450.55,460.35
2022-10-05,454.3,461.8,446.5,460.2
2022-10-04,447.5,456.9,442.7,454.5
2022-10-03,432.0,446.4,432.0,442.7
2022-09-30,432.0,439.95,428.1,433.1
2022-09-29,434.3,438.5,426.25,432.05
2022-09-28,425.4,437.85,421.1,435.9
2022-09-27,425.15,435.1,423.07,431.1
2022-09-26,423.55,434.7,422.3,430.1
2022-09-23,453.25,456.2,428.35,433.1
2022-09-22,453.2,464.55,451.2,458.25
2022-09-21,455.85,466.0,453.25,455.55
2022-09-20,451.9,463.0,451.44,452.5
2022-09-16,454.3,460.54,450.95,452.05
2022-09-15,462.5,466.8,453.95,456.55
2022-09-14,457.45,465.95,454.2,462.3
2022-09-13,460.85,466.0,456.35,461.55
2022-09-12,458.75,461.85,454.75,457.85
2022-09-09,447.3,455.75,445.05,450.8
2022-09-08,444.15,449.95,439.76,443.05
2022-09-07,447.55,454.4,440.51,441.25
2022-09-06,461.6,462.25,449.8,452.7
2022-09-05,452.75,467.49,450.22,463.35
2022-09-02,447.0,457.55,443.95,453.7
2022-09-01,442.0,445.8,436.5,441.2
2022-08-31,451.1,452.4,428.25,441.5
2022-08-30,463.15,469.6,447.0,449.25
2022-08-26,461.5,464.1,457.3,457.8
2022-08-25,460.1,463.8,458.65,459.45
2022-08-24,460.0,460.6,452.55,452.95
2022-08-23,449.05,459.85,445.95,459.4
2022-08-22,440.1,452.5,439.95,449.0
2022-08-19,442.0,449.9,441.55,447.8
2022-08-18,432.6,443.07,429.21,442.0
2022-08-17,428.7,433.15,425.45,430.9
2022-08-16,424.05,432.1,424.05,426.5
2022-08-15,433.05,435.45,417.45,425.5
2022-08-12,428.15,435.94,427.75,430.55
2022-08-11,418.15,428.45,417.14,427.55
2022-08-10,420.95,425.35,417.05,421.25
2022-08-09,417.4,425.65,415.8,422.55
2022-08-08,412.0,419.6,411.25,416.3
2022-08-05,405.5,414.4,398.91,411.15
2022-08-04,408.35,420.9,406.8,408.0
2022-08-03,406.45,416.1,402.35,410.7
2022-08-02,404.15,411.1,401.65,403.35
2022-08-01,401.55,404.5,390.9,392.35
2022-07-29,388.55,404.9,386.08,400.0
2022-07-28,396.25,396.8,385.15,389.4
2022-07-27,390.2,395.25,388.1,393.15
2022-07-26,390.75,395.85,388.55,388.55
2022-07-25,380.55,387.55,374.27,386.7
2022-07-22,387.0,390.6,380.1,383.3
2022-07-21,389.7,394.25,379.1,383.9
2022-07-20,392.0,393.83,386.7,388.5
2022-07-19,380.55,388.05,379.55,385.6
2022-07-18,380.0,388.96,380.0,382.35
2022-07-15,367.35,377.15,365.05,373.1
2022-07-14,377.9,380.4,359.2,363.95
2022-07-13,376.25,383.4,372.3,377.2
2022-07-12,385.25,386.0,373.5,377.05
2022-07-11,380.7,386.65,377.7,384.6
2022-07-08,382.9,395.65,382.18,386.55
2022-07-07,378.6,391.55,377.9,385.25
2022-07-06,381.8,387.75,365.3,368.65
2022-07-05,402.55,402.7,372.25,373.3
2022-07-04,392.7,403.99,392.0,401.45
2022-07-01,380.25,391.7,377.45,384.5
2022-06-30,389.9,398.5,384.3,388.3
2022-06-29,395.95,408.3,395.95,397.7
2022-06-28,396.0,405.0,395.1,397.05
2022-06-27,382.95,394.1,382.35,391.6
2022-06-24,372.05,387.6,371.5,386.5
2022-06-23,382.2,391.65,375.65,375.65
2022-06-22,384.05,387.58,378.8,383.3
2022-06-21,395.9,400.3,392.55,395.35
2022-06-20,378.85,392.6,377.5,391.5
2022-06-17,401.8,405.2,379.45,379.45
2022-06-16,421.35,424.73,401.9,404.4
2022-06-15,433.3,433.6,422.6,427.4
2022-06-14,432.75,441.3,425.6,434.95
2022-06-13,429.15,431.95,419.35,426.3
2022-06-10,446.65,447.6,435.3,437.45
2022-06-09,451.8,456.0,448.3,448.3
2022-06-08,450.0,452.52,448.75,451.4
2022-06-07,439.45,449.34,439.2,446.5
2022-06-06,436.2,444.5,436.2,440.45
2022-06-01,433.35,437.14,431.3,431.3
2022-05-31,434.7,441.39,431.35,434.25
2022-05-30,430.95,435.65,429.51,433.5
2022-05-27,432.15,433.9,425.9,430.65
2022-05-26,428.0,436.4,427.7,435.25
2022-05-25,427.15,431.1,424.1,427.85
2022-05-24,419.9,425.32,418.98,423.6
2022-05-23,423.7,428.8,422.62,428.8
2022-05-20,417.5,424.85,412.7,417.2
2022-05-19,420.7,424.9,409.2,412.7
2022-05-18,421.5,430.9,421.05,422.35
2022-05-17,422.8,428.85,418.35,421.25
2022-05-16,409.15,420.45,407.05,418.35
2022-05-13,410.0,416.9,402.4,414.7
2022-05-12,403.4,410.1,398.11,400.15
2022-05-11,407.6,420.45,402.6,419.9
2022-05-10,405.55,411.65,400.15,404.95
2022-05-09,426.25,430.95,404.8,404.8
2022-05-06,419.2,430.75,419.2,426.65
2022-05-05,425.0,427.35,416.65,418.9
2022-05-04,419.65,421.75,410.9,415.9
2022-05-03,405.0,414.25,395.05,414.25
2022-04-29,392.2,393.65,388.0,391.55
2022-04-28,381.8,388.5,378.4,388.05
2022-04-27,378.75,382.8,375.05,378.4
2022-04-26,377.35,381.2,367.9,379.45
2022-04-25,379.15,383.15,368.85,368.85
2022-04-22,395.25,400.15,393.15,393.15
2022-04-21,404.85,405.6,400.2,403.15
2022-04-20,402.8,402.8,398.0,401.15
2022-04-19,403.0,407.7,401.05,401.05
2022-04-14,395.65,400.4,393.95,399.45
2022-04-13,393.35,400.7,392.5,397.35
2022-04-12,389.25,398.0,387.55,395.95
2022-04-11,390.05,393.85,385.45,386.65
2022-04-08,382.65,391.5,382.1,391.5
2022-04-07,376.95,383.7,371.4,377.4
2022-04-06,380.05,384.4,378.2,380.85
2022-04-05,380.25,384.02,377.3,382.9
2022-04-04,378.85,381.55,373.95,377.6
2022-04-01,372.75,378.95,368.9,378.95
2022-03-31,376.7,380.15,374.25,375.35
2022-03-30,375.0,383.35,373.85,382.75
2022-03-29,381.0,387.25,367.1,371.35
2022-03-28,385.85,391.25,379.45,380.9
2022-03-25,385.65,394.1,381.3,391.7
2022-03-24,389.55,394.1,386.25,389.2
2022-03-23,377.4,390.9,375.45,387.9
2022-03-22,380.0,381.62,368.55,371.3
2022-03-21,363.5,376.0,363.5,375.0
2022-03-18,364.65,368.95,359.0,360.4
2022-03-17,364.3,371.05,361.58,368.05
2022-03-16,365.05,366.9,356.95,360.65
2022-03-15,349.05,361.0,344.67,361.0
2022-03-14,364.35,364.65,349.4,356.5
2022-03-11,367.75,371.55,358.3,360.4
2022-03-10,369.0,373.1,361.96,363.5
2022-03-09,383.45,384.6,365.05,371.55
2022-03-08,361.6,383.08,359.2,380.0
2022-03-07,353.0,363.9,350.95,361.5
2022-03-04,355.0,356.4,341.6,348.15
2022-03-03,377.7,385.6,358.45,358.45
2022-03-02,362.8,379.05,360.86,374.4
2022-03-01,368.05,369.6,354.4,357.1
2022-02-28,352.2,365.55,349.85,363.55
2022-02-25,365.0,379.4,364.51,378.5
2022-02-24,372.6,378.15,360.9,365.35
2022-02-23,383.85,389.3,380.25,382.9
2022-02-22,389.1,396.3,382.55,386.5
2022-02-21,389.0,393.5,383.59,388.4
2022-02-18,396.4,400.29,390.8,391.4
2022-02-17,400.65,402.2,392.45,397.9
2022-02-16,398.05,405.75,395.74,403.75
2022-02-15,400.35,405.7,389.25,397.35
2022-02-14,414.05,417.15,398.19,400.65
2022-02-11,406.75,419.15,405.48,417.2
2022-02-10,406.4,414.4,405.55,410.7
2022-02-09,401.85,414.95,395.4,410.3
2022-02-08,410.0,418.0,398.35,399.0
2022-02-07,406.05,409.45,398.0,408.65
2022-02-04,397.15,409.25,397.05,405.9
2022-02-03,393.2,394.6,389.0,392.4
2022-02-02,395.0,395.35,389.0,389.55
2022-02-01,383.15,394.0,383.05,393.3
2022-01-31,388.65,389.27,382.15,382.8
2022-01-28,397.9,397.9,383.35,385.45
2022-01-27,388.3,400.56,385.3,392.5
2022-01-26,385.0,397.2,384.8,394.1
2022-01-25,370.4,379.95,366.35,379.65
2022-01-24,382.1,383.65,360.0,364.1
2022-01-21,384.8,386.55,376.4,382.25
2022-01-20,392.0,394.9,384.06,389.15
2022-01-19,397.1,400.55,388.7,394.1
2022-01-18,395.5,400.2,393.6,395.75
2022-01-17,391.95,395.63,389.4,393.75
2022-01-14,384.0,391.09,383.42,388.7
2022-01-13,379.35,383.9,378.65,383.9
2022-01-12,373.25,382.85,369.6,381.45
2022-01-11,364.5,370.95,363.05,369.6
2022-01-10,364.5,369.3,361.78,363.05
2022-01-07,359.9,362.55,356.45,362.55
2022-01-06,348.75,358.75,345.85,355.15
2022-01-05,353.0,358.3,351.3,354.8
2022-01-04,339.8,352.4,339.15,351.0
2021-12-31,330.0,332.45,329.9,330.5
2021-12-30,334.9,336.81,332.25,333.0
2021-12-29,337.05,342.45,333.85,336.0
2021-12-24,336.7,341.05,336.15,337.85
2021-12-23,337.4,341.85,336.35,337.95
2021-12-22,331.95,334.95,329.2,334.7
2021-12-21,326.0,332.35,324.48,331.75
2021-12-20,321.6,327.3,319.95,323.3
2021-12-17,335.15,338.4,330.9,333.75
2021-12-16,335.75,339.8,335.1,338.95
2021-12-15,334.05,336.3,329.1,330.9
2021-12-14,337.35,339.7,333.0,337.65
2021-12-13,345.25,345.3,335.0,335.0
2021-12-10,342.0,347.15,341.15,342.6
2021-12-09,347.35,348.4,340.2,343.55
2021-12-08,348.6,351.1,344.1,348.7
2021-12-07,349.05,352.03,347.75,350.9
2021-12-06,344.0,350.15,343.2,346.5
2021-12-03,345.0,346.37,340.8,340.85
2021-12-02,327.1,338.3,326.24,336.6
2021-12-01,331.25,338.1,330.25,332.9
2021-11-30,320.3,329.1,317.65,325.45
2021-11-29,326.0,334.0,318.8,327.7
2021-11-26,319.0,328.1,310.53,317.65
2021-11-25,344.75,345.85,342.55,344.75
2021-11-24,342.0,346.9,340.5,344.5
2021-11-23,330.1,342.4,330.05,339.4
2021-11-22,327.0,334.9,324.2,334.4
2021-11-19,341.8,342.65,323.4,326.55
2021-11-18,335.25,338.45,333.57,336.45
2021-11-17,343.25,345.85,340.9,342.0
2021-11-16,343.3,350.6,342.55,344.55
2021-11-15,339.5,345.9,336.7,341.55
2021-11-12,342.6,344.2,340.25,340.9
2021-11-11,342.6,347.3,339.8,345.15
2021-11-10,346.0,353.42,345.35,347.8
2021-11-09,344.6,348.25,341.8,344.45
2021-11-08,345.65,350.65,344.25,345.25
2021-11-05,337.55,346.7,336.2,345.4
2021-11-04,334.85,342.85,333.84,339.5
2021-11-03,339.55,342.95,334.0,334.85
2021-11-02,357.0,358.85,341.9,344.95
2021-11-01,351.1,358.5,349.21,357.0
2021-10-29,352.2,355.3,349.21,350.2
2021-10-28,353.5,356.05,349.2,352.05
2021-10-27,358.8,361.75,354.35,357.6
2021-10-26,360.6,362.95,356.55,359.2
2021-10-25,358.55,363.1,357.5,360.65
2021-10-22,354.9,358.8,352.0,355.0
2021-10-21,361.2,363.29,355.7,356.2
2021-10-20,360.35,365.92,359.2,363.1
2021-10-19,361.45,364.44,359.55,361.95
2021-10-18,365.0,366.4,361.0,361.45
2021-10-15,361.95,365.2,360.6,363.6
2021-10-14,360.0,361.1,355.95,357.7
2021-10-13,355.3,358.0,349.65,354.95
2021-10-12,356.6,359.55,353.15,358.2
2021-10-11,355.45,361.65,354.0,360.3
2021-10-08,348.15,354.95,346.6,353.55
2021-10-07,344.4,347.4,338.3,344.8
2021-10-06,350.15,350.4,340.66,341.55
2021-10-05,344.85,354.52,343.35,350.65
2021-10-04,338.95,347.8,337.3,344.45
2021-10-01,335.65,341.3,334.1,337.95
2021-09-30,337.85,342.29,334.85,340.3
2021-09-29,334.2,338.75,328.9,338.3
2021-09-28,332.25,343.5,332.05,336.6
2021-09-27,324.4,331.35,323.85,331.3
2021-09-24,318.0,321.2,315.3,320.2
2021-09-23,318.4,319.3,312.35,317.75
2021-09-22,313.25,319.7,312.46,316.75
2021-09-21,305.3,313.3,305.25,308.8
2021-09-20,301.0,306.15,299.7,303.7
2021-09-17,308.5,309.55,302.75,304.65
2021-09-16,310.4,313.6,305.7,305.95
2021-09-15,299.95,311.25,299.3,309.25
2021-09-14,301.95,305.3,299.36,300.0
2021-09-13,297.1,303.15,296.94,302.3
2021-09-10,296.4,298.8,294.55,295.65
2021-09-09,293.4,295.8,291.3,294.7
2021-09-08,297.45,303.25,294.75,298.25
2021-09-07,298.05,301.65,296.85,298.4
2021-09-06,298.7,301.2,296.95,298.45
2021-09-03,299.6,301.95,296.6,296.6
2021-09-02,293.75,301.7,292.55,299.9
2021-09-01,298.1,300.95,294.25,294.25
2021-08-31,299.1,302.4,296.85,296.95
2021-08-27,296.5,303.3,296.2,302.5
2021-08-26,296.65,299.55,295.55,296.55
2021-08-25,299.0,299.8,296.6,298.35
2021-08-24,297.05,300.25,295.8,298.85
2021-08-23,292.0,297.4,291.0,295.0
2021-08-20,287.65,289.35,286.1,287.85
2021-08-19,290.55,294.25,286.7,287.75
2021-08-18,300.95,303.35,299.1,302.65
2021-08-17,294.65,304.6,292.55,302.45
2021-08-16,300.8,301.3,295.35,298.0
2021-08-13,306.3,308.5,303.89,305.35
2021-08-12,309.3,311.05,305.8,306.95
2021-08-11,310.5,312.7,308.0,311.7
2021-08-10,305.2,310.12,302.35,308.9
2021-08-09,305.65,306.4,300.0,305.45
2021-08-06,305.8,308.0,303.0,307.45
2021-08-05,298.45,306.05,297.69,305.75
2021-08-04,307.2,310.65,299.2,303.0
2021-08-03,296.0,307.1,295.65,306.1
2021-08-02,292.2,295.8,289.7,289.75
2021-07-30,292.15,294.11,287.85,289.2
2021-07-29,295.25,299.9,293.15,295.65
2021-07-28,289.3,292.65,288.3,291.8
2021-07-27,295.75,295.75,288.9,291.4
2021-07-26,281.7,293.15,281.0,292.25
2021-07-23,286.0,288.1,282.05,284.1
2021-07-22,290.8,291.75,282.65,284.0
2021-07-21,281.25,291.1,279.6,289.45
2021-07-20,280.9,285.0,275.85,280.15
2021-07-19,286.0,289.2,276.3,278.45
2021-07-16,295.9,361.71,290.25,292.25
2021-07-15,300.7,305.15,293.95,296.05
2021-07-14,305.15,310.6,304.1,304.75
2021-07-13,310.0,311.1,305.15,305.9
2021-07-12,310.45,311.45,305.13,309.15
2021-07-09,307.6,311.25,304.3,310.9
2021-07-08,307.7,309.35,301.2,307.7
2021-07-07,312.6,317.69,305.95,307.7
2021-07-06,327.45,328.5,310.25,310.8
2021-07-05,321.85,324.75,320.25,324.25
2021-07-02,325.0,325.9,321.05,321.4
2021-07-01,318.15,327.2,316.0,324.5
2021-06-30,315.15,318.25,311.2,315.0
2021-06-29,315.05,319.6,313.7,316.0
2021-06-28,325.5,326.95,314.85,315.15
2021-06-25,326.9,329.25,325.5,325.5
2021-06-24,322.0,327.35,321.0,324.3
2021-06-23,323.5,329.8,323.39,324.2
2021-06-22,320.8,323.85,320.05,322.7
2021-06-21,312.6,318.9,308.7,316.85
2021-06-18,322.8,323.4,313.1,315.4
2021-06-17,327.4,334.45,323.7,324.05
2021-06-16,334.45,336.95,328.4,328.95
2021-06-15,331.15,334.6,326.56,332.7
2021-06-14,325.1,334.3,324.75,330.4
2021-06-11,325.25,326.65,322.05,324.3
2021-06-10,323.65,328.26,320.7,323.35
2021-06-09,323.7,326.45,320.7,324.75
2021-06-08,319.3,324.6,316.15,323.2
2021-06-07,319.45,322.3,315.8,319.2
2021-06-04,325.1,325.95,319.4,319.45
2021-06-03,324.0,326.1,317.7,324.1
2021-06-02,316.9,321.75,315.35,321.75
2021-06-01,308.6,316.8,308.2,314.75
2021-05-28,308.1,309.8,304.7,306.15
2021-05-27,309.0,310.1,304.6,306.55
2021-05-26,310.95,312.65,308.25,310.7
2021-05-25,317.25,317.95,310.05,310.05
2021-05-24,314.0,316.4,311.2,316.4
2021-05-21,311.05,314.6,307.55,312.2
2021-05-20,312.0,312.0,305.65,310.3
2021-05-19,310.4,314.4,305.6,308.35
2021-05-18,319.55,322.3,315.4,316.8
2021-05-17,313.9,317.0,308.45,315.4
2021-05-14,308.1,314.0,308.0,313.65
2021-05-13,309.0,327.75,301.48,308.4
2021-05-12,305.15,316.55,303.85,315.3
2021-05-11,311.8,313.55,304.6,304.6
2021-05-10,317.35,319.85,314.15,315.7
2021-05-07,318.05,318.1,309.25,313.55
2021-05-06,316.25,318.75,310.4,314.5
2021-05-05,312.8,319.0,311.55,318.5
2021-05-04,305.9,315.13,305.75,310.15
2021-04-30,303.0,307.45,301.75,303.0
2021-04-29,308.0,308.25,302.0,302.0
2021-04-28,299.75,306.45,298.0,304.5
2021-04-27,307.0,307.45,294.45,295.3
2021-04-26,292.9,297.8,290.25,296.55
2021-04-23,291.15,293.5,289.8,292.1
2021-04-22,296.05,296.95,292.65,295.0
2021-04-21,295.35,299.2,292.3,295.7
2021-04-20,300.95,303.3,290.2,291.75
2021-04-19,300.7,305.74,299.35,300.85
2021-04-16,305.3,307.9,300.75,302.95
2021-04-15,309.45,310.3,302.1,303.5
2021-04-14,298.45,308.7,296.55,308.35
2021-04-13,299.2,299.5,295.45,298.25
2021-04-12,294.85,300.5,291.55,298.4
2021-04-09,298.4,299.55,293.99,295.0
2021-04-08,307.05,308.42,295.55,298.45
2021-04-07,303.35,309.9,299.85,305.45
2021-04-06,295.0,306.1,293.4,299.85
2021-04-01,296.85,296.95,289.8,289.8
2021-03-31,300.0,301.6,294.65,294.65
2021-03-30,301.7,306.55,299.2,301.5
2021-03-29,301.6,304.0,297.19,300.5
2021-03-26,299.3,304.0,297.1,302.65
2021-03-25,300.2,300.35,289.7,293.7
2021-03-24,292.7,302.65,291.61,301.55
2021-03-23,302.45,303.05,294.15,295.75
2021-03-22,303.0,307.8,301.5,307.25
2021-03-19,304.55,309.8,300.65,306.7
2021-03-18,316.35,317.1,309.95,311.95
2021-03-17,309.95,315.6,309.15,313.8
2021-03-16,316.3,317.4,307.75,311.25
2021-03-15,323.4,324.95,314.3,316.15
2021-03-12,318.0,324.1,317.65,323.45
2021-03-11,319.15,321.35,313.05,319.65
2021-03-10,311.0,318.65,309.9,315.0
2021-03-09,319.45,323.85,311.15,315.25
2021-03-08,323.0,324.56,312.5,318.65
2021-03-05,313.1,326.45,311.69,318.8
2021-03-04,305.0,314.45,300.09,313.1
2021-03-03,299.75,304.9,296.3,304.9
2021-03-02,291.8,299.25,289.7,296.6
2021-03-01,298.1,299.95,294.0,297.55
2021-02-26,300.0,300.85,289.05,291.75
2021-02-25,300.1,308.8,300.1,304.55
2021-02-24,284.0,299.4,282.39,298.8
2021-02-23,287.25,291.45,276.85,283.5
2021-02-22,273.1,281.95,268.7,279.95
2021-02-19,265.4,273.55,263.9,272.35
2021-02-18,280.3,281.39,268.5,269.4
2021-02-17,280.5,287.6,275.98,280.6
2021-02-16,281.0,284.55,275.3,278.2
2021-02-15,266.05,279.45,261.8,278.9
2021-02-12,256.85,262.05,254.75,261.8
2021-02-11,259.4,260.5,255.25,257.8
2021-02-10,262.55,263.45,254.0,259.1
2021-02-09,265.5,268.1,257.29,259.7
2021-02-08,253.3,263.9,252.1,261.95
2021-02-05,255.55,258.68,250.5,252.05
2021-02-04,259.15,261.8,253.65,254.95
2021-02-03,255.0,258.9,251.05,258.3
2021-02-02,260.55,263.9,250.35,255.0
2021-02-01,274.25,276.3,266.45,267.1
2021-01-29,272.85,278.4,271.5,271.5
2021-01-28,275.55,282.4,271.8,276.5
2021-01-27,279.2,282.7,273.95,282.35
2021-01-26,279.85,288.25,278.8,282.35
2021-01-25,291.0,291.3,278.3,280.65
2021-01-22,288.8,291.15,283.6,290.0
2021-01-21,302.55,303.15,292.55,293.35
2021-01-20,300.65,303.35,299.17,302.85
2021-01-19,302.15,304.3,299.3,301.25
2021-01-18,298.2,301.0,295.5,300.35
2021-01-15,309.9,311.15,296.6,302.45
2021-01-14,303.25,310.8,302.65,309.25
2021-01-13,307.95,311.95,302.5,303.9
2021-01-12,301.95,309.1,299.25,305.0
2021-01-11,297.2,299.65,292.5,298.8
2021-01-08,296.75,299.3,293.09,298.7
2021-01-07,293.25,297.35,249.75,295.0
2021-01-06,280.0,291.0,275.7,289.8
2021-01-05,255.7,272.5,255.55,272.5
2021-01-04,257.35,267.77,252.8,254.5
2020-12-31,256.05,258.01,253.05,254.8
2020-12-30,262.25,264.0,259.05,259.4
2020-12-29,263.15,508.7,260.95,262.35
2020-12-24,266.0,267.07,262.65,263.0
2020-12-23,258.2,266.2,256.55,265.75
2020-12-22,255.0,263.1,253.3,258.55
2020-12-21,261.85,273.35,250.9,258.05
2020-12-18,269.0,273.45,268.25,271.35
2020-12-17,273.65,275.5,267.8,269.35
2020-12-16,271.95,276.75,267.8,272.6
2020-12-15,268.55,275.5,266.02,270.75
2020-12-14,278.0,282.6,268.55,269.75
2020-12-11,282.8,284.3,273.63,275.25
2020-12-10,273.7,287.05,272.9,284.75
2020-12-09,273.15,280.3,272.1,272.6
2020-12-08,269.3,275.11,268.94,272.6
2020-12-07,276.95,277.6,270.0,273.8
2020-12-04,269.0,277.9,247.7,276.95
2020-12-03,265.3,267.35,259.7,266.5
2020-12-02,251.9,267.35,251.4,267.15
2020-12-01,245.0,258.5,244.0,255.05
2020-11-30,258.8,259.0,247.65,247.65
2020-11-27,258.95,264.6,256.75,262.9
2020-11-26,267.3,268.2,262.0,263.5
2020-11-25,274.0,279.05,264.55,267.55
2020-11-24,258.45,274.8,258.0,274.8
2020-11-23,248.95,254.1,248.1,253.45
2020-11-20,244.05,246.65,243.1,244.4
2020-11-19,245.6,248.95,239.6,243.75
2020-11-18,251.55,255.85,246.8,251.95
2020-11-17,249.6,251.9,243.55,251.7
2020-11-16,239.85,254.0,237.45,250.75
2020-11-13,232.5,239.2,231.65,236.9
2020-11-12,237.35,240.39,233.25,237.8
2020-11-11,245.0,250.77,241.55,243.05
2020-11-10,230.7,249.6,228.17,241.7
2020-11-09,202.25,237.45,200.2,229.95
2020-11-06,200.0,203.4,198.49,199.86
2020-11-05,207.5,207.9,200.55,200.65
2020-11-04,204.9,209.9,202.35,208.75
2020-11-03,211.4,212.15,207.9,209.95
2020-11-02,196.0,205.2,192.07,205.2
2020-10-30,192.2,197.9,191.64,196.6
2020-10-29,191.56,195.46,188.88,193.46
2020-10-28,194.2,194.7,188.52,193.44
2020-10-27,206.1,206.95,195.74,195.74
2020-10-26,201.45,208.95,200.0,200.0
2020-10-23,203.45,208.95,203.0,205.5
2020-10-22,199.02,201.95,194.76,201.4
2020-10-21,207.05,207.2,199.96,199.96
2020-10-20,205.45,208.03,203.15,205.95
2020-10-19,208.3,210.96,204.4,207.75
2020-10-16,209.65,211.35,205.3,209.4
2020-10-15,209.75,209.75,202.85,206.45
2020-10-14,214.0,215.35,210.0,212.65
2020-10-13,218.85,219.38,213.15,213.15
2020-10-12,219.1,221.1,216.9,217.75
2020-10-09,223.05,226.5,221.05,222.1
2020-10-08,218.85,224.47,215.5,220.85
2020-10-07,218.65,220.27,215.6,215.85
2020-10-06,219.6,224.65,216.65,220.35
2020-10-05,219.4,220.2,214.64,217.8
2020-10-02,216.0,216.4,210.8,214.4
2020-10-01,226.65,228.85,216.0,218.2
2020-09-30,228.2,232.95,225.0,225.2
2020-09-29,235.4,235.59,229.25,229.3
2020-09-28,235.25,237.7,233.9,234.45
2020-09-25,234.85,237.95,231.95,233.3
2020-09-24,235.0,239.55,232.3,232.4
2020-09-23,243.2,246.54,238.85,239.2
2020-09-22,238.95,246.95,237.0,242.0
2020-09-21,242.1,242.1,232.5,236.05
2020-09-18,251.75,252.05,244.2,245.75
2020-09-17,254.0,255.8,251.55,252.15
2020-09-16,255.85,259.0,251.1,255.9
2020-09-15,257.25,260.3,254.75,259.0
2020-09-14,265.8,267.05,255.95,257.1
2020-09-11,260.95,263.9,258.57,262.05
2020-09-10,261.15,265.15,256.83,262.25
2020-09-09,258.75,267.32,257.75,262.25
2020-09-08,268.05,271.05,255.09,258.5
2020-09-07,257.35,268.55,256.88,266.65
2020-09-04,257.75,264.95,255.65,257.5
2020-09-03,258.2,263.9,257.5,259.75
2020-09-02,261.3,263.65,257.25,258.0
2020-09-01,263.8,264.0,256.5,259.7
2020-08-28,269.0,270.0,264.15,264.2
2020-08-27,270.8,271.0,266.7,267.25
2020-08-26,271.6,276.0,269.17,270.75
2020-08-25,281.0,286.95,274.1,274.7
2020-08-24,274.85,282.0,272.75,282.0
2020-08-21,277.3,278.2,272.75,273.35
2020-08-20,279.3,281.46,276.75,276.75
2020-08-19,281.25,285.0,279.1,283.7
2020-08-18,288.0,290.25,282.3,283.35
2020-08-17,292.45,295.65,288.55,288.55
2020-08-14,299.45,300.0,290.95,292.65
2020-08-13,303.9,316.95,300.41,301.2
2020-08-12,305.2,313.35,301.7,311.3
2020-08-11,299.15,310.1,298.35,307.55
2020-08-10,290.75,298.25,290.7,295.4
2020-08-07,293.9,294.15,286.1,287.25
2020-08-06,302.0,304.84,291.75,295.25
2020-08-05,304.0,315.15,302.69,306.65
2020-08-04,287.0,304.4,287.0,299.25
2020-08-03,278.25,281.05,272.05,281.05
2020-07-31,282.8,286.45,274.45,275.15
2020-07-30,294.6,296.55,281.2,283.35
2020-07-29,292.1,294.25,289.15,293.8
2020-07-28,296.85,298.75,293.3,293.75
2020-07-27,296.05,297.85,293.21,294.4
2020-07-24,299.3,300.7,295.23,298.1
2020-07-23,304.45,306.65,299.4,299.8
2020-07-22,313.55,317.35,303.85,303.85
2020-07-21,304.1,318.45,302.3,315.95
2020-07-20,305.2,306.4,301.35,303.2
2020-07-17,310.05,312.5,306.75,309.3
2020-07-16,310.75,314.75,309.45,312.45
2020-07-15,308.1,312.45,305.6,310.25
2020-07-14,294.45,304.5,293.9,304.5
2020-07-13,296.2,298.3,293.25,296.65
2020-07-10,286.35,293.3,285.0,290.8
2020-07-09,305.05,305.6,289.1,290.0
2020-07-08,304.45,307.6,302.3,303.45
2020-07-07,309.5,312.3,306.55,308.35
2020-07-06,312.25,317.5,311.75,312.75
2020-07-03,310.1,311.2,304.9,307.55
2020-07-02,310.1,315.4,307.9,313.25
2020-07-01,310.45,313.72,304.25,309.35
2020-06-30,312.7,316.75,304.0,307.2
2020-06-29,303.4,316.91,302.1,314.9
2020-06-26,313.95,316.1,304.6,304.6
2020-06-25,305.1,311.45,301.6,308.6
2020-06-24,319.85,322.95,307.35,307.35
2020-06-23,317.55,326.05,314.6,321.45
2020-06-22,318.15,318.9,311.1,315.45
2020-06-19,316.8,325.95,315.7,321.45
2020-06-18,313.9,316.7,308.9,314.85
2020-06-17,322.85,328.35,315.1,316.75
2020-06-16,322.15,331.8,318.65,321.65
2020-06-15,311.65,358.75,305.95,316.0
2020-06-12,315.75,330.55,312.05,323.05
2020-06-11,333.35,336.95,320.9,320.9
2020-06-10,355.1,357.7,340.3,344.45
2020-06-09,366.8,369.88,351.38,353.05
2020-06-08,364.0,376.54,362.26,365.75
2020-06-05,341.0,362.9,341.0,362.25
2020-06-04,340.0,344.45,333.2,336.2
2020-06-03,332.7,344.47,330.77,339.3
2020-06-02,314.6,329.3,313.6,328.6
2020-06-01,314.5,314.65,304.95,311.0
2020-05-29,308.9,310.15,302.85,305.75
2020-05-28,320.05,322.02,312.45,313.95
2020-05-27,313.3,324.85,310.45,319.45
2020-05-26,319.2,319.95,308.4,309.95
2020-05-22,307.0,313.37,303.2,310.0
2020-05-21,316.3,322.9,311.9,311.9
2020-05-20,310.15,319.44,306.25,318.55
2020-05-19,322.0,322.8,309.35,314.15
2020-05-18,305.45,322.75,296.5,320.8
2020-05-15,302.25,306.25,291.1,296.5
2020-05-14,299.0,302.55,286.1,296.45
2020-05-13,310.95,311.9,301.65,301.65
2020-05-12,312.3,319.9,310.5,313.25
2020-05-11,317.3,321.37,307.85,313.85
2020-05-07,310.25,321.15,307.81,315.9
2020-05-06,317.2,324.05,312.6,313.7
2020-05-05,315.25,325.8,311.6,318.9
2020-05-04,299.5,308.55,293.15,300.6
2020-05-01,307.05,307.35,298.0,298.85
2020-04-30,334.2,343.19,312.3,313.1
2020-04-29,324.0,337.25,322.1,333.5
2020-04-28,320.0,324.7,305.1,322.1
2020-04-27,315.0,318.95,302.8,314.0
2020-04-24,313.45,318.35,305.9,308.6
2020-04-23,314.65,320.0,310.8,317.6
2020-04-22,291.3,313.3,287.55,310.75
2020-04-21,290.1,298.45,284.0,293.15
2020-04-20,302.15,308.2,290.52,302.3
2020-04-17,297.0,306.12,289.84,303.55
2020-04-16,303.5,305.9,286.43,291.95
2020-04-15,323.45,323.45,298.31,299.7
2020-04-14,340.0,340.65,318.35,321.1
2020-04-09,343.2,346.95,328.45,335.75
2020-04-08,330.5,337.7,325.8,335.35
2020-04-07,347.0,353.4,334.2,341.0
2020-04-06,341.15,346.39,328.7,335.85
2020-04-03,344.95,350.45,333.3,337.3
2020-04-02,341.65,370.7,338.1,353.35
2020-04-01,327.0,343.7,323.75,333.7
2020-03-31,326.9,344.2,295.7,344.2
2020-03-30,295.05,337.0,294.35,323.6
2020-03-27,318.4,337.0,296.55,305.5
2020-03-26,325.6,346.95,320.15,337.0
2020-03-25,325.0,349.25,315.0,339.4
2020-03-24,269.0,312.35,266.45,312.35
2020-03-23,239.4,261.1,233.2,256.9
2020-03-20,255.35,266.05,240.7,251.7
2020-03-19,226.9,249.8,222.9,240.75
2020-03-18,250.7,252.0,232.91,233.7
2020-03-17,267.2,267.85,232.05,259.65
2020-03-16,267.15,267.4,249.6,259.35
2020-03-13,286.65,303.79,270.25,276.3
2020-03-12,305.0,306.95,275.0,275.0
2020-03-11,336.3,339.88,315.9,317.15
2020-03-10,333.85,347.47,318.99,328.9
2020-03-09,282.05,342.55,282.05,318.2
2020-03-06,412.3,416.2,394.95,395.2
2020-03-05,423.4,425.93,415.0,416.7
2020-03-04,418.35,425.95,414.37,422.65
2020-03-03,419.0,426.1,409.92,414.95
2020-03-02,414.65,415.0,396.2,411.25
2020-02-28,398.6,402.35,385.25,396.15
2020-02-27,418.35,428.4,406.55,414.15
2020-02-26,425.55,430.3,421.7,428.4
2020-02-25,441.4,461.3,426.75,428.7
2020-02-24,443.05,445.95,435.35,438.25
2020-02-21,459.8,462.6,452.15,453.55
2020-02-20,467.0,469.57,462.2,466.2
2020-02-19,463.0,464.45,457.95,462.8
2020-02-18,458.8,461.5,450.0,457.5
2020-02-17,461.45,464.4,458.85,461.0
2020-02-14,462.6,467.35,456.85,456.85
2020-02-13,466.25,470.0,456.35,459.95
2020-02-12,472.6,478.05,465.95,474.6
2020-02-11,469.45,476.35,468.8,469.7
2020-02-10,469.05,470.6,463.95,464.6
2020-02-07,474.0,474.0,465.85,470.0
2020-02-06,488.5,489.95,475.0,475.0
2020-02-05,467.6,485.2,466.1,484.3
2020-02-04,469.0,474.3,464.2,471.55
2020-02-03,459.0,460.35,452.7,452.7
2020-01-31,470.6,471.25,453.95,456.7
2020-01-30,472.0,473.15,464.0,467.1
2020-01-29,482.25,484.52,477.8,477.9
2020-01-28,479.3,482.85,477.4,481.75
2020-01-27,480.9,482.7,474.7,476.95
2020-01-24,487.0,489.6,483.55,486.1
2020-01-23,480.0,483.15,475.75,482.15
2020-01-22,491.0,491.7,480.2,480.5
2020-01-21,492.0,492.2,487.0,490.35
2020-01-20,499.6,500.1,492.1,493.5
2020-01-17,497.25,499.9,494.43,496.4
2020-01-16,496.5,502.1,495.18,497.85
2020-01-15,496.85,499.71,494.25,495.2
2020-01-14,495.8,498.15,493.25,495.9
2020-01-13,496.2,499.5,493.25,497.1
2020-01-10,498.0,499.5,493.8,495.25
2020-01-09,493.3,497.05,489.76,492.05
2020-01-08,501.5,501.92,492.4,494.3
2020-01-07,505.0,505.5,498.65,498.8
2020-01-06,500.0,508.43,494.1,504.1
2020-01-03,486.2,494.95,485.13,494.05
2020-01-02,475.1,483.77,475.1,480.85
2019-12-31,475.1,478.07,471.6,471.6
2019-12-30,481.6,484.17,478.5,478.5
2019-12-27,491.5,493.55,483.95,483.95
2019-12-24,490.15,491.58,487.7,487.7
2019-12-23,485.7,490.15,483.3,489.05
2019-12-20,482.9,487.15,481.3,485.05
2019-12-19,482.0,484.55,479.0,483.65
2019-12-18,475.3,483.0,474.65,479.3
2019-12-17,468.5,479.55,468.08,478.85
2019-12-16,462.0,471.1,461.94,468.0
2019-12-13,462.8,473.0,4.69,462.45
2019-12-12,463.05,472.15,462.35,469.35
2019-12-11,469.4,472.8,463.05,463.25
2019-12-10,471.2,471.2,463.7,469.3
2019-12-09,471.5,474.6,468.22,471.25
2019-12-06,465.05,474.27,464.55,473.1
2019-12-05,473.35,474.1,464.85,465.35
2019-12-04,470.05,474.3,468.85,472.35
2019-12-03,480.0,480.9,468.8,470.05
2019-12-02,482.5,488.6,481.0,481.75
2019-11-29,485.0,487.45,480.2,480.2
2019-11-28,487.05,489.35,485.32,486.1
2019-11-27,495.95,497.35,489.35,489.35
2019-11-26,501.0,501.0,493.1,493.1
2019-11-25,500.1,503.7,497.5,500.3
2019-11-22,500.0,504.8,499.0,499.0
2019-11-21,493.05,498.65,490.35,497.25
2019-11-20,499.6,499.75,491.2,497.1
2019-11-19,503.0,510.4,500.8,501.9
2019-11-18,507.9,508.6,501.8,501.8
2019-11-15,507.2,510.5,502.5,508.9
2019-11-14,511.0,512.4,505.86,506.3
2019-11-13,506.8,512.04,505.8,510.8
2019-11-12,508.0,513.5,506.4,511.9
2019-11-11,507.3,508.4,499.95,506.7
2019-11-08,510.8,512.2,506.3,508.6
2019-11-07,508.7,513.9,505.3,513.9
2019-11-06,514.3,517.4,511.3,514.1
2019-11-05,511.8,521.5,510.7,516.4
2019-11-04,500.2,513.2,498.5,511.1
2019-11-01,489.7,498.75,489.5,497.1
2019-10-31,493.35,498.92,487.4,489.3
2019-10-30,494.05,502.42,492.1,500.6
2019-10-29,513.0,514.0,487.65,492.55
2019-10-28,513.0,518.5,508.23,512.0
2019-10-25,510.1,512.7,508.1,512.0
2019-10-24,506.8,513.6,505.2,510.0
2019-10-23,497.35,506.41,497.35,506.4
2019-10-22,491.6,501.5,490.4,499.15
2019-10-21,482.9,492.0,481.45,490.0
2019-10-18,488.3,489.45,483.95,485.05
2019-10-17,486.1,492.7,485.3,488.25
2019-10-16,488.65,492.9,485.3,486.2
2019-10-15,495.35,495.35,486.3,490.2
2019-10-14,494.05,503.9,486.29,492.75
2019-10-11,500.4,504.7,486.29,493.55
2019-10-10,505.2,510.3,502.0,502.0
2019-10-09,502.1,509.14,500.4,506.3
2019-10-08,502.0,507.6,500.9,501.6
2019-10-07,494.6,504.3,491.5,502.3
2019-10-04,491.1,496.05,486.15,494.9
2019-10-03,491.75,492.9,479.55,484.9
2019-10-02,512.0,513.6,492.0,492.0
2019-10-01,516.5,519.0,513.6,514.2
2019-09-30,518.1,521.0,513.9,515.8
2019-09-27,516.2,522.9,513.1,519.3
2019-09-26,513.9,520.93,509.9,514.3
2019-09-25,505.3,509.7,504.4,508.7
2019-09-24,518.9,537.0,508.16,511.1
2019-09-23,521.7,523.1,515.8,518.9
2019-09-20,514.9,523.0,512.7,521.0
2019-09-19,512.1,523.3,509.9,516.9
2019-09-18,513.1,518.47,512.3,515.1
2019-09-17,527.2,532.6,513.9,517.0
2019-09-16,527.9,532.4,520.81,524.6
2019-09-13,502.1,505.9,501.27,504.01
2019-09-12,509.1,509.8,499.6,504.0
2019-09-11,510.1,515.8,507.03,512.1
2019-09-10,502.6,514.0,501.8,512.7
2019-09-09,504.7,508.2,500.5,504.8
2019-09-06,503.0,505.5,497.15,501.0
2019-09-05,505.1,509.0,502.9,507.0
2019-09-04,504.5,507.4,501.1,507.0
2019-09-03,506.0,507.7,501.5,502.9
2019-09-02,500.0,505.4,499.2,503.8
2019-08-30,499.5,509.84,498.0,500.2
2019-08-29,497.25,504.2,496.35,502.9
2019-08-28,494.65,501.5,491.4,498.75
2019-08-27,489.9,494.5,488.05,488.05
2019-08-23,494.35,495.15,486.45,488.0
2019-08-22,498.0,499.91,491.5,494.45
2019-08-21,496.85,501.0,493.35,498.85
2019-08-20,501.7,502.35,493.35,493.35
2019-08-19,496.05,500.94,493.15,500.1
2019-08-16,494.6,496.05,452.38,490.2
2019-08-15,498.55,499.1,485.35,489.7
2019-08-14,509.9,510.4,494.5,498.0
2019-08-13,502.1,509.9,498.55,506.9
2019-08-12,502.8,506.5,500.6,500.8
2019-08-09,507.8,508.0,501.3,502.9
2019-08-08,505.2,510.1,500.0,502.9
2019-08-07,509.5,514.3,502.7,505.6
2019-08-06,515.1,515.6,507.0,507.0
2019-08-05,519.3,521.9,508.6,515.6
2019-08-02,533.1,533.1,523.5,526.9
2019-08-01,542.5,544.2,535.4,538.7
2019-07-31,556.2,556.2,543.1,545.7
2019-07-30,546.0,547.0,532.42,543.2
2019-07-29,522.1,532.0,521.2,527.0
2019-07-26,524.6,526.0,521.0,523.0
2019-07-25,522.6,526.9,520.3,523.6
2019-07-24,529.3,530.2,521.5,523.5
2019-07-23,528.5,532.5,523.6,527.3
2019-07-22,521.0,527.9,520.5,523.0
2019-07-19,518.0,521.6,516.1,517.7
2019-07-18,525.0,525.1,515.3,515.7
2019-07-17,536.0,536.3,527.9,528.0
2019-07-16,539.5,544.3,537.0,543.6
2019-07-15,546.1,546.6,542.0,542.1
2019-07-12,547.4,548.8,544.8,546.0
2019-07-11,549.0,552.0,545.5,545.8
2019-07-10,546.3,549.5,543.4,545.7
2019-07-09,548.5,548.8,543.8,546.4
2019-07-08,543.9,547.7,542.2,545.9
2019-07-05,545.2,548.6,541.4,542.5
2019-07-04,547.9,551.6,545.0,545.9
2019-07-03,554.1,555.2,545.0,546.3
2019-07-02,561.8,563.0,555.9,555.9
2019-07-01,557.7,562.6,555.3,557.9
2019-06-28,548.8,551.1,546.3,548.6
2019-06-27,552.7,556.6,548.7,550.7
2019-06-26,553.3,557.1,551.1,554.5
2019-06-25,550.5,553.9,548.0,551.0
2019-06-24,556.2,559.0,549.8,550.3
2019-06-21,548.1,561.8,547.6,556.2
2019-06-20,544.5,553.0,541.8,549.3
2019-06-19,549.0,550.0,541.4,541.6
2019-06-18,534.5,548.3,534.0,545.9
2019-06-17,540.1,541.4,532.7,536.0
2019-06-14,540.5,540.8,535.7,538.9
2019-06-13,540.1,545.0,538.1,539.0
2019-06-12,550.1,553.9,539.6,540.8
2019-06-11,555.3,558.7,555.0,557.0
2019-06-10,554.6,556.5,552.2,555.5
2019-06-07,547.4,554.5,545.5,551.8
2019-06-06,541.5,545.5,540.0,543.5
2019-06-05,543.4,548.9,537.1,537.6
2019-06-04,540.9,545.0,536.8,544.6
2019-06-03,536.8,544.8,532.1,544.0
2019-05-31,537.0,541.2,534.5,540.1
2019-05-30,542.9,547.2,541.0,541.3
2019-05-29,544.0,544.6,537.0,541.3
2019-05-28,545.9,549.6,544.7,545.5
2019-05-24,543.5,550.0,542.6,544.5
2019-05-23,554.0,556.8,541.8,544.1
2019-05-22,563.0,565.8,559.4,560.5
2019-05-21,561.8,564.7,558.4,560.1
2019-05-20,557.9,562.7,554.0,557.2
2019-05-17,549.7,556.8,548.2,556.0
2019-05-16,540.0,549.7,538.1,549.7
2019-05-15,535.9,540.5,531.4,539.4
2019-05-14,529.0,537.8,526.5,534.6
2019-05-13,525.0,532.1,524.6,526.3
2019-05-10,531.0,531.7,523.9,524.2
2019-05-09,530.0,531.1,525.2,525.5
2019-05-08,533.3,540.0,532.7,538.3
2019-05-07,542.4,545.9,532.4,533.2
2019-05-03,545.5,554.1,544.5,548.1
2019-05-02,552.3,552.8,545.3,547.5
2019-05-01,560.7,562.3,549.8,552.0
2019-04-30,555.7,563.9,552.0,559.0
2019-04-29,556.6,557.3,549.9,552.5
2019-04-26,567.3,567.8,554.1,556.1
2019-04-25,567.4,570.2,562.6,569.3
2019-04-24,580.5,582.8,568.2,570.2
2019-04-23,575.0,583.4,571.6,582.5
2019-04-18,568.7,572.1,566.4,567.7
2019-04-17,570.5,573.6,566.5,572.0
2019-04-16,566.0,571.3,564.9,568.1
2019-04-15,571.6,572.5,567.4,569.9
2019-04-12,576.9,578.4,567.7,570.6
2019-04-11,574.9,577.5,570.8,572.6
2019-04-10,575.0,579.6,573.1,576.2
2019-04-09,576.1,580.8,572.3,574.0
2019-04-08,568.5,578.2,566.9,578.2
2019-04-05,560.8,569.0,560.8,568.6
2019-04-04,556.6,560.5,552.2,559.6
2019-04-03,562.2,564.1,559.3,560.3
2019-04-02,559.1,565.8,559.1,563.8
2019-04-01,558.4,563.7,557.4,559.2
2019-03-29,553.1,559.3,553.1,558.5
2019-03-28,546.0,553.5,544.2,550.6
2019-03-27,551.5,553.0,542.5,545.8
2019-03-26,549.4,555.4,546.2,550.6
2019-03-25,549.1,553.6,546.1,548.2
2019-03-22,563.1,563.5,549.1,552.1
2019-03-21,557.9,565.5,557.9,563.8
2019-03-20,556.1,560.1,552.5,556.2
2019-03-19,552.8,561.5,552.3,558.5
2019-03-18,546.9,554.0,543.9,554.0
2019-03-15,552.0,554.1,544.5,544.5
2019-03-14,547.4,554.1,546.6,549.9
2019-03-13,536.6,547.8,534.2,547.8
2019-03-12,535.1,538.2,528.1,536.6
2019-03-11,537.6,538.7,534.5,535.6
2019-03-08,535.6,537.8,529.9,534.3
2019-03-07,536.7,543.0,535.1,540.7
2019-03-06,536.9,540.0,536.1,538.0
2019-03-05,537.5,540.1,534.7,538.3
2019-03-04,535.0,537.4,532.5,536.1
2019-03-01,535.9,535.9,532.2,533.0
2019-02-28,532.0,534.4,529.1,534.4
2019-02-27,530.0,534.0,528.8,534.0
2019-02-26,534.1,534.3,527.0,533.0
2019-02-25,540.7,543.9,536.7,537.0
2019-02-22,536.7,542.8,535.1,537.1
2019-02-21,537.9,539.3,532.8,538.9
2019-02-20,538.3,540.7,535.6,539.4
2019-02-19,538.1,541.9,535.4,536.8
2019-02-18,544.4,544.4,536.9,538.0
2019-02-15,540.8,548.0,539.0,543.5
2019-02-14,545.9,548.0,540.1,540.9
2019-02-13,548.3,552.5,544.7,551.2
2019-02-12,548.5,549.5,544.2,545.2
2019-02-11,547.6,550.6,542.8,544.3
2019-02-08,545.0,548.2,541.7,544.0
2019-02-07,554.5,558.6,547.1,547.3
2019-02-06,550.0,556.2,542.0,554.0
2019-02-05,539.0,548.8,536.5,547.0
2019-02-04,522.1,529.2,516.3,520.1
2019-02-01,517.8,522.3,515.2,521.5
2019-01-31,519.9,524.9,515.0,520.1
2019-01-30,507.5,513.5,506.6,511.4
2019-01-29,499.0,504.4,496.0,503.0
2019-01-28,503.0,504.8,494.1,494.9
2019-01-25,511.9,514.5,505.9,506.9
2019-01-24,510.0,512.6,504.2,511.9
2019-01-23,511.5,515.0,506.3,508.5
2019-01-22,520.3,520.3,509.6,512.6
2019-01-21,525.3,525.9,519.9,522.1
2019-01-18,515.0,524.1,511.7,523.3
2019-01-17,513.3,516.9,508.3,511.0
2019-01-16,520.9,523.4,511.3,516.0
2019-01-15,524.7,527.7,518.9,522.7
2019-01-14,516.7,523.7,514.2,520.8
2019-01-11,528.9,534.6,519.6,521.2
2019-01-10,522.1,527.0,518.7,527.0
2019-01-09,527.8,527.8,520.8,522.9
2019-01-08,521.7,528.2,519.8,519.8
2019-01-07,524.4,524.4,514.1,520.8
2019-01-04,517.1,524.5,514.9,520.8
2019-01-03,501.1,514.4,500.5,508.7
2019-01-02,491.5,509.6,485.95,507.3
2018-12-31,504.3,505.4,495.95,495.95
2018-12-28,492.95,505.7,491.85,502.7
2018-12-27,503.9,503.9,481.35,485.85
2018-12-24,491.7,498.9,491.7,498.9
2018-12-21,489.0,495.2,485.85,495.2
2018-12-20,493.4,498.25,489.85,492.4
2018-12-19,493.8,504.4,490.0,502.5
2018-12-18,504.0,505.8,496.7,497.3
2018-12-17,512.1,514.3,504.3,508.6
2018-12-14,510.0,518.2,505.0,512.7
2018-12-13,511.3,514.2,503.9,514.2
2018-12-12,519.3,523.0,514.7,516.5
2018-12-11,514.1,524.6,511.0,516.8
2018-12-10,509.3,517.4,508.9,509.1
2018-12-07,507.0,525.5,505.6,514.8
2018-12-06,525.1,525.1,500.1,503.3
2018-12-05,533.7,533.8,525.6,527.0
2018-12-04,534.4,537.8,530.0,537.0
2018-12-03,543.7,544.7,529.2,532.0
2018-11-30,523.6,525.2,518.0,520.0
2018-11-29,521.7,528.2,517.4,522.1
2018-11-28,527.5,529.7,520.2,523.6
2018-11-27,522.6,527.1,519.1,524.3
2018-11-26,522.0,526.3,518.8,524.8
2018-11-23,524.3,528.2,507.0,512.6
2018-11-22,534.0,534.0,523.1,525.2
2018-11-21,519.1,531.6,518.1,530.7
2018-11-20,522.9,526.5,514.5,519.0
2018-11-19,527.2,527.6,522.4,522.7
2018-11-16,530.4,534.9,523.2,524.9
2018-11-15,513.3,527.1,513.3,527.0
2018-11-14,505.1,518.0,501.8,512.1
2018-11-13,525.0,526.8,506.1,513.5
2018-11-12,534.9,538.8,528.1,528.1
2018-11-09,523.0,524.9,516.6,523.9
2018-11-08,542.3,542.4,527.3,529.0
2018-11-07,542.0,553.0,537.1,544.3
2018-11-06,543.3,544.8,538.0,539.6
2018-11-05,534.3,544.3,526.6,542.1
2018-11-02,547.0,550.2,533.1,533.3
2018-11-01,560.4,562.0,536.9,541.5
2018-10-31,554.4,570.9,553.1,567.3
2018-10-30,553.0,560.8,539.0,546.0
2018-10-29,529.2,539.7,529.1,535.2
2018-10-26,534.0,534.0,514.6,528.1
2018-10-25,526.0,536.1,523.5,535.5
2018-10-24,535.4,544.4,531.3,532.9
2018-10-23,543.2,546.8,530.9,533.2
2018-10-22,559.8,560.3,550.3,550.8
2018-10-19,556.0,565.9,554.3,557.5
2018-10-18,556.4,560.3,549.7,554.5
2018-10-17,566.3,567.2,554.0,558.3
2018-10-16,557.7,560.6,549.8,560.1
2018-10-15,560.1,564.3,555.2,559.4
2018-10-12,561.2,561.7,556.5,558.0
2018-10-11,560.1,564.3,550.9,554.4
2018-10-10,581.1,584.4,566.6,569.2
2018-10-09,580.0,584.2,575.5,579.0
2018-10-08,584.5,585.3,575.7,576.6
2018-10-05,595.7,596.8,587.3,588.5
2018-10-04,598.5,603.2,595.4,598.3
2018-10-03,602.0,602.0,594.5,597.9
2018-10-02,595.2,600.2,594.2,597.0
2018-10-01,591.0,597.3,586.5,595.3
2018-09-28,591.0,596.9,585.9,589.3
2018-09-27,589.4,595.1,588.4,593.3
2018-09-26,585.6,586.4,581.5,586.0
2018-09-25,571.7,587.4,571.6,586.7
2018-09-24,569.0,574.7,568.7,570.1
2018-09-21,558.2,570.8,557.3,567.0
2018-09-20,554.6,557.1,551.4,555.5
2018-09-19,551.3,554.9,547.45,553.4
2018-09-18,547.8,551.9,544.6,550.1
2018-09-17,550.3,552.1,546.8,548.7
2018-09-14,550.3,551.7,548.0,550.4
2018-09-13,551.3,554.4,547.5,549.0
2018-09-12,545.1,554.4,544.9,552.9
2018-09-11,541.7,544.0,534.2,544.0
2018-09-10,539.2,540.9,535.2,538.5
2018-09-07,542.3,542.4,531.0,536.9
2018-09-06,547.8,550.9,540.6,541.2
2018-09-05,555.5,556.1,543.7,546.3
2018-09-04,555.2,556.3,552.9,552.9
2018-09-03,549.6,556.0,549.6,553.7
2018-08-31,555.7,556.0,547.3,547.3
2018-08-30,553.0,558.1,550.9,556.5
2018-08-29,559.0,561.0,552.2,554.6
2018-08-28,566.2,567.4,559.3,559.7
2018-08-24,557.5,564.8,557.5,563.7
2018-08-23,554.4,559.4,553.8,557.5
2018-08-22,547.8,555.8,547.3,554.6
2018-08-21,552.0,554.6,548.2,551.6
2018-08-20,550.1,555.5,549.4,551.9
2018-08-17,548.0,552.3,545.6,548.6
2018-08-16,548.9,550.2,544.9,548.6
2018-08-15,555.8,556.8,542.0,545.0
2018-08-14,559.5,560.7,555.3,555.3
2018-08-13,557.7,561.0,556.0,558.3
2018-08-10,562.0,562.0,555.5,556.0
2018-08-09,570.8,572.0,564.4,564.4
2018-08-08,578.0,583.0,574.3,576.7
2018-08-07,569.3,579.4,569.1,576.3
2018-08-06,561.1,568.7,561.1,566.8
2018-08-03,559.8,562.5,556.9,560.5
2018-08-02,561.0,562.9,551.3,556.2
2018-08-01,577.2,577.2,561.8,563.2
2018-07-31,560.3,574.9,560.3,573.3
2018-07-30,563.5,571.5,562.4,565.5
2018-07-27,563.0,570.0,550.9,567.3
2018-07-26,568.1,568.9,558.9,564.5
2018-07-25,569.1,570.0,560.7,566.0
2018-07-24,564.0,571.3,560.4,568.1
2018-07-23,565.1,569.8,563.0,566.9
2018-07-20,566.1,570.9,562.9,567.3
2018-07-19,564.9,571.6,560.8,569.9
2018-07-18,562.8,567.6,558.1,562.2
2018-07-17,559.7,561.8,553.9,560.2
2018-07-16,571.3,572.1,555.42,557.5
2018-07-13,571.2,574.2,566.6,570.8
2018-07-12,570.0,573.8,567.2,571.4
2018-07-11,584.4,584.4,569.7,570.7
2018-07-10,586.9,593.5,584.6,589.5
2018-07-09,582.3,586.1,572.6,584.6
2018-07-06,581.7,582.4,571.1,579.1
2018-07-05,580.1,588.9,579.1,582.5
2018-07-04,581.9,583.4,576.8,580.0
2018-07-03,577.4,588.3,574.5,581.4
2018-07-02,573.3,577.3,569.2,573.2
2018-06-29,585.0,585.1,576.8,578.3
2018-06-28,580.8,584.4,576.4,582.5
2018-06-27,569.0,585.3,567.4,582.3
2018-06-26,559.7,567.9,557.1,563.4
2018-06-25,572.0,572.6,556.0,557.0
2018-06-22,560.7,580.5,555.7,576.6
2018-06-21,566.1,567.1,558.2,559.5
2018-06-20,574.8,578.0,562.7,564.4
2018-06-19,567.1,571.8,565.2,570.7
2018-06-18,564.2,573.6,559.4,571.8
2018-06-15,582.8,585.0,565.0,565.0
2018-06-14,570.6,586.5,568.9,585.5
2018-06-13,575.3,580.1,571.5,573.3
2018-06-12,588.5,589.0,578.5,578.5
2018-06-11,586.9,590.0,583.4,586.6
2018-06-08,586.0,591.0,581.0,583.8
2018-06-07,581.9,589.6,575.0,589.6
2018-06-06,579.3,581.9,572.6,576.9
2018-06-05,576.2,583.6,569.2,577.0
2018-06-04,578.8,579.6,576.4,578.9
2018-06-01,576.8,581.2,575.2,576.7
2018-05-31,573.5,576.7,570.2,576.3
2018-05-30,559.6,573.5,559.6,573.5
2018-05-29,547.6,559.6,541.5,559.2
2018-05-25,567.4,568.3,551.0,555.1
2018-05-24,577.3,578.9,564.5,566.5
2018-05-23,582.6,583.3,572.2,577.0
2018-05-22,592.0,593.3,584.8,588.4
2018-05-21,588.0,593.2,585.8,592.8
2018-05-18,582.5,587.0,581.0,586.3
2018-05-17,576.2,584.0,576.1,584.0
2018-05-16,577.5,581.8,574.1,575.9
2018-05-15,569.0,580.3,566.7,577.2
2018-05-14,564.6,573.0,560.4,570.5
2018-05-11,566.0,567.8,561.3,564.5
2018-05-10,571.3,571.6,559.4,564.0
2018-05-09,559.9,572.4,558.5,572.0
2018-05-08,558.1,559.3,549.0,550.4
2018-05-04,547.8,558.1,547.0,558.1
2018-05-03,549.6,551.3,542.2,543.9
2018-05-02,547.0,550.7,545.5,547.4
2018-05-01,545.1,550.1,541.1,547.7
2018-04-30,536.5,538.0,530.2,538.0
2018-04-27,534.4,537.9,531.7,537.4
2018-04-26,526.6,536.2,525.8,535.3
2018-04-25,526.7,527.8,519.2,524.0
2018-04-24,528.3,533.9,526.2,533.6
2018-04-23,517.4,521.7,516.2,521.6
2018-04-20,518.5,519.6,513.2,518.2
2018-04-19,512.5,516.6,509.5,516.5
2018-04-18,498.0,510.4,497.4,509.6
2018-04-17,501.0,501.4,495.65,496.7
2018-04-16,500.8,501.2,493.83,496.35
2018-04-13,506.0,506.0,498.95,504.3
2018-04-12,506.4,507.9,501.6,504.5
2018-04-11,503.3,508.5,502.0,505.9
2018-04-10,495.55,505.2,493.25,505.2
2018-04-09,498.5,499.9,488.2,493.55
2018-04-06,499.2,502.5,496.05,498.4
2018-04-05,492.55,499.8,486.9,499.8
2018-04-04,481.4,483.3,478.5,481.8
2018-04-03,478.05,482.55,475.8,479.5
2018-03-29,472.95,482.4,471.1,479.25
2018-03-28,470.1,473.8,465.85,471.4
2018-03-27,475.9,478.3,473.05,475.35
2018-03-26,464.9,473.65,463.95,469.55
2018-03-23,460.6,465.6,457.35,462.45
2018-03-22,469.75,471.45,460.1,463.3
2018-03-21,465.65,473.2,460.3,472.7
2018-03-20,463.0,465.65,456.45,463.9
2018-03-19,472.3,472.3,459.5,459.75
2018-03-16,463.8,473.75,463.8,473.75
2018-03-15,466.45,467.55,463.3,464.55
2018-03-14,473.45,474.75,463.9,464.75
2018-03-13,479.65,483.0,473.2,474.0
2018-03-12,479.15,479.8,475.25,477.95
2018-03-09,475.7,479.4,474.5,478.2
2018-03-08,471.1,475.85,471.1,475.0
2018-03-07,470.25,475.2,470.0,471.6
2018-03-06,473.0,477.65,473.0,473.15
2018-03-05,464.7,470.15,463.9,470.15
2018-03-02,470.75,473.0,464.1,464.1
2018-03-01,473.25,476.55,467.8,473.6
2018-02-28,475.1,482.05,475.1,475.15
2018-02-27,480.85,482.6,476.85,478.2
2018-02-26,482.0,482.9,477.95,480.85
2018-02-23,472.0,476.5,468.8,476.1
2018-02-22,468.9,474.4,466.4,473.9
2018-02-21,473.75,474.95,470.0,472.2
2018-02-20,476.45,478.4,473.45,475.0
2018-02-19,474.65,478.35,473.15,474.05
2018-02-16,473.3,474.65,470.3,473.4
2018-02-15,472.65,478.05,467.1,469.75
2018-02-14,477.0,478.5,472.25,474.9
2018-02-13,477.2,480.6,474.85,475.95
2018-02-12,476.9,482.15,474.25,478.8
2018-02-09,477.95,479.35,466.8,470.05
2018-02-08,482.7,483.65,477.0,481.1
2018-02-07,485.55,490.85,476.85,485.0
2018-02-06,457.95,486.1,452.5,475.0
2018-02-05,484.55,489.45,475.0,482.05
2018-02-02,504.3,505.7,489.05,489.45
2018-02-01,506.6,509.3,500.8,501.5
2018-01-31,507.7,508.1,500.4,501.1
2018-01-30,510.4,514.4,506.2,507.9
2018-01-29,515.1,518.6,513.0,515.6
2018-01-26,517.8,518.7,514.8,516.3
2018-01-25,515.5,520.8,515.3,516.7
2018-01-24,516.1,520.7,514.1,515.5
2018-01-23,518.1,518.1,514.7,515.7
2018-01-22,511.1,516.5,510.3,515.8
2018-01-19,515.2,515.6,507.7,509.9
2018-01-18,516.8,519.7,513.2,516.5
2018-01-17,516.0,519.3,512.5,516.3
2018-01-16,525.0,528.3,516.1,518.3
2018-01-15,533.6,534.1,531.0,532.7
2018-01-12,532.2,536.2,528.8,534.8
2018-01-11,529.8,534.0,528.6,533.0
2018-01-10,528.4,531.7,528.1,530.5
2018-01-09,527.6,529.4,524.6,528.0
2018-01-08,529.4,530.3,526.9,527.4
2018-01-05,530.0,531.3,526.7,529.6
2018-01-04,529.1,530.6,527.2,530.0
2018-01-03,519.2,525.6,518.8,524.2
2018-01-02,524.2,524.3,514.3,517.5
2017-12-29,517.5,523.5,517.4,522.7
2017-12-28,519.2,519.7,516.9,518.6
2017-12-27,518.2,520.1,517.3,518.7
2017-12-22,518.9,519.0,514.9,517.2
2017-12-21,508.5,520.2,508.5,519.5
2017-12-20,508.0,509.8,504.9,508.7
2017-12-19,508.6,511.9,507.3,507.8
2017-12-18,506.6,510.3,502.7,509.7
2017-12-15,505.1,506.7,501.9,505.2
2017-12-14,505.0,507.8,503.7,504.0
2017-12-13,509.7,511.6,505.35,507.7
2017-12-12,499.8,511.1,499.8,511.0
2017-12-11,492.35,499.75,492.2,498.7
2017-12-08,488.0,493.4,482.65,492.75
2017-12-07,493.25,494.85,487.95,488.2
2017-12-06,490.35,496.15,490.35,494.25
2017-12-05,493.05,495.65,491.2,491.75
2017-12-04,495.3,496.35,490.35,493.0
2017-12-01,492.95,496.0,490.35,492.0
2017-11-30,493.0,495.8,489.1,489.1
2017-11-29,497.5,500.4,492.75,494.5
2017-11-28,495.3,503.3,495.3,501.4
2017-11-27,500.0,503.2,496.2,496.2
2017-11-24,501.4,501.7,497.45,501.3
2017-11-23,497.2,501.9,495.35,500.9
2017-11-22,497.0,499.55,495.35,497.85
2017-11-21,492.15,498.15,491.45,494.3
2017-11-20,490.8,494.8,490.0,492.0
2017-11-17,490.15,495.05,488.05,493.1
2017-11-16,497.6,500.2,490.45,491.15
2017-11-15,499.75,500.7,493.15,495.0
2017-11-14,506.0,508.0,502.0,503.0
2017-11-13,508.6,516.85,506.72,506.9
2017-11-10,516.0,517.5,506.9,506.9
2017-11-09,518.6,520.6,514.2,514.6
2017-11-08,525.0,525.9,521.5,524.1
2017-11-07,524.9,529.0,522.6,524.7
2017-11-06,516.5,522.2,515.2,521.1
2017-11-03,518.5,521.3,514.4,516.8
2017-11-02,512.6,519.6,509.6,518.1
2017-11-01,519.9,519.9,512.1,514.0
2017-10-31,522.0,522.22,501.52,510.2
2017-10-30,497.9,504.35,496.77,501.6
2017-10-27,488.15,497.9,488.15,497.9
2017-10-26,488.1,491.0,486.98,490.0
2017-10-25,494.4,495.6,486.6,487.75
2017-10-24,489.1,497.7,489.1,496.25
2017-10-23,490.6,492.5,487.0,490.95
2017-10-20,492.55,493.95,489.72,491.9
2017-10-19,488.75,492.35,486.9,492.15
2017-10-18,490.65,494.24,487.25,488.0
2017-10-17,491.95,494.7,489.35,490.6
2017-10-16,491.8,494.3,491.15,491.5
2017-10-13,490.65,496.92,489.99,490.8
2017-10-12,489.8,491.8,488.17,491.45
2017-10-11,490.05,491.8,487.8,488.65
2017-10-10,487.1,491.64,485.7,489.95
2017-10-09,487.1,488.32,482.99,486.3
2017-10-06,490.0,490.95,486.6,488.15
2017-10-05,485.0,490.4,484.85,490.4
2017-10-04,485.65,487.1,483.1,485.75
2017-10-03,480.75,486.7,480.75,486.4
2017-10-02,480.05,481.65,477.1,480.0
2017-09-29,477.35,480.6,475.2,477.3
2017-09-28,472.95,476.85,471.0,476.05
2017-09-27,472.0,473.95,468.7,473.05
2017-09-26,473.85,476.1,470.11,471.55
2017-09-25,464.1,473.85,463.3,472.4
2017-09-22,463.35,468.65,461.15,466.6
2017-09-21,461.15,463.7,460.0,463.5
2017-09-20,456.25,459.4,454.05,459.4
2017-09-19,450.95,457.4,450.65,456.1
2017-09-18,450.5,454.65,449.45,450.8
2017-09-15,450.4,451.35,445.1,448.25
2017-09-14,453.0,457.65,450.15,451.7
2017-09-13,447.3,454.35,446.6,452.35
2017-09-12,450.05,450.15,446.2,448.9
2017-09-11,448.4,450.9,445.65,449.1
2017-09-08,449.9,450.85,445.3,446.1
2017-09-07,448.3,451.88,447.21,449.9
2017-09-06,445.0,448.15,441.05,446.75
2017-09-05,447.0,449.85,445.31,446.7
2017-09-04,443.1,448.17,442.48,446.45
2017-09-01,447.15,448.3,442.8,444.75
2017-08-31,442.8,446.7,440.75,445.15
2017-08-30,442.15,444.15,440.0,441.9
2017-08-29,446.05,446.05,437.15,440.4
2017-08-25,445.6,449.82,444.35,445.5
2017-08-24,445.4,448.96,442.33,443.15
2017-08-23,442.65,444.85,440.49,444.5
2017-08-22,441.65,449.99,441.3,442.2
2017-08-21,440.7,442.95,437.95,440.15
2017-08-18,441.75,443.1,438.25,440.0
2017-08-17,443.3,447.5,442.35,443.2
2017-08-16,446.6,449.65,445.25,445.45
2017-08-15,446.05,449.0,443.25,444.1
2017-08-14,448.5,449.6,444.6,446.1
2017-08-11,452.8,453.65,447.71,447.75
2017-08-10,462.95,463.6,456.9,457.75
2017-08-09,469.15,471.55,467.85,468.85
2017-08-08,468.25,473.4,468.25,471.15
2017-08-07,464.05,470.12,460.6,468.45
2017-08-04,457.85,465.0,457.65,463.3
2017-08-03,457.45,461.37,453.58,460.6
2017-08-02,456.85,459.7,439.35,459.3
2017-08-01,455.0,462.9,452.45,456.45
2017-07-31,445.55,449.35,444.15,445.8
2017-07-28,442.3,445.6,439.75,443.65
2017-07-27,444.0,447.8,442.6,444.7
2017-07-26,447.05,449.85,444.65,445.15
2017-07-25,442.0,447.65,441.25,446.45
2017-07-24,443.7,444.13,436.91,439.75
2017-07-21,449.85,454.4,444.95,446.3
2017-07-20,448.55,454.05,447.35,450.25
2017-07-19,448.0,448.2,442.95,445.95
2017-07-18,445.8,450.25,442.75,445.45
2017-07-17,446.0,451.0,446.0,447.85
2017-07-14,447.75,448.25,443.25,444.8
2017-07-13,450.1,450.55,445.65,446.85
2017-07-12,445.15,454.7,445.0,450.65
2017-07-11,444.25,444.85,438.1,442.45
2017-07-10,447.05,447.45,441.5,443.75
2017-07-07,443.4,446.1,440.65,444.0
2017-07-06,445.9,448.6,441.25,445.9
2017-07-05,450.8,451.9,442.9,444.15
2017-07-04,450.1,451.05,447.85,450.0
2017-07-03,444.0,453.05,443.1,451.3
2017-06-30,446.0,448.85,440.45,442.8
2017-06-29,455.8,457.99,449.9,449.9
2017-06-28,457.85,461.97,452.95,455.3
2017-06-27,457.55,462.2,456.0,460.21
2017-06-26,457.6,460.4,456.65,457.7
2017-06-23,453.55,456.88,450.45,456.35
2017-06-22,455.55,458.25,450.05,456.75
2017-06-21,460.45,461.05,454.15,456.7
2017-06-20,472.35,475.63,459.4,460.25
2017-06-19,469.7,474.7,468.34,472.65
2017-06-16,463.1,468.55,462.05,466.65
2017-06-15,460.5,467.0,455.9,460.95
2017-06-14,470.1,470.75,461.45,461.6
2017-06-13,474.0,474.2,468.3,470.15
2017-06-12,471.65,475.15,464.2,470.9
2017-06-09,460.0,468.3,459.2,467.8
2017-06-08,455.45,459.75,453.75,456.35
2017-06-07,468.85,469.0,456.55,456.8
2017-06-06,463.0,466.0,458.6,464.9
2017-06-05,465.0,469.5,463.35,464.05
2017-06-02,469.5,470.65,462.17,462.75
2017-06-01,470.55,471.9,466.7,470.0
2017-05-31,472.0,474.3,466.47,466.7
2017-05-30,473.4,476.5,471.05,472.1
2017-05-26,470.2,475.7,469.03,474.55
2017-05-25,477.2,478.0,471.3,473.1
2017-05-24,475.2,479.39,474.2,478.5
2017-05-23,474.4,476.9,473.1,474.25
2017-05-22,473.45,478.0,472.3,473.95
2017-05-19,471.05,475.45,469.25,472.15
2017-05-18,468.6,470.15,461.0,469.0
2017-05-17,466.9,472.1,466.05,470.5
2017-05-16,463.9,471.95,457.64,469.25
2017-05-15,463.0,468.63,458.12,464.2
2017-05-12,455.55,460.0,454.9,460.0
2017-05-11,454.8,462.0,453.35,455.95
2017-05-10,456.7,463.15,455.7,460.55
2017-05-09,457.0,458.65,454.85,455.75
2017-05-08,453.0,456.4,450.6,454.45
2017-05-05,440.0,451.4,437.68,451.35
2017-05-04,449.0,453.2,441.64,444.8
2017-05-03,449.35,449.8,445.4,446.65
2017-05-02,451.0,455.65,448.1,449.6
2017-04-28,446.45,453.58,442.4,442.5
2017-04-27,450.15,453.65,441.1,442.65
2017-04-26,449.8,454.73,446.45,453.65
2017-04-25,450.75,451.0,448.14,449.25
2017-04-24,447.95,452.35,445.2,449.3
2017-04-21,445.25,450.03,440.9,441.4
2017-04-20,445.8,455.0,443.49,446.65
2017-04-19,448.0,451.24,445.61,447.8
2017-04-18,465.55,466.55,452.6,452.6
2017-04-13,472.15,475.0,464.8,471.1
2017-04-12,474.0,476.4,470.9,472.5
2017-04-11,468.0,474.9,466.45,470.7
2017-04-10,470.45,471.15,459.09,469.65
2017-04-07,466.25,470.61,464.4,470.4
2017-04-06,461.3,467.06,457.7,464.45
2017-04-05,466.2,471.66,465.1,465.2
2017-04-04,462.5,464.3,457.9,463.65
2017-04-03,460.35,464.0,456.1,456.1
2017-03-31,460.55,463.8,457.5,457.55
2017-03-30,462.75,466.0,453.85,461.65
2017-03-29,455.1,461.35,452.95,461.2
2017-03-28,448.8,453.91,446.8,453.45
2017-03-27,448.4,450.25,444.5,447.9
2017-03-24,453.1,457.05,449.9,451.85
2017-03-23,455.3,456.65,450.58,456.6
2017-03-22,458.1,458.31,452.7,454.75
2017-03-21,462.15,464.7,456.25,458.35
2017-03-20,461.2,461.45,456.85,461.1
2017-03-17,457.2,463.45,456.7,463.0
2017-03-16,460.35,464.8,456.15,459.25
2017-03-15,460.0,463.75,456.15,456.15
2017-03-14,462.7,466.7,455.85,457.0
2017-03-13,466.05,470.93,461.95,463.5
2017-03-10,456.8,474.55,455.8,470.7
2017-03-09,455.95,457.31,448.0,454.0
2017-03-08,464.1,464.1,460.15,460.7
2017-03-07,462.35,465.85,461.35,463.0
2017-03-06,462.6,463.0,457.5,462.8
2017-03-03,463.6,466.5,461.77,464.05
2017-03-02,464.9,467.75,463.06,464.85
2017-03-01,458.95,472.6,455.55,464.6
2017-02-28,454.0,455.64,450.0,453.55
2017-02-27,450.0,453.65,447.8,451.5
2017-02-24,449.95,451.27,443.4,447.1
2017-02-23,448.85,453.4,447.83,450.4
2017-02-22,452.0,454.0,445.5,447.7
2017-02-21,447.25,456.7,445.2,450.8
2017-02-20,447.3,449.95,444.7,445.2
2017-02-17,449.05,449.35,440.8,446.0
2017-02-16,451.8,454.55,448.35,448.4
2017-02-15,463.65,463.65,457.55,457.55
2017-02-14,460.35,462.85,458.45,459.5
2017-02-13,461.65,462.5,454.77,459.6
2017-02-10,460.0,464.0,456.25,459.6
2017-02-09,460.0,463.35,455.17,458.7
2017-02-08,458.45,459.5,450.95,455.95
2017-02-07,464.0,468.25,456.25,457.1
2017-02-06,479.05,482.95,475.65,476.55
2017-02-03,474.8,480.45,473.15,478.6
2017-02-02,472.15,476.2,470.54,472.7
2017-02-01,477.55,479.0,471.4,472.9
2017-01-31,476.05,480.45,472.8,472.85
2017-01-30,482.7,483.85,474.7,476.05
2017-01-27,487.8,488.15,481.35,486.8
2017-01-26,489.65,490.5,485.25,485.4
2017-01-25,490.7,494.1,487.85,488.05
2017-01-24,488.65,493.72,484.81,489.7
2017-01-23,494.05,498.35,485.05,487.15
2017-01-20,499.75,503.9,497.15,498.35
2017-01-19,504.6,505.08,480.0,499.15
2017-01-18,503.1,506.9,501.1,505.1
2017-01-17,511.1,512.6,502.0,502.0
2017-01-16,517.3,517.7,512.1,512.6
2017-01-13,515.8,521.2,515.0,518.0
2017-01-12,512.0,516.9,508.03,515.4
2017-01-11,508.3,515.5,506.6,513.3
2017-01-10,510.5,512.3,508.5,511.7
2017-01-09,514.5,516.9,505.13,513.5
2017-01-06,517.4,517.7,513.2,514.5
2017-01-05,516.5,520.16,512.7,517.3
2017-01-04,517.8,519.3,515.2,519.3
2017-01-03,511.0,520.1,510.2,517.3
2016-12-30,507.9,510.2,504.9,509.6
2016-12-29,507.8,513.24,506.8,511.2
2016-12-28,505.0,510.4,500.7,508.9
2016-12-23,502.7,504.11,502.0,503.0
2016-12-22,498.0,503.0,497.25,503.0
2016-12-21,495.3,499.65,489.3,496.75
2016-12-20,490.3,496.0,487.55,495.1
2016-12-19,490.0,494.5,489.2,490.8
2016-12-16,481.75,489.8,479.5,489.7
2016-12-15,479.0,481.7,470.0,479.5
2016-12-14,482.05,483.7,479.0,481.0
2016-12-13,480.0,484.8,477.54,482.7
2016-12-12,481.55,487.9,479.55,483.4
2016-12-09,478.5,479.02,474.35,476.2
2016-12-08,472.0,477.7,470.1,477.0
2016-12-07,469.0,474.95,464.0,473.45
2016-12-06,463.0,467.4,458.95,463.55
2016-12-05,461.0,468.6,460.75,464.95
2016-12-02,466.4,471.21,459.89,466.65
2016-12-01,473.0,478.5,463.1,470.05
2016-11-30,443.8,463.1,443.4,459.45
2016-11-29,449.8,449.8,439.65,442.55
2016-11-28,453.85,454.4,447.0,452.25
2016-11-25,458.25,459.0,454.25,454.95
2016-11-24,458.05,460.55,456.45,458.85
2016-11-23,459.9,463.15,455.05,458.15
2016-11-22,460.45,464.55,455.15,456.25
2016-11-21,451.95,459.65,448.33,456.25
2016-11-18,447.2,449.4,441.85,447.65
2016-11-17,441.8,450.0,441.12,447.2
2016-11-16,448.2,448.7,433.45,441.9
2016-11-15,439.45,447.1,433.45,444.8
2016-11-14,438.4,439.85,432.15,433.45
2016-11-11,450.35,451.15,434.15,435.35
2016-11-10,453.75,460.95,448.25,448.9
2016-11-09,443.05,458.1,441.0,458.1
2016-11-08,453.9,457.5,452.0,456.55
2016-11-07,454.9,455.0,450.0,453.45
2016-11-04,450.0,451.35,443.1,446.45
2016-11-03,459.3,463.6,450.8,451.35
2016-11-02,463.55,475.53,456.7,457.3
2016-11-01,479.0,483.7,460.4,462.05
2016-10-31,486.4,487.8,482.3,483.7
2016-10-28,491.2,492.35,483.45,492.15
2016-10-27,486.55,493.5,484.05,493.5
2016-10-26,492.0,492.45,483.01,487.95
2016-10-25,487.0,498.45,487.0,495.15
2016-10-24,494.0,496.35,486.95,486.95
2016-10-21,489.6,493.7,488.02,492.75
2016-10-20,486.6,491.7,486.55,490.05
2016-10-19,485.95,492.54,485.7,490.15
2016-10-18,489.0,491.65,485.2,485.9
2016-10-17,489.45,489.5,482.23,483.75
2016-10-14,484.65,493.05,484.63,489.5
2016-10-13,482.9,494.0,480.85,485.0
2016-10-12,486.95,492.75,483.0,484.8
2016-10-11,493.5,498.45,483.7,486.75
2016-10-10,484.45,495.3,483.95,494.45
2016-10-07,476.3,486.65,474.0,486.0
2016-10-06,472.0,476.5,469.9,473.5
2016-10-05,466.9,472.0,465.35,472.0
2016-10-04,460.0,471.85,458.4,467.95
2016-10-03,450.85,459.3,449.45,458.4
2016-09-30,447.05,451.75,443.4,450.0
2016-09-29,451.45,453.25,447.73,451.0
2016-09-28,430.0,436.1,430.0,432.25
2016-09-27,434.65,435.35,426.3,428.2
2016-09-26,430.9,434.75,429.05,432.0
2016-09-23,432.5,439.55,431.55,436.9
2016-09-22,428.35,438.95,428.35,434.6
2016-09-21,426.4,428.45,422.75,424.3
2016-09-20,425.05,427.5,422.5,423.95
2016-09-19,424.1,430.7,424.1,426.3
2016-09-16,421.4,421.65,411.6,420.4
2016-09-15,416.35,421.56,413.45,421.15
2016-09-14,421.7,424.65,417.4,417.5
2016-09-13,430.05,431.5,420.1,420.55
2016-09-12,427.05,432.98,423.0,428.7
2016-09-09,435.85,437.05,429.7,432.15
2016-09-08,434.0,438.95,432.4,437.15
2016-09-07,428.9,434.8,428.9,433.35
2016-09-06,435.65,437.3,425.75,427.65
2016-09-05,432.2,439.7,430.41,434.8
2016-09-02,419.75,434.0,418.45,431.0
2016-09-01,427.65,428.8,416.5,418.75
2016-08-31,432.9,434.1,426.9,427.9
2016-08-30,433.65,434.85,430.2,433.7
2016-08-26,431.05,435.9,430.2,434.85
2016-08-25,429.4,434.21,424.98,432.0
2016-08-24,426.0,431.3,425.1,429.0
2016-08-23,428.35,431.5,427.35,428.6
2016-08-22,433.85,435.09,426.15,427.9
2016-08-19,436.45,438.54,433.85,434.35
2016-08-18,436.0,436.85,431.73,435.55
2016-08-17,438.0,439.95,430.85,432.75
2016-08-16,436.0,440.3,434.36,436.25
2016-08-15,431.95,438.68,431.05,436.85
2016-08-12,435.4,437.75,428.18,432.7
2016-08-11,423.7,432.3,419.25,432.3
2016-08-10,423.25,425.95,421.1,423.0
2016-08-09,421.8,428.35,419.2,425.2
2016-08-08,421.2,422.65,417.2,422.15
2016-08-05,416.5,423.38,416.35,419.35
2016-08-04,414.7,419.4,408.63,416.35
2016-08-03,414.8,417.6,410.64,415.0
2016-08-02,417.55,419.75,412.9,413.9
2016-08-01,431.8,433.1,418.35,418.35
2016-07-29,426.5,428.1,421.6,426.85
2016-07-28,437.25,437.5,426.65,426.65
2016-07-27,435.5,442.15,429.2,434.05
2016-07-26,430.0,438.0,426.2,434.6
2016-07-25,451.45,453.6,439.15,440.35
2016-07-22,448.7,453.0,446.86,452.1
2016-07-21,451.0,452.6,448.0,450.8
2016-07-20,455.0,455.45,447.3,451.2
2016-07-19,447.4,453.85,445.65,452.8
2016-07-18,455.85,456.4,449.3,449.3
2016-07-15,452.0,457.15,450.67,457.15
2016-07-14,460.0,463.4,454.65,454.65
2016-07-13,459.25,464.4,455.7,455.7
2016-07-12,456.8,463.78,453.0,461.8
2016-07-11,459.85,460.0,453.8,459.0
2016-07-08,454.3,458.05,445.8,457.0
2016-07-07,451.55,458.55,451.4,453.3
2016-07-06,452.85,459.15,442.05,449.4
2016-07-05,446.0,453.8,440.1,453.55
2016-07-04,447.25,450.0,443.87,446.8
2016-07-01,441.0,445.85,437.01,445.4
2016-06-30,425.05,438.15,421.85,438.15
2016-06-29,410.0,424.8,409.29,424.8
2016-06-28,401.1,407.55,385.0,404.45
2016-06-27,393.7,401.55,391.8,394.95
2016-06-24,363.0,399.0,355.0,393.65
2016-06-23,385.0,389.35,381.65,386.95
2016-06-22,384.75,388.2,382.25,383.4
2016-06-21,376.7,384.75,374.7,382.3
2016-06-20,377.55,383.05,376.2,378.95
2016-06-17,368.9,375.82,364.85,373.15
2016-06-16,364.0,368.12,359.9,364.85
2016-06-15,359.55,362.5,356.85,359.5
2016-06-14,367.0,370.25,357.7,358.2
2016-06-13,366.3,371.1,365.85,368.9
2016-06-10,372.6,373.21,367.6,370.75
2016-06-09,375.5,376.05,369.55,374.15
2016-06-08,372.7,378.65,371.35,376.55
2016-06-07,370.2,374.5,369.55,373.25
2016-06-06,362.7,369.85,362.55,368.4
2016-06-03,356.8,362.7,356.05,358.55
2016-06-02,355.45,358.85,351.85,353.1
2016-06-01,355.15,357.76,349.35,353.6
2016-05-31,362.1,362.9,353.76,357.25
2016-05-27,364.65,364.9,359.45,361.95
2016-05-26,366.9,369.6,362.5,364.45
2016-05-25,361.9,366.25,359.77,366.0
2016-05-24,356.15,359.85,355.55,357.8
2016-05-23,360.55,362.2,356.45,357.5
2016-05-20,360.95,363.6,358.33,361.5
2016-05-19,362.2,362.95,355.0,356.0
2016-05-18,364.7,367.35,361.85,364.6
2016-05-17,367.2,370.15,363.6,366.3
2016-05-16,362.5,367.65,360.0,366.0
2016-05-13,358.2,363.05,356.4,362.5
2016-05-12,359.3,367.75,357.1,360.1
2016-05-11,357.0,362.1,354.35,361.2
2016-05-10,354.45,359.5,352.3,357.55
2016-05-09,359.61,370.0,351.3,351.5
2016-05-06,357.0,362.0,350.75,360.8
2016-05-05,357.9,365.18,356.95,358.35
2016-05-04,366.2,369.65,361.75,362.55
2016-05-03,375.75,377.5,366.65,368.4
2016-04-29,379.0,380.45,373.75,373.75
2016-04-28,381.1,388.4,375.7,382.3
2016-04-27,380.0,384.95,376.65,382.45
2016-04-26,370.0,380.77,365.0,375.9
2016-04-25,368.5,368.5,358.0,360.35
2016-04-22,366.3,368.6,353.23,368.3
2016-04-21,366.1,369.96,365.55,368.6
2016-04-20,361.0,364.5,357.85,363.65
2016-04-19,358.75,364.3,355.93,362.95
2016-04-18,348.95,358.05,249.43,355.8
2016-04-15,360.0,360.85,351.8,355.95
2016-04-14,365.45,365.9,357.6,358.55
2016-04-13,362.0,367.4,361.31,365.45
2016-04-12,352.0,358.4,349.8,356.95
2016-04-11,351.3,353.7,348.55,351.85
2016-04-08,342.85,350.9,342.73,350.35
2016-04-07,341.15,344.0,337.89,339.3
2016-04-06,340.55,341.85,335.5,339.55
2016-04-05,340.5,346.7,335.08,337.45
2016-04-04,342.9,348.6,341.9,344.7
2016-04-01,346.4,352.21,338.19,343.8
2016-03-31,354.05,356.92,350.05,350.15
2016-03-30,348.3,360.6,348.3,355.55
2016-03-29,354.45,357.27,343.95,345.8
2016-03-24,353.3,355.25,347.55,353.35
2016-03-23,360.2,361.6,353.9,356.1
2016-03-22,357.0,362.2,354.85,360.75
2016-03-21,354.95,360.65,352.5,356.2
2016-03-18,359.4,362.55,356.95,357.0
2016-03-17,355.2,360.4,342.2,359.6
2016-03-16,346.0,354.45,344.3,350.1
2016-03-15,342.0,344.35,339.9,342.0
2016-03-14,349.45,353.1,335.62,345.45
2016-03-11,349.0,355.8,344.8,348.4
2016-03-10,354.95,356.65,343.15,343.2
2016-03-09,350.8,357.45,350.45,356.0
2016-03-08,363.9,364.45,351.15,354.2
2016-03-07,365.05,368.35,355.75,365.55
2016-03-04,365.0,371.15,360.9,367.9
2016-03-03,355.0,364.7,352.38,362.0
2016-03-02,353.0,353.9,346.1,352.9
2016-03-01,351.0,355.35,347.95,350.65
2016-02-29,347.0,351.55,344.65,351.45
2016-02-26,343.3,351.5,341.6,349.55
2016-02-25,339.55,346.49,336.25,338.45
2016-02-24,343.15,344.05,332.56,335.0
2016-02-23,354.0,354.6,344.15,345.35
2016-02-22,347.6,358.9,347.6,356.65
2016-02-19,345.25,351.0,341.0,343.25
2016-02-18,351.0,352.3,310.0,345.4
2016-02-17,336.05,350.95,335.15,349.85
2016-02-16,341.25,348.25,334.28,337.4
2016-02-15,339.6,339.85,331.75,332.8
2016-02-12,317.0,332.83,316.11,332.5
2016-02-11,319.7,321.09,309.1,310.25
2016-02-10,335.2,337.7,326.4,330.1
2016-02-09,344.5,347.7,334.45,334.45
2016-02-08,352.9,353.4,337.85,343.9
2016-02-05,350.0,356.55,345.4,350.65
2016-02-04,341.0,354.4,338.2,350.85
2016-02-03,332.35,337.1,324.55,332.35
2016-02-02,348.1,349.8,330.1,335.1
2016-02-01,379.45,381.8,359.7,366.95
2016-01-29,376.05,377.8,366.9,376.1
2016-01-28,362.5,378.8,360.85,368.45
2016-01-27,356.0,362.9,349.95,362.9
2016-01-26,342.2,357.8,338.0,356.5
2016-01-25,352.8,353.43,343.05,350.15
2016-01-22,350.85,357.8,347.45,352.7
2016-01-21,328.6,344.2,326.05,342.25
2016-01-20,333.7,336.2,325.1,328.15
2016-01-19,346.3,351.45,339.65,342.45
2016-01-18,336.65,347.35,333.1,340.5
2016-01-15,349.3,349.65,335.55,338.15
2016-01-14,332.2,353.1,330.35,347.7
2016-01-13,327.1,342.1,325.0,335.85
2016-01-12,328.0,336.9,322.4,323.1
2016-01-11,329.05,336.0,327.35,328.05
2016-01-08,339.7,339.71,328.7,328.7
2016-01-07,337.0,339.4,324.6,337.7
2016-01-06,350.4,352.02,339.1,343.45
2016-01-05,349.0,352.5,343.5,348.15
2016-01-04,351.25,353.45,343.8,347.55
2015-12-31,355.0,356.35,352.61,354.0
2015-12-30,358.0,358.0,353.9,355.15
2015-12-29,357.15,362.85,356.85,360.75
2015-12-24,363.9,366.3,362.95,365.95
2015-12-23,348.1,360.85,347.95,360.4
2015-12-22,342.0,345.3,338.4,344.95
2015-12-21,339.5,345.0,335.2,335.2
2015-12-18,338.05,345.3,336.35,339.3
2015-12-17,345.2,345.8,339.7,340.35
2015-12-16,340.0,346.65,339.4,340.2
2015-12-15,330.5,340.25,330.5,337.7
2015-12-14,338.45,340.0,328.8,329.3
2015-12-11,349.5,351.25,337.1,338.0
2015-12-10,351.8,354.7,348.55,350.95
2015-12-09,348.75,356.85,343.9,350.45
2015-12-08,344.8,352.75,340.0,347.8
2015-12-07,356.25,358.2,346.6,347.6
2015-12-04,369.1,375.25,356.8,359.7
2015-12-03,380.6,382.3,368.37,368.55
2015-12-02,382.75,386.2,380.35,382.0
2015-12-01,386.35,387.48,382.25,384.55
2015-11-30,384.8,389.0,383.2,385.25
2015-11-27,387.45,388.35,385.1,386.55
2015-11-26,386.1,390.9,385.3,389.6
2015-11-25,386.7,389.35,382.15,386.1
2015-11-24,380.7,387.0,377.8,385.9
2015-11-23,375.0,385.85,372.7,380.75
2015-11-20,384.7,385.65,379.65,381.3
2015-11-19,384.1,389.95,381.95,385.15
2015-11-18,375.0,384.9,373.11,382.5
2015-11-17,377.95,380.2,374.5,378.55
2015-11-16,362.35,373.1,362.35,368.65
2015-11-13,365.95,369.8,360.35,364.5
2015-11-12,376.4,379.15,367.1,367.25
2015-11-11,383.8,384.68,376.95,377.9
2015-11-10,385.15,386.85,381.05,382.5
2015-11-09,386.2,392.3,382.6,382.6
2015-11-06,389.2,395.05,384.8,386.5
2015-11-05,393.1,395.9,387.25,390.45
2015-11-04,402.9,411.5,401.7,402.05
2015-11-03,389.7,403.25,386.55,403.25
2015-11-02,386.4,389.2,380.85,388.25
2015-10-30,393.05,393.95,383.6,386.4
2015-10-29,390.85,392.9,382.2,391.7
2015-10-28,382.65,393.15,377.45,391.0
2015-10-27,390.0,392.87,376.75,380.0
2015-10-26,386.75,389.25,382.5,384.4
2015-10-23,391.9,395.05,385.9,388.1
2015-10-22,381.0,390.45,380.55,388.55
2015-10-21,378.65,385.4,375.2,380.95
2015-10-20,376.8,378.2,370.95,376.55
2015-10-19,383.65,387.0,375.55,377.25
2015-10-16,383.0,389.85,382.1,384.0
2015-10-15,381.45,386.35,379.6,379.65
2015-10-14,379.3,383.55,375.3,377.65
2015-10-13,383.1,384.9,376.25,382.75
2015-10-12,390.75,393.3,383.55,384.8
2015-10-09,393.0,397.3,390.35,391.6
2015-10-08,384.75,389.7,380.4,388.95
2015-10-07,377.5,393.85,376.9,387.0
2015-10-06,370.6,379.0,362.3,378.1
2015-10-05,359.85,369.15,356.05,368.0
2015-10-02,342.7,353.0,341.8,351.45
2015-10-01,339.05,349.85,339.05,342.25
2015-09-30,329.95,334.0,328.0,334.0
2015-09-29,319.9,330.0,319.9,326.2
2015-09-28,333.6,335.2,322.98,323.05
2015-09-25,329.15,334.8,328.27,333.3
2015-09-24,327.3,327.35,321.7,322.9
2015-09-23,326.5,334.11,325.9,329.45
2015-09-22,334.65,334.65,321.85,325.2
2015-09-21,331.0,336.4,330.1,333.55
2015-09-18,343.85,347.4,329.55,333.45
2015-09-17,345.4,346.78,342.9,345.7
2015-09-16,339.6,347.15,337.25,345.85
2015-09-15,333.65,339.95,328.45,338.7
2015-09-14,335.9,339.5,329.75,332.0
2015-09-11,337.15,339.45,333.05,333.5
2015-09-10,339.8,342.05,333.05,335.3
2015-09-09,345.3,347.55,341.95,342.5
2015-09-08,339.1,346.6,338.1,340.2
2015-09-07,339.8,345.7,335.54,336.0
2015-09-04,350.0,350.8,334.89,337.9
2015-09-03,351.0,358.75,252.55,355.85
2015-09-02,349.0,353.0,341.99,345.3
2015-09-01,358.45,363.75,347.3,349.4
2015-08-28,355.0,360.8,348.85,360.5
2015-08-27,337.7,354.14,333.7,351.2
2015-08-26,330.95,339.9,327.45,331.2
2015-08-25,335.7,338.8,332.65,335.35
2015-08-24,345.15,362.85,326.25,331.05
2015-08-21,363.8,369.18,357.2,357.2
2015-08-20,365.1,374.85,362.55,369.6
2015-08-19,373.5,373.5,366.4,367.5
2015-08-18,378.3,379.8,373.05,373.75
2015-08-17,380.0,381.0,374.15,378.15
2015-08-14,380.2,382.45,377.1,379.25
2015-08-13,389.3,391.75,382.25,383.15
2015-08-12,378.0,384.8,376.2,383.6
2015-08-11,385.55,390.1,380.46,380.5
2015-08-10,386.4,387.7,379.5,385.5
2015-08-07,384.4,391.01,383.8,385.6
2015-08-06,386.0,393.0,380.15,383.2
2015-08-05,390.0,397.35,388.95,395.05
2015-08-04,389.95,392.7,385.75,390.4
2015-08-03,392.7,395.4,387.2,391.45
2015-07-31,402.9,402.9,392.4,395.45
2015-07-30,399.0,405.85,397.6,401.0
2015-07-29,396.05,399.1,391.65,398.6
2015-07-28,385.0,396.79,383.0,392.65
2015-07-27,393.6,396.4,384.15,387.3
2015-07-24,401.7,402.6,394.1,394.7
2015-07-23,405.4,407.05,400.1,401.0
2015-07-22,412.8,413.35,406.59,406.6
2015-07-21,417.1,417.15,412.35,414.0
2015-07-20,418.0,420.65,415.55,416.6
2015-07-17,422.35,422.43,415.45,416.95
2015-07-16,428.0,428.0,421.1,422.0
2015-07-15,429.35,432.47,425.85,427.1
2015-07-14,427.35,430.95,424.15,429.15
2015-07-13,433.25,433.25,425.0,428.8
2015-07-10,431.2,432.15,423.25,427.0
2015-07-09,426.15,428.95,421.9,426.05
2015-07-08,420.05,426.25,419.2,423.2
2015-07-07,427.75,429.85,416.8,418.55
2015-07-06,429.65,434.65,428.3,429.5
2015-07-03,439.0,445.05,432.55,434.4
2015-07-02,420.7,441.45,419.35,437.4
2015-07-01,425.0,425.8,417.99,419.15
2015-06-30,427.6,427.6,420.15,420.15
2015-06-29,428.8,434.05,427.15,427.55
2015-06-26,442.4,443.05,437.05,437.55
2015-06-25,443.25,447.5,440.15,442.3
2015-06-24,438.85,444.65,436.55,442.1
2015-06-23,439.6,440.75,436.2,438.95
2015-06-22,436.05,439.65,434.55,439.4
2015-06-19,432.6,436.55,429.65,431.35
2015-06-18,435.1,435.1,430.68,434.45
2015-06-17,433.5,440.35,432.0,435.0
2015-06-16,435.5,446.6,429.3,432.4
2015-06-15,436.0,439.05,430.94,435.05
2015-06-12,443.75,445.9,436.4,437.6
2015-06-11,443.65,449.2,442.54,446.8
2015-06-10,440.0,444.01,439.75,443.55
2015-06-09,443.5,444.0,438.15,441.35
2015-06-08,444.2,445.97,437.7,441.9
2015-06-05,438.5,446.0,435.4,443.35
2015-06-04,447.65,447.65,439.85,440.15
2015-06-03,450.0,453.55,447.2,449.55
2015-06-02,450.0,456.02,442.25,449.95
2015-06-01,452.25,454.3,446.6,447.4
2015-05-29,453.0,456.9,449.64,450.75
2015-05-28,453.05,454.95,449.4,453.3
2015-05-27,452.0,457.15,450.4,454.4
2015-05-26,457.75,458.5,449.25,451.7
2015-05-22,458.9,461.65,456.75,457.75
2015-05-21,450.9,458.6,450.6,458.0
2015-05-20,451.2,456.6,445.55,452.1
2015-05-19,454.5,457.6,448.09,452.35
2015-05-18,450.65,456.4,449.2,452.3
2015-05-15,456.2,467.31,449.98,452.4
2015-05-14,454.35,466.34,451.1,456.8
2015-05-13,456.0,461.4,453.8,456.0
2015-05-12,454.15,458.65,451.2,456.05
2015-05-11,460.55,466.9,457.35,457.7
2015-05-08,461.45,464.25,458.1,461.3
2015-05-07,466.45,467.35,454.4,457.1
2015-05-06,473.6,476.35,469.0,473.3
2015-05-05,475.7,481.85,471.05,474.95
2015-05-01,469.5,469.95,466.35,468.6
2015-04-30,470.1,472.85,466.1,470.1
2015-04-29,473.45,475.95,465.2,468.15
2015-04-28,480.0,485.85,471.05,476.1
2015-04-27,477.35,478.9,471.2,476.9
2015-04-24,484.15,487.5,477.1,478.4
2015-04-23,481.35,485.35,480.25,484.15
2015-04-22,480.45,484.2,475.0,479.75
2015-04-21,482.45,487.4,479.67,480.0
2015-04-20,479.75,484.55,479.12,483.4
2015-04-17,474.4,480.0,473.5,479.35
2015-04-16,479.1,479.6,470.85,473.45
2015-04-15,470.5,479.17,469.5,475.8
2015-04-14,468.0,472.35,466.8,470.95
2015-04-13,470.2,472.45,465.1,471.0
2015-04-10,465.95,473.1,462.49,472.25
2015-04-09,457.9,463.7,450.35,463.7
2015-04-08,468.3,476.35,456.7,457.3
2015-04-07,450.0,457.3,446.25,454.85
2015-04-02,443.7,445.02,438.0,442.85
2015-04-01,437.8,445.15,437.25,442.1
2015-03-31,447.45,448.1,418.74,436.7
2015-03-30,446.35,448.1,443.12,446.1
2015-03-27,445.65,447.45,438.25,443.6
2015-03-26,449.0,458.95,444.3,446.1
2015-03-25,442.5,449.8,440.07,448.35
2015-03-24,447.15,449.9,444.15,444.15
2015-03-23,449.05,450.4,431.78,447.9
2015-03-20,442.0,451.0,436.95,451.0
2015-03-19,438.0,441.9,434.4,440.9
2015-03-18,425.15,436.1,423.4,436.1
2015-03-17,419.4,426.5,404.05,425.9
2015-03-16,421.6,421.95,413.75,417.6
2015-03-13,426.2,427.6,415.99,418.25
2015-03-12,426.45,434.21,424.75,425.85
2015-03-11,430.85,433.86,423.3,425.15
2015-03-10,444.9,445.5,428.1,428.1
2015-03-09,445.15,448.35,432.25,445.7
2015-03-06,451.0,499.25,441.96,447.0
2015-03-05,452.25,454.3,445.13,452.6
2015-03-04,453.0,453.25,446.69,451.05
2015-03-03,448.15,450.75,446.25,448.6
2015-03-02,447.7,449.5,442.8,446.65
2015-02-27,447.1,449.8,445.4,448.05
2015-02-26,449.2,452.7,446.0,448.0
2015-02-25,447.35,462.98,445.55,449.4
2015-02-24,444.9,448.5,442.25,448.35
2015-02-23,450.0,450.0,440.85,444.6
2015-02-20,446.0,449.25,442.15,446.7
2015-02-19,448.1,448.1,440.2,445.7
2015-02-18,456.2,456.75,447.45,451.3
2015-02-17,449.0,458.15,447.5,452.0
2015-02-16,454.2,457.35,449.9,451.9
2015-02-13,444.75,456.33,444.0,454.2
2015-02-12,439.3,448.85,439.16,444.3
2015-02-11,448.0,448.75,440.4,445.8
2015-02-10,455.8,456.85,442.7,446.35
2015-02-09,449.35,458.75,447.15,457.1
2015-02-06,451.25,454.9,446.75,450.6
2015-02-05,441.25,452.5,434.85,450.1
2015-02-04,450.0,450.7,437.6,445.35
2015-02-03,459.45,463.1,428.85,449.85
2015-02-02,430.45,437.7,426.35,437.7
2015-01-30,425.85,431.05,420.05,424.45
2015-01-29,424.6,426.2,418.05,424.85
2015-01-28,443.05,443.05,428.69,432.95
2015-01-27,439.0,445.68,430.35,440.6
2015-01-26,428.0,439.4,417.5,439.0
2015-01-23,432.7,434.0,423.0,432.4
2015-01-22,431.55,435.95,425.25,428.4
2015-01-21,413.8,426.0,404.1,426.0
2015-01-20,410.5,418.4,408.25,412.2
2015-01-19,413.7,414.8,407.25,408.9
2015-01-16,392.25,414.86,385.39,413.35
2015-01-15,391.6,396.3,376.7,392.6
2015-01-14,391.1,391.8,379.3,382.15
2015-01-13,392.4,398.18,384.81,396.3
2015-01-12,399.2,399.99,390.55,396.55
2015-01-09,404.9,408.0,395.8,398.65
2015-01-08,400.3,406.15,395.75,405.0
2015-01-07,393.05,400.0,386.2,393.75
2015-01-06,391.0,399.2,382.7,391.05
2015-01-05,408.0,409.54,387.8,389.7
2015-01-02,413.95,415.65,404.15,410.45
2014-12-31,409.95,411.9,406.25,411.0
2014-12-30,414.5,415.83,408.0,409.3
2014-12-29,418.9,419.95,414.25,418.0
2014-12-24,419.35,422.4,415.05,416.85
2014-12-23,415.45,417.95,413.4,415.85
2014-12-22,420.0,427.09,410.55,413.65
2014-12-19,407.6,416.9,402.0,413.0
2014-12-18,405.0,407.05,396.95,402.55
2014-12-17,380.3,397.7,377.75,397.55
2014-12-16,372.2,383.95,364.4,383.95
2014-12-15,384.9,392.81,373.0,373.25
2014-12-12,396.1,399.55,385.61,385.65
2014-12-11,400.4,407.25,398.05,398.8
2014-12-10,408.0,408.65,398.15,399.6
2014-12-09,414.0,414.4,405.1,405.95
2014-12-08,423.35,425.0,415.62,417.3
2014-12-05,428.75,429.95,422.5,424.5
2014-12-04,437.45,438.53,424.7,426.9
2014-12-03,437.75,439.8,429.75,436.85
2014-12-02,419.7,437.45,419.7,433.85
2014-12-01,414.0,421.1,408.85,414.5
2014-11-28,422.95,422.95,408.8,420.2
2014-11-27,437.15,437.4,424.6,426.2
2014-11-26,441.4,442.56,436.25,437.9
2014-11-25,445.7,445.7,440.3,442.5
2014-11-24,450.0,452.45,445.25,447.2
2014-11-21,443.3,450.8,442.76,448.2
2014-11-20,441.1,443.07,436.85,441.35
2014-11-19,438.0,440.15,433.5,440.15
2014-11-18,434.0,439.89,433.8,437.6
2014-11-17,431.05,434.2,429.3,432.45
2014-11-14,428.95,434.55,418.75,431.8
2014-11-13,435.15,436.35,428.2,429.95
2014-11-12,434.55,437.1,430.95,433.9
2014-11-11,439.6,439.6,432.8,433.75
2014-11-10,438.9,442.65,436.9,439.6
2014-11-07,437.4,443.9,435.17,441.3
2014-11-06,434.1,441.6,433.45,435.9
2014-11-05,432.25,441.1,428.26,440.15
2014-11-04,440.0,440.2,429.8,430.4
2014-11-03,447.65,449.95,442.35,443.7
2014-10-31,449.9,452.36,444.35,449.0
2014-10-30,447.3,447.98,436.15,444.0
2014-10-29,438.15,448.02,434.9,445.3
2014-10-28,436.0,438.75,429.6,437.0
2014-10-27,438.25,439.6,428.15,430.25
2014-10-24,435.8,437.3,431.9,432.85
2014-10-23,431.45,440.64,426.7,438.95
2014-10-22,433.55,436.15,431.15,434.25
2014-10-21,420.4,434.14,419.65,433.65
2014-10-20,428.8,430.05,419.65,421.9
2014-10-17,422.6,431.54,419.5,428.5
2014-10-16,419.8,423.3,405.35,420.0
2014-10-15,427.1,428.95,416.7,416.7
2014-10-14,429.0,430.07,423.25,426.65
2014-10-13,427.9,434.45,425.55,431.95
2014-10-10,433.9,434.5,428.05,428.15
2014-10-09,442.7,445.17,434.6,435.15
2014-10-08,442.4,444.2,438.63,440.15
2014-10-07,444.95,445.5,440.45,441.75
2014-10-06,445.45,448.45,442.35,446.1
2014-10-03,446.95,447.7,441.7,445.0
2014-10-02,452.4,452.9,439.85,440.1
2014-10-01,454.85,455.45,449.55,452.75
2014-09-30,457.0,458.51,450.55,453.45
2014-09-29,454.2,456.65,444.03,456.35
2014-09-26,450.8,453.71,440.72,451.7
2014-09-25,462.85,463.75,450.15,451.8
2014-09-24,466.05,468.0,455.15,464.95
2014-09-23,470.0,471.3,464.85,466.05
2014-09-22,473.05,475.21,468.55,469.95
2014-09-19,475.1,478.4,473.3,473.3
2014-09-18,470.75,475.9,469.95,471.3
2014-09-17,472.6,478.33,469.8,471.05
2014-09-16,469.1,473.0,465.6,472.35
2014-09-15,467.0,468.3,462.5,468.3
2014-09-12,472.6,494.9,458.67,470.15
2014-09-11,476.35,478.37,462.06,472.2
2014-09-10,467.45,473.95,466.9,471.6
2014-09-09,467.8,482.0,462.7,466.85
2014-09-08,468.25,468.97,458.25,468.7
2014-09-05,457.0,467.25,450.3,466.8
2014-09-04,484.7,488.8,453.8,455.0
2014-09-03,478.05,485.6,476.5,483.75
2014-09-02,484.5,486.14,475.8,477.3
2014-09-01,481.95,483.0,480.0,482.7
2014-08-29,481.9,483.95,477.45,481.65
2014-08-28,483.1,485.2,480.8,482.35
2014-08-27,485.25,486.93,483.6,485.4
2014-08-26,487.75,487.75,482.75,485.75
2014-08-22,483.4,485.2,480.0,485.1
2014-08-21,483.1,485.05,481.5,483.85
2014-08-20,483.95,485.5,475.03,481.0
2014-08-19,477.25,481.6,475.65,481.6
2014-08-18,472.85,476.89,472.85,474.0
2014-08-15,473.5,475.5,469.35,470.95
2014-08-14,470.75,474.74,469.05,472.0
2014-08-13,469.65,472.3,466.89,470.25
2014-08-12,470.45,471.9,466.7,468.9
2014-08-11,469.85,472.7,467.36,469.0
2014-08-08,466.35,468.8,463.67,464.05
2014-08-07,474.0,476.65,468.45,469.1
2014-08-06,475.0,478.1,473.05,473.7
2014-08-05,487.75,490.15,482.3,482.3
2014-08-04,482.5,487.4,480.15,484.55
2014-08-01,483.9,485.95,476.65,482.95
2014-07-31,485.0,487.9,482.75,484.0
2014-07-30,482.0,486.33,479.5,481.75
2014-07-29,499.55,501.3,483.28,484.25
2014-07-28,499.45,499.45,494.0,496.85
2014-07-25,501.9,503.0,498.35,499.1
2014-07-24,500.0,504.0,498.7,503.8
2014-07-23,496.9,501.7,495.05,500.8
2014-07-22,495.25,499.0,494.0,498.5
2014-07-21,492.45,496.15,491.85,492.05
2014-07-18,495.75,497.3,492.44,493.7
2014-07-17,504.9,525.8,495.9,496.8
2014-07-16,501.5,507.7,500.8,506.6
2014-07-15,502.4,505.7,499.85,500.3
2014-07-14,503.4,507.15,501.2,503.4
2014-07-11,504.9,505.86,501.93,503.8
2014-07-10,507.9,508.9,502.5,503.7
2014-07-09,509.6,509.9,503.5,508.0
2014-07-08,514.3,514.8,509.9,510.7
2014-07-07,519.0,519.4,512.13,513.7
2014-07-04,516.5,521.35,516.1,519.2
2014-07-03,520.7,521.66,515.6,516.9
2014-07-02,515.8,520.0,514.6,519.8
2014-07-01,516.5,518.5,513.7,515.3
2014-06-30,516.3,519.3,513.12,514.9
2014-06-27,516.0,519.8,514.6,514.6
2014-06-26,516.8,518.0,511.7,515.5
2014-06-25,519.1,520.5,515.94,516.9
2014-06-24,521.0,526.8,520.6,523.9
2014-06-23,517.4,521.3,515.0,520.0
2014-06-20,515.7,520.6,513.8,518.6
2014-06-19,515.9,519.04,515.25,515.7
2014-06-18,508.0,514.55,504.9,514.4
2014-06-17,507.4,508.0,503.7,506.1
2014-06-16,507.5,510.5,505.6,505.6
2014-06-13,509.1,513.96,505.2,507.5
2014-06-12,505.2,509.0,503.8,508.3
2014-06-11,508.9,509.2,503.54,506.0
2014-06-10,504.4,507.2,502.64,507.2
2014-06-09,504.1,506.4,502.8,505.6
2014-06-06,499.4,505.0,498.15,505.0
2014-06-05,498.75,502.1,494.3,499.7
2014-06-04,502.4,502.6,496.6,497.85
2014-06-03,503.5,505.3,501.5,503.2
2014-06-02,504.5,506.5,503.3,504.9
2014-05-30,503.9,506.6,501.0,503.0
2014-05-29,505.8,509.4,504.7,505.6
2014-05-28,503.7,507.95,502.6,506.1
2014-05-27,508.9,508.9,503.5,504.2
2014-05-23,507.6,507.92,504.7,507.0
2014-05-22,511.1,511.1,501.0,508.2
2014-05-21,505.1,509.3,505.1,509.3
2014-05-20,504.8,506.9,501.0,506.3
2014-05-19,508.4,510.26,505.83,509.1
2014-05-16,504.9,508.1,502.98,507.1
2014-05-15,504.4,505.3,500.04,503.0
2014-05-14,500.3,504.2,499.2,503.5
2014-05-13,502.0,502.0,497.35,500.2
2014-05-12,501.3,504.43,498.9,501.3
2014-05-09,501.6,502.77,499.0,500.9
2014-05-08,501.6,506.78,499.75,501.3
2014-05-07,495.75,504.2,494.0,501.4
2014-05-06,503.9,504.59,499.65,501.0
2014-05-02,498.65,503.8,497.75,501.7
2014-05-01,503.9,505.5,496.1,498.05
2014-04-30,496.75,506.1,495.5,499.2
2014-04-29,491.0,502.65,491.0,502.6
2014-04-28,490.85,492.25,483.95,488.35
2014-04-25,490.0,496.0,489.18,493.5
2014-04-24,487.5,489.65,486.0,489.35
2014-04-23,486.7,487.25,482.35,485.85
2014-04-22,483.25,488.2,482.29,486.6
2014-04-17,480.2,483.0,477.5,482.05
2014-04-16,476.5,479.9,476.0,478.5
2014-04-15,474.85,478.15,472.8,473.5
2014-04-14,471.55,474.55,467.1,474.55
2014-04-11,480.9,482.65,475.1,475.45
2014-04-10,484.55,486.29,481.0,484.0
2014-04-09,478.2,483.15,477.87,482.9
2014-04-08,482.9,485.15,476.9,477.2
2014-04-07,486.0,489.46,482.8,484.85
2014-04-04,486.6,495.68,483.4,490.05
2014-04-03,484.85,488.8,482.8,485.15
2014-04-02,484.15,488.15,482.0,485.4
2014-04-01,480.7,484.95,480.5,484.3
2014-03-31,485.35,486.6,478.8,480.0
2014-03-28,477.9,497.69,476.95,484.15
2014-03-27,474.1,477.15,471.5,476.35
2014-03-26,473.25,479.75,472.0,476.2
2014-03-25,470.15,476.35,466.0,473.95
2014-03-24,470.45,473.4,468.15,468.5
2014-03-21,468.5,474.0,462.64,468.75
2014-03-20,477.0,477.0,467.6,468.25
2014-03-19,477.15,479.05,473.5,476.95
2014-03-18,476.05,480.5,475.05,477.0
2014-03-17,479.2,479.96,475.07,476.85
2014-03-14,478.8,486.07,476.3,477.25
2014-03-13,484.1,484.3,477.85,478.5
2014-03-12,483.1,485.8,482.15,482.6
2014-03-11,484.15,487.85,483.2,484.0
2014-03-10,480.0,487.15,479.25,484.0
2014-03-07,487.85,488.3,480.05,480.05
2014-03-06,488.15,489.7,485.1,486.9
2014-03-05,491.0,491.0,485.2,486.0
2014-03-04,492.85,495.45,481.0,491.5
2014-03-03,499.7,500.0,491.8,492.9
2014-02-28,504.8,506.1,501.1,504.4
2014-02-27,504.9,508.4,500.8,503.3
2014-02-26,507.0,510.0,504.7,506.8
2014-02-25,506.0,509.95,503.5,508.0
2014-02-24,498.4,505.95,498.4,505.9
2014-02-21,500.8,505.2,499.45,501.7
2014-02-20,493.8,500.0,493.72,499.55
2014-02-19,495.6,499.55,492.35,495.0
2014-02-18,488.4,495.85,488.04,495.1
2014-02-17,486.4,492.35,483.95,487.7
2014-02-14,484.5,487.65,482.4,486.4
2014-02-13,487.15,490.0,482.2,485.2
2014-02-12,487.35,493.2,486.0,487.05
2014-02-11,484.4,491.75,484.35,491.75
2014-02-10,483.95,488.17,478.74,482.05
2014-02-07,483.75,486.05,476.75,481.7
2014-02-06,472.2,484.0,469.68,482.15
2014-02-05,473.55,476.1,468.85,470.05
2014-02-04,472.5,476.35,463.8,473.8
2014-02-03,475.9,479.05,472.75,473.6
2014-01-31,478.0,480.1,470.15,478.0
2014-01-30,477.9,482.6,476.65,477.9
2014-01-29,479.75,480.45,472.55,476.9
2014-01-28,477.6,480.65,474.65,476.9
2014-01-27,485.1,487.1,474.45,475.8
2014-01-24,489.7,493.05,485.45,486.65
2014-01-23,491.8,494.3,487.74,488.15
2014-01-22,491.3,495.4,490.7,493.6
2014-01-21,494.15,495.3,490.7,491.3
2014-01-20,490.4,494.7,487.3,494.3
2014-01-17,482.0,492.0,473.7,491.05
2014-01-16,490.9,491.35,487.4,489.45
2014-01-15,493.4,494.9,491.05,492.85
2014-01-14,490.95,492.81,487.0,491.05
2014-01-13,496.3,497.65,490.54,495.8
2014-01-10,489.0,499.35,487.0,497.0
2014-01-09,495.1,499.9,494.1,495.3
2014-01-08,494.5,494.72,491.25,492.85
2014-01-07,488.05,495.11,484.1,494.0
2014-01-06,488.35,491.6,485.1,488.95
2014-01-03,488.85,493.4,486.2,487.9
2014-01-02,490.95,490.95,484.65,488.85
2013-12-31,489.1,491.26,488.05,488.05
2013-12-30,489.1,490.85,484.5,485.75
2013-12-27,485.65,490.65,482.3,488.7
2013-12-24,487.85,490.97,485.12,486.2
2013-12-23,479.0,484.9,477.45,484.85
2013-12-20,475.0,477.6,472.03,477.6
2013-12-19,471.0,472.69,468.25,472.55
2013-12-18,467.4,471.52,464.15,464.9
2013-12-17,470.1,470.96,465.0,465.0
2013-12-16,467.1,473.65,466.03,473.2
2013-12-13,468.2,470.41,465.45,465.7
2013-12-12,477.7,478.2,469.85,470.75
2013-12-11,473.45,477.9,471.9,477.2
2013-12-10,475.75,477.65,473.15,473.15
2013-12-09,479.3,483.35,476.25,476.8
2013-12-06,477.85,480.55,475.0,477.45
2013-12-05,475.65,477.75,474.03,475.15
2013-12-04,473.65,479.73,469.95,476.5
2013-12-03,477.05,478.35,471.71,473.6
2013-12-02,481.3,483.0,475.29,475.3
2013-11-29,481.2,483.75,481.0,482.0
2013-11-28,482.05,483.21,481.0,481.5
2013-11-27,485.8,488.01,481.6,482.05
2013-11-26,490.0,490.75,486.15,487.0
2013-11-25,493.0,493.0,489.04,490.1
2013-11-22,489.75,494.2,487.95,493.45
2013-11-21,487.8,490.2,485.13,489.35
2013-11-20,486.0,489.55,484.9,487.95
2013-11-19,487.8,487.95,484.35,486.75
2013-11-18,486.75,490.48,486.13,488.55
2013-11-15,483.5,488.6,481.25,488.1
2013-11-14,483.95,484.4,480.5,483.3
2013-11-13,480.35,483.19,479.1,481.25
2013-11-12,479.85,484.25,479.05,483.9
2013-11-11,479.55,482.56,477.78,481.15
2013-11-08,477.8,478.8,474.1,477.65
2013-11-07,484.6,489.45,479.25,480.45
2013-11-06,483.0,487.2,482.02,484.45
2013-11-05,490.0,490.0,485.15,488.05
2013-11-04,487.7,490.45,485.8,489.2
2013-11-01,484.75,487.7,483.5,484.75
2013-10-31,482.35,487.45,480.16,482.7
2013-10-30,478.0,491.27,477.45,482.0
2013-10-29,467.0,478.65,455.0,477.5
2013-10-28,450.8,452.1,448.1,452.1
2013-10-25,449.5,454.55,449.5,451.15
2013-10-24,452.7,453.38,448.8,450.15
2013-10-23,447.85,450.48,445.85,449.25
2013-10-22,449.85,450.21,447.3,448.0
2013-10-21,448.9,450.87,446.33,449.55
2013-10-18,445.3,447.48,443.45,447.45
2013-10-17,443.9,444.9,440.15,443.9
2013-10-16,444.55,447.75,444.45,445.75
2013-10-15,445.0,447.89,442.65,444.65
2013-10-14,438.85,443.89,437.59,443.4
2013-10-11,438.5,440.0,435.7,439.65
2013-10-10,435.1,437.37,432.9,437.3
2013-10-09,434.0,437.64,431.28,433.45
2013-10-08,437.4,438.25,432.6,433.7
2013-10-07,437.25,439.15,433.95,438.6
2013-10-04,437.2,440.8,435.1,438.25
2013-10-03,439.0,441.16,435.15,437.15
2013-10-02,430.7,434.63,426.55,432.3
2013-10-01,434.1,435.4,430.04,432.45
2013-09-30,438.0,458.28,430.85,433.1
2013-09-27,445.0,445.75,440.0,441.1
2013-09-26,441.1,444.92,440.15,444.35
2013-09-25,441.3,442.4,438.3,441.5
2013-09-24,439.0,443.29,438.95,442.3
2013-09-23,442.5,443.95,438.75,440.2
2013-09-20,438.6,448.5,438.15,442.05
2013-09-19,440.7,442.08,438.1,440.1
2013-09-18,438.85,441.45,436.2,438.3
2013-09-17,442.7,442.7,439.87,440.0
2013-09-16,444.9,448.06,441.7,443.25
2013-09-13,441.3,442.69,440.45,442.5
2013-09-12,447.1,448.33,444.55,444.7
2013-09-11,445.0,453.86,443.59,445.8
2013-09-10,447.0,448.0,442.86,443.75
2013-09-09,445.6,446.2,442.0,444.1
2013-09-06,444.8,446.85,442.25,445.55
2013-09-05,442.0,445.75,438.7,445.75
2013-09-04,442.75,443.65,439.25,443.15
2013-09-03,445.65,446.8,440.65,441.85
2013-09-02,446.5,447.05,443.7,445.55
2013-08-30,449.05,451.26,444.6,446.2
2013-08-29,454.05,454.15,448.25,450.9
2013-08-28,447.0,453.6,445.22,452.65
2013-08-27,441.5,448.23,439.65,447.1
2013-08-23,437.1,443.89,434.25,442.95
2013-08-22,432.0,438.9,432.0,437.0
2013-08-21,436.5,436.9,430.3,432.55
2013-08-20,437.05,437.7,434.6,437.2
2013-08-19,441.95,442.25,438.25,439.5
2013-08-16,440.9,442.13,439.5,441.7
2013-08-15,444.0,444.98,440.0,441.2
2013-08-14,446.3,448.95,443.45,446.25
2013-08-13,443.9,446.93,434.52,446.25
2013-08-12,444.5,446.54,442.55,442.9
2013-08-09,443.1,446.28,441.5,443.25
2013-08-08,445.1,455.66,440.2,441.8
2013-08-07,448.0,454.2,443.55,443.55
2013-08-06,454.5,456.9,451.6,454.35
2013-08-05,457.25,459.69,451.25,455.75
2013-08-02,459.45,460.53,454.75,455.4
2013-08-01,457.95,458.5,451.85,458.5
2013-07-31,454.75,459.3,452.3,454.55
2013-07-30,460.0,460.58,443.35,451.45
2013-07-29,470.15,473.7,466.45,467.4
2013-07-26,474.9,476.45,469.59,471.0
2013-07-25,473.3,474.5,468.6,473.55
2013-07-24,472.0,477.53,470.13,473.9
2013-07-23,471.0,474.61,469.66,470.75
2013-07-22,469.8,486.75,467.5,468.45
2013-07-19,468.95,470.85,465.0,469.8
2013-07-18,465.5,471.85,464.87,470.4
2013-07-17,466.25,467.6,463.25,466.5
2013-07-16,466.9,469.25,464.7,465.2
2013-07-15,464.2,469.73,463.3,465.85
2013-07-12,465.35,467.35,462.45,464.15
2013-07-11,471.9,473.35,464.3,464.75
2013-07-10,465.25,469.88,462.93,469.45
2013-07-09,462.45,465.75,460.98,464.8
2013-07-08,458.25,462.45,457.8,460.45
2013-07-05,457.1,457.65,453.25,454.0
2013-07-04,451.25,457.9,449.7,454.75
2013-07-03,452.25,453.15,446.35,448.1
2013-07-02,458.1,458.1,452.4,455.65
2013-07-01,459.5,460.04,455.0,457.95
2013-06-28,456.0,458.3,451.8,455.25
2013-06-27,453.15,457.65,450.35,456.6
2013-06-26,448.85,454.35,446.05,452.0
2013-06-25,448.5,452.45,445.64,448.55
2013-06-24,447.0,456.32,443.35,444.95
2013-06-21,448.5,451.43,445.15,445.85
2013-06-20,453.7,455.0,447.7,449.2
2013-06-19,461.85,462.8,454.6,455.0
2013-06-18,458.65,461.5,456.7,460.4
2013-06-17,455.95,460.3,452.15,458.2
2013-06-14,455.5,457.9,451.8,453.8
2013-06-13,450.05,455.5,449.85,453.45
2013-06-12,459.85,462.45,453.65,454.75
2013-06-11,461.8,462.65,455.75,460.3
2013-06-10,459.6,463.25,458.15,461.85
2013-06-07,459.2,463.07,456.85,461.0
2013-06-06,465.0,467.95,458.0,458.0
2013-06-05,467.55,472.0,462.45,464.1
2013-06-04,471.45,472.94,468.45,469.5
2013-06-03,470.9,472.2,460.95,469.0
2013-05-31,476.5,476.78,473.09,473.45
2013-05-30,477.75,481.8,476.2,478.3
2013-05-29,482.5,482.5,477.45,477.5
2013-05-28,479.15,484.7,477.45,482.65
2013-05-24,480.4,481.55,475.27,476.4
2013-05-23,475.0,480.6,473.9,477.5
2013-05-22,479.95,485.43,478.2,483.3
2013-05-21,472.55,477.65,470.34,477.65
2013-05-20,470.4,473.16,468.2,472.55
2013-05-17,465.7,470.15,462.7,469.95
2013-05-16,468.1,470.0,464.5,465.8
2013-05-15,469.95,470.0,466.85,467.6
2013-05-14,467.7,469.97,465.0,468.55
2013-05-13,466.2,467.5,464.32,465.55
2013-05-10,466.1,470.75,464.6,465.7
2013-05-09,466.05,468.5,463.05,465.5
2013-05-08,468.85,471.8,464.35,467.05
2013-05-07,473.1,473.9,467.0,473.65
2013-05-03,467.45,473.4,465.85,471.3
2013-05-02,465.75,469.5,464.1,466.25
2013-05-01,468.9,473.47,463.3,465.35
2013-04-30,475.0,475.0,465.0,466.4
2013-04-29,453.9,456.95,451.4,456.75
2013-04-26,455.95,457.56,450.1,454.1
2013-04-25,455.6,463.07,454.85,458.7
2013-04-24,452.85,459.25,451.8,458.15
2013-04-23,447.5,451.65,445.0,451.65
2013-04-22,449.35,450.1,444.55,446.65
2013-04-19,448.55,449.0,444.25,446.7
2013-04-18,440.1,443.5,437.25,441.8
2013-04-17,447.3,447.3,438.8,440.7
2013-04-16,445.95,449.64,443.55,445.6
2013-04-15,448.4,452.3,441.5,446.5
2013-04-12,450.3,452.45,445.85,448.0
2013-04-11,451.5,453.4,449.25,451.7
2013-04-10,452.65,455.45,449.8,452.0
2013-04-09,450.1,451.99,447.89,450.75
2013-04-08,449.15,451.45,444.75,448.05
2013-04-05,451.8,454.25,445.5,447.1
2013-04-04,462.0,462.0,451.15,452.0
2013-04-03,463.7,465.28,461.45,461.9
2013-04-02,460.6,464.95,459.65,462.5
2013-03-28,463.0,468.3,458.35,459.9
2013-03-27,463.15,464.75,458.15,463.45
2013-03-26,460.5,463.3,458.25,462.95
2013-03-25,460.05,461.85,457.74,459.95
2013-03-22,461.0,463.3,456.15,457.7
2013-03-21,448.5,451.0,444.2,449.4
2013-03-20,452.15,453.19,446.8,448.0
2013-03-19,446.6,452.63,446.3,449.7
2013-03-18,446.15,450.73,442.1,448.5
2013-03-15,451.4,452.45,444.8,449.65
2013-03-14,449.0,451.98,446.3,451.05
2013-03-13,452.6,452.6,445.1,449.3
2013-03-12,452.3,455.4,451.7,452.1
2013-03-11,449.9,454.75,449.46,452.55
2013-03-08,448.95,452.91,448.2,450.7
2013-03-07,450.0,452.13,448.4,449.6
2013-03-06,447.05,451.3,445.15,449.5
2013-03-05,443.9,447.94,441.65,447.0
2013-03-04,446.45,450.01,443.22,443.9
2013-03-01,443.2,449.0,441.55,446.35
2013-02-28,447.9,448.47,443.55,445.7
2013-02-27,444.95,448.04,442.55,446.95
2013-02-26,442.9,449.5,441.6,444.1
2013-02-25,453.0,455.9,448.8,451.15
2013-02-22,443.1,445.91,441.45,444.05
2013-02-21,445.6,448.3,438.3,443.0
2013-02-20,448.5,450.79,442.43,447.75
2013-02-19,444.1,450.8,443.6,446.35
2013-02-18,448.55,450.15,444.25,445.0
2013-02-15,451.45,452.5,446.7,448.1
2013-02-14,452.5,452.85,446.5,450.05
2013-02-13,454.5,457.25,450.77,453.6
2013-02-12,456.1,460.48,453.2,460.05
2013-02-11,453.05,457.0,451.65,454.75
2013-02-08,455.8,458.08,450.8,455.6
2013-02-07,466.0,469.56,455.95,456.8
2013-02-06,466.4,467.4,461.75,465.75
2013-02-05,462.45,471.75,461.55,468.7
2013-02-04,472.5,474.45,460.75,462.05
2013-02-01,467.0,474.23,467.0,472.5
2013-01-31,474.8,478.35,466.75,466.75
2013-01-30,475.55,482.33,473.79,475.9
2013-01-29,470.0,476.8,468.75,475.65
2013-01-28,463.5,469.85,462.15,468.45
2013-01-25,463.15,470.01,461.25,465.3
2013-01-24,461.75,469.0,460.56,467.7
2013-01-23,457.0,465.05,455.1,463.25
2013-01-22,455.0,461.03,454.7,455.45
2013-01-21,459.6,463.35,458.52,459.0
2013-01-18,461.3,462.05,457.2,460.35
2013-01-17,458.4,462.1,455.32,461.0
2013-01-16,459.0,461.4,455.16,458.4
2013-01-15,459.1,459.8,455.27,459.5
2013-01-14,461.8,463.21,458.75,459.3
2013-01-11,461.95,466.85,459.04,461.95
2013-01-10,458.7,462.85,456.94,461.05
2013-01-09,449.0,460.12,445.12,458.65
2013-01-08,446.2,451.78,445.8,448.95
2013-01-07,452.6,452.95,447.4,448.75
2013-01-04,448.5,454.6,444.15,453.5
2013-01-03,435.0,444.0,431.9,441.7
2013-01-02,429.25,433.58,426.5,431.3
2012-12-31,423.95,428.81,421.8,424.8
2012-12-28,430.0,430.47,421.61,425.05
2012-12-27,430.0,432.4,425.55,428.45
2012-12-24,433.0,435.69,429.2,430.7
2012-12-21,428.6,432.68,423.8,430.75
2012-12-20,433.45,433.5,427.6,430.1
2012-12-19,429.75,432.4,427.0,431.3
2012-12-18,428.65,430.82,426.8,428.45
2012-12-17,427.6,428.36,423.05,427.0
2012-12-14,427.5,429.95,423.85,426.45
2012-12-13,430.0,432.28,427.2,428.75
2012-12-12,427.5,431.32,425.2,430.05
2012-12-11,425.1,429.89,424.33,427.5
2012-12-10,425.9,427.72,424.9,426.1
2012-12-07,427.8,429.7,423.55,426.05
2012-12-06,427.0,429.31,424.15,427.6
2012-12-05,426.7,427.41,420.5,425.5
2012-12-04,427.8,429.92,422.7,424.3
2012-12-03,433.55,434.95,428.36,430.15
2012-11-30,430.1,433.58,427.7,431.6
2012-11-29,430.0,432.1,428.35,431.05
2012-11-28,429.65,431.95,418.7,429.4
2012-11-27,434.45,435.51,429.65,431.25
2012-11-26,434.05,435.53,430.45,431.35
2012-11-23,435.25,437.26,432.0,435.5
2012-11-22,434.8,436.03,432.45,433.6
2012-11-21,430.75,434.67,429.05,433.0
2012-11-20,430.9,434.75,428.6,432.25
2012-11-19,422.5,431.7,422.0,431.6
2012-11-16,423.9,426.55,416.35,416.6
2012-11-15,422.0,434.65,421.1,425.4
2012-11-14,427.2,431.5,425.15,425.75
2012-11-13,427.25,429.0,423.0,428.8
2012-11-12,430.7,432.1,426.35,427.3
2012-11-09,426.75,431.45,422.85,429.2
2012-11-08,436.75,437.4,429.95,430.25
2012-11-07,443.9,447.99,432.8,432.9
2012-11-06,440.9,444.89,439.85,444.2
2012-11-05,443.05,443.7,437.75,441.2
2012-11-02,446.3,447.88,442.1,445.2
2012-11-01,442.1,446.78,437.7,444.5
2012-10-31,444.45,450.93,442.25,443.3
2012-10-30,439.5,449.57,437.05,442.85
2012-10-29,429.4,431.55,423.75,425.0
2012-10-26,429.25,434.7,427.14,431.6
2012-10-25,434.5,436.95,430.65,431.1
2012-10-24,434.95,439.1,431.75,435.0
2012-10-23,445.25,446.95,431.95,433.25
2012-10-22,450.0,459.35,440.6,443.45
2012-10-19,451.4,455.07,450.0,450.4
2012-10-18,449.35,464.71,448.25,452.05
2012-10-17,435.45,454.39,431.66,448.35
2012-10-16,431.55,436.8,429.84,435.35
2012-10-15,431.95,434.51,427.85,429.55
2012-10-12,437.3,439.35,431.35,431.45
2012-10-11,435.55,440.85,434.45,438.75
2012-10-10,435.75,438.3,432.0,436.05
2012-10-09,438.0,441.89,433.74,437.6
2012-10-08,433.85,438.0,433.15,437.0
2012-10-05,440.0,441.75,433.5,436.75
2012-10-04,439.0,439.85,430.25,434.2
2012-10-03,438.0,441.4,437.07,439.05
2012-10-02,436.45,439.76,433.65,438.35
2012-10-01,434.8,441.15,434.0,438.55
2012-09-28,441.1,444.35,436.5,436.5
2012-09-27,439.0,442.05,438.55,440.6
2012-09-26,442.35,444.31,437.8,438.35
2012-09-25,443.3,447.3,443.3,446.0
2012-09-24,438.8,444.52,438.05,443.0
2012-09-21,445.0,448.1,440.35,441.0
2012-09-20,442.8,445.69,438.75,444.3
2012-09-19,440.5,445.4,439.3,443.75
2012-09-18,444.2,446.0,436.8,438.95
2012-09-17,449.0,452.5,448.0,451.5
2012-09-14,448.85,454.17,447.95,450.2
2012-09-13,440.6,444.89,439.1,444.85
2012-09-12,442.9,443.35,437.95,441.0
2012-09-11,439.05,444.25,438.0,443.0
2012-09-10,434.75,441.75,431.0,437.8
2012-09-07,431.45,434.75,426.0,434.7
2012-09-06,424.75,431.93,422.2,431.45
2012-09-05,425.0,427.14,417.03,423.85
2012-09-04,444.65,444.65,435.9,436.6
2012-09-03,442.85,445.0,440.58,443.7
2012-08-31,441.3,445.9,440.05,441.35
2012-08-30,440.6,444.31,438.1,442.05
2012-08-29,443.05,444.75,441.6,441.95
2012-08-28,446.1,447.5,442.05,444.25
2012-08-24,444.15,445.4,440.81,444.55
2012-08-23,447.35,450.0,444.77,445.45
2012-08-22,448.45,448.65,446.0,447.0
2012-08-21,452.5,452.9,448.45,450.65
2012-08-20,453.5,453.5,449.79,452.0
2012-08-17,453.0,456.0,451.5,454.35
2012-08-16,451.8,452.48,448.05,451.25
2012-08-15,449.9,452.22,447.6,450.0
2012-08-14,448.5,452.96,448.05,450.9
2012-08-13,448.2,449.7,446.2,446.85
2012-08-10,448.2,452.5,445.74,448.6
2012-08-09,451.5,453.55,446.3,448.9
2012-08-08,447.45,452.4,445.05,450.95
2012-08-07,443.9,453.8,443.9,453.8
2012-08-06,437.3,442.55,435.4,441.0
2012-08-03,430.0,438.31,429.55,437.95
2012-08-02,429.45,436.75,426.35,429.25
2012-08-01,422.5,428.6,421.15,428.05
2012-07-31,430.0,442.8,423.55,425.05
2012-07-30,438.95,446.6,436.85,444.45
2012-07-27,436.75,440.13,431.6,438.7
2012-07-26,428.1,433.88,422.55,432.7
2012-07-25,424.35,431.8,423.0,428.45
2012-07-24,434.0,437.71,426.95,427.85
2012-07-23,437.0,438.17,427.5,430.55
2012-07-20,443.95,445.0,438.77,439.85
2012-07-19,444.3,446.9,440.5,444.2
2012-07-18,443.0,446.05,440.1,444.9
2012-07-17,442.0,446.98,439.85,444.0
2012-07-16,436.5,443.17,436.1,441.5
2012-07-13,436.5,442.0,435.6,438.1
2012-07-12,431.35,435.9,428.6,435.1
2012-07-11,425.9,432.8,423.8,432.55
2012-07-10,425.25,430.4,422.6,428.5
2012-07-09,426.0,428.42,420.15,423.95
2012-07-06,432.15,437.6,426.95,428.2
2012-07-05,430.1,439.85,429.55,434.2
2012-07-04,432.55,433.68,422.45,430.55
2012-07-03,430.0,433.35,427.25,432.9
2012-07-02,427.3,432.5,421.95,432.5
2012-06-29,419.05,425.45,415.6,421.95
2012-06-28,410.8,412.4,405.25,412.4
2012-06-27,403.05,409.94,400.3,408.5
2012-06-26,404.95,408.81,401.2,401.6
2012-06-25,407.0,409.62,401.05,402.05
2012-06-22,407.3,411.09,403.02,407.25
2012-06-21,422.25,424.23,412.1,412.1
2012-06-20,425.1,426.87,423.25,425.65
2012-06-19,423.0,429.15,422.0,426.9
2012-06-18,428.35,428.55,417.65,420.7
2012-06-15,421.35,427.0,416.7,423.5
2012-06-14,418.0,420.43,413.35,416.7
2012-06-13,417.05,420.38,413.65,418.7
2012-06-12,412.8,418.25,408.85,417.45
2012-06-11,417.85,420.01,413.95,414.9
2012-06-08,412.0,412.45,406.63,409.05
2012-06-07,409.0,421.1,408.02,413.6
2012-06-06,399.7,408.05,399.0,406.95
2012-06-01,407.7,414.8,397.5,402.0
2012-05-31,398.4,402.75,391.55,394.9
2012-05-30,403.7,404.23,396.25,398.3
2012-05-29,396.0,409.43,396.0,406.85
2012-05-25,405.65,408.8,401.7,407.35
2012-05-24,397.9,409.95,393.9,407.0
2012-05-23,399.0,401.3,393.9,393.9
2012-05-22,398.5,405.57,395.91,401.95
2012-05-21,393.4,398.39,359.9,395.6
2012-05-18,392.0,399.15,389.5,391.95
2012-05-17,401.0,401.2,391.72,396.65
2012-05-16,395.75,404.65,395.05,399.65
2012-05-15,404.9,407.15,398.4,400.4
2012-05-14,411.0,411.25,402.13,403.9
2012-05-11,409.8,417.3,405.0,415.1
2012-05-10,407.95,412.68,401.42,410.5
2012-05-09,412.1,414.12,401.3,404.0
2012-05-08,420.0,425.19,413.2,415.0
2012-05-04,432.2,433.77,421.0,422.15
2012-05-03,436.95,439.01,431.95,435.7
2012-05-02,441.15,443.85,431.9,433.8
2012-05-01,437.0,443.37,429.0,441.3
2012-04-30,447.1,448.67,441.4,445.0
2012-04-27,441.95,448.34,440.1,446.35
2012-04-26,434.0,445.12,433.75,444.25
2012-04-25,438.05,439.58,431.15,432.3
2012-04-24,432.05,438.77,430.5,436.6
2012-04-23,431.55,432.92,423.75,429.7
2012-04-20,440.0,441.65,428.68,434.85
2012-04-19,448.45,452.2,440.05,440.05
2012-04-18,451.0,452.0,445.13,446.0
2012-04-17,441.25,453.05,441.2,452.5
2012-04-16,441.9,449.87,441.9,442.95
2012-04-13,445.5,446.1,439.7,441.85
2012-04-12,442.95,446.72,433.5,444.85
2012-04-11,444.15,450.07,442.7,444.25
2012-04-10,455.0,455.0,445.35,445.35
2012-04-05,452.5,456.35,445.94,456.1
2012-04-04,463.5,465.85,450.5,452.05
2012-04-03,472.85,475.47,464.2,464.25
2012-04-02,466.8,471.45,462.31,471.45
2012-03-30,461.25,466.58,457.7,462.55
2012-03-29,467.95,468.75,456.5,458.9
2012-03-28,471.0,474.13,468.1,468.1
2012-03-27,483.0,484.45,471.35,471.35
2012-03-26,481.5,484.49,477.3,481.9
2012-03-23,477.0,480.62,473.3,477.55
2012-03-22,481.6,482.25,474.59,476.55
2012-03-21,485.8,487.8,481.05,481.55
2012-03-20,490.0,491.55,483.14,484.1
2012-03-19,491.0,493.42,487.7,491.25
2012-03-16,494.9,496.28,487.45,490.15
2012-03-15,495.05,496.16,490.5,492.75
2012-03-14,500.0,503.02,497.1,499.05
2012-03-13,497.65,501.19,495.75,498.85
2012-03-12,493.75,554.0,491.15,495.7
2012-03-09,493.0,495.74,487.8,493.9
2012-03-08,492.5,498.96,490.4,494.45
2012-03-07,487.35,493.79,485.75,492.75
2012-03-06,500.0,502.79,489.3,490.1
2012-03-05,510.0,512.0,500.86,504.6
2012-03-02,496.3,499.99,492.55,496.5
2012-03-01,492.3,497.05,491.23,496.4
2012-02-29,500.5,501.6,490.43,492.4
2012-02-28,502.0,503.13,497.0,499.3
2012-02-27,500.0,505.81,497.0,501.7
2012-02-24,499.0,501.17,495.3,496.2
2012-02-23,494.7,497.77,492.67,495.35
2012-02-22,498.8,499.85,493.85,496.95
2012-02-21,497.0,502.1,494.17,497.7
2012-02-20,497.9,503.0,496.25,499.25
2012-02-17,491.2,493.04,484.75,488.95
2012-02-16,485.0,494.1,483.95,487.55
2012-02-15,491.15,499.71,483.1,487.4
2012-02-14,494.3,501.37,494.3,494.8
2012-02-13,492.4,496.5,490.3,496.0
2012-02-10,488.2,494.05,485.15,490.3
2012-02-09,494.25,498.88,490.4,493.4
2012-02-08,488.0,491.02,483.92,489.75
2012-02-07,491.0,493.92,479.15,486.5
2012-02-06,487.25,490.98,483.26,489.55
2012-02-03,477.6,484.8,474.35,484.5
2012-02-02,482.6,482.6,473.05,477.9
2012-02-01,482.0,487.59,479.7,483.0
2012-01-31,467.0,475.1,465.85,470.85
2012-01-30,460.95,464.13,455.05,458.45
2012-01-27,470.9,472.33,463.6,464.55
2012-01-26,474.45,480.16,470.85,476.75
2012-01-25,480.0,480.0,472.15,474.55
2012-01-24,474.05,479.21,471.9,477.4
2012-01-23,469.6,481.05,465.85,476.7
2012-01-20,481.6,482.45,466.3,467.45
2012-01-19,481.55,485.3,477.8,482.45
2012-01-18,481.2,483.16,477.3,481.4
2012-01-17,482.95,487.6,477.68,481.95
2012-01-16,472.95,479.5,472.3,478.0
2012-01-13,479.0,482.3,471.55,476.3
2012-01-12,475.2,479.65,470.2,479.5
2012-01-11,479.75,480.15,468.44,475.3
2012-01-10,478.8,481.8,474.55,479.6
2012-01-09,478.9,479.0,472.0,473.6
2012-01-06,478.2,483.6,474.35,477.05
2012-01-05,478.15,481.34,471.1,474.05
2012-01-04,471.5,482.08,469.25,473.45
2012-01-03,470.0,471.87,460.67,471.05
2011-12-30,460.05,461.75,456.12,460.5
2011-12-29,457.5,460.85,454.0,460.85
2011-12-28,460.0,461.58,451.1,455.75
2011-12-23,458.9,460.42,455.0,459.7
2011-12-22,443.4,453.6,442.45,450.3
2011-12-21,448.75,449.64,435.6,439.55
2011-12-20,436.55,445.7,433.0,444.0
2011-12-19,440.6,442.3,434.4,437.65
2011-12-16,448.0,449.95,443.65,445.75
2011-12-15,443.05,452.4,442.0,447.85
2011-12-14,448.8,451.05,440.2,440.95
2011-12-13,445.45,456.8,443.8,452.25
2011-12-12,451.6,452.35,444.55,444.55
2011-12-09,446.35,459.15,446.35,452.05
2011-12-08,457.05,460.73,448.0,451.1
2011-12-07,469.95,471.45,455.3,460.05
2011-12-06,460.8,470.35,460.7,465.55
2011-12-05,468.3,469.6,461.0,466.3
2011-12-02,459.9,466.4,458.5,464.8
2011-12-01,459.55,465.29,453.75,454.35
2011-11-30,436.7,464.89,435.0,460.75
2011-11-29,437.0,443.55,433.45,438.8
2011-11-28,431.7,439.58,427.5,437.8
2011-11-25,419.25,430.62,416.99,425.4
2011-11-24,426.0,428.08,418.04,420.55
2011-11-23,431.85,432.73,424.9,426.4
2011-11-22,443.0,445.16,434.73,435.8
2011-11-21,447.85,447.85,439.56,440.0
2011-11-18,450.4,454.12,447.55,449.95
2011-11-17,461.45,462.0,448.63,455.6
2011-11-16,455.4,465.47,452.34,464.25
2011-11-15,454.15,458.46,450.39,457.15
2011-11-14,461.85,461.89,456.27,458.8
2011-11-11,450.05,459.15,447.2,458.3
2011-11-10,441.25,452.3,440.17,448.65
2011-11-09,461.45,466.05,444.15,450.0
2011-11-08,454.05,463.47,453.0,457.3
2011-11-07,444.95,456.95,442.7,452.8
2011-11-04,456.1,459.55,448.75,452.55
2011-11-03,447.0,465.0,447.0,456.7
2011-11-02,444.85,454.78,441.0,452.6
2011-11-01,450.95,453.0,436.25,444.0
2011-10-31,465.0,468.79,460.95,461.0
2011-10-28,469.0,477.54,460.5,467.2
2011-10-27,472.0,472.35,463.15,467.85
2011-10-26,455.2,461.0,452.3,461.0
2011-10-25,444.0,461.76,444.0,457.2
2011-10-24,443.5,443.5,431.45,438.1
2011-10-21,434.1,443.7,427.6,439.4
2011-10-20,428.5,433.75,427.1,429.8
2011-10-19,437.45,437.94,432.65,436.95
2011-10-18,421.5,437.63,421.25,430.9
2011-10-17,430.5,440.54,421.3,425.55
2011-10-14,408.85,418.45,407.55,416.4
2011-10-13,407.9,410.35,402.0,405.8
2011-10-12,407.6,414.83,404.5,411.95
2011-10-11,405.6,406.9,399.2,405.85
2011-10-10,398.0,406.1,394.55,405.15
2011-10-07,395.7,403.45,392.0,393.6
2011-10-06,385.75,393.59,383.38,392.8
2011-10-05,382.95,391.3,378.0,390.3
2011-10-04,381.0,381.45,363.95,372.0
2011-10-03,382.25,388.5,379.35,386.85
2011-09-30,394.0,395.0,382.3,388.5
2011-09-29,395.0,397.12,387.25,391.8
2011-09-28,403.35,410.85,396.7,399.9
2011-09-27,398.2,407.06,393.15,404.75
2011-09-26,381.25,391.66,381.0,384.7
2011-09-23,387.2,392.35,374.3,385.05
2011-09-22,391.7,395.07,376.99,384.0
2011-09-21,412.75,413.25,401.3,404.05
2011-09-20,402.6,415.9,402.6,414.5
2011-09-19,408.8,413.0,404.75,407.4
2011-09-16,415.0,426.04,410.25,413.55
2011-09-15,400.95,416.71,400.45,411.0
2011-09-14,382.0,400.55,382.0,395.1
2011-09-13,382.0,384.25,371.65,381.6
2011-09-12,371.1,377.94,366.7,375.5
2011-09-09,386.1,392.2,378.0,378.0
2011-09-08,387.0,390.8,381.55,388.5
2011-09-07,382.55,388.5,379.2,386.5
2011-09-06,362.7,375.45,361.25,371.65
2011-09-05,369.9,378.92,363.2,363.2
2011-09-02,385.45,391.0,367.85,374.4
2011-09-01,404.85,405.0,386.15,388.5
2011-08-31,398.5,407.59,395.0,402.45
2011-08-30,398.0,400.99,391.35,397.6
2011-08-26,385.55,388.92,375.4,386.3
2011-08-25,401.8,403.0,384.65,386.1
2011-08-24,399.4,403.7,392.15,399.25
2011-08-23,394.0,399.95,391.2,396.05
2011-08-22,386.85,402.77,386.05,390.2
2011-08-19,396.65,397.15,384.1,389.9
2011-08-18,409.15,412.7,394.7,400.0
2011-08-17,414.25,416.75,410.0,413.0
2011-08-16,415.35,417.25,407.5,416.55
2011-08-15,411.75,420.0,409.7,416.7
2011-08-12,398.0,408.05,392.4,404.85
2011-08-11,409.0,409.0,389.8,396.6
2011-08-10,411.0,411.9,395.5,396.4
2011-08-09,400.6,407.0,379.65,405.25
2011-08-08,402.0,414.0,400.65,403.05
2011-08-05,410.0,420.7,400.0,410.65
2011-08-04,439.0,442.27,420.37,420.5
2011-08-03,435.1,446.5,429.0,433.0
2011-08-02,455.3,458.1,446.2,447.05
2011-08-01,465.85,467.95,455.76,458.0
2011-07-29,455.9,463.6,450.6,461.0
2011-07-28,456.75,460.09,452.4,458.8
2011-07-27,466.9,466.9,458.8,460.2
2011-07-26,464.0,467.0,461.35,463.25
2011-07-25,467.4,483.04,467.0,475.4
2011-07-22,471.3,475.88,467.18,470.35
2011-07-21,473.55,473.55,465.9,470.0
2011-07-20,463.9,475.25,460.45,472.0
2011-07-19,459.2,463.0,457.0,460.6
2011-07-18,453.8,460.5,453.15,456.0
2011-07-15,456.05,460.5,452.9,459.0
2011-07-14,452.95,463.3,448.8,457.95
2011-07-13,453.5,458.0,452.5,456.5
2011-07-12,453.05,457.6,449.5,453.25
2011-07-11,460.2,462.25,453.55,459.1
2011-07-08,463.95,468.01,458.1,458.5
2011-07-07,459.05,464.19,455.3,462.6
2011-07-06,456.0,456.85,449.4,455.0
2011-07-05,462.8,464.1,458.7,459.35
2011-07-04,460.15,464.15,459.0,462.85
2011-07-01,460.0,460.05,455.05,459.65
2011-06-30,451.9,459.15,449.95,458.65
2011-06-29,446.1,450.65,444.05,449.35
2011-06-28,442.85,445.9,440.3,443.5
2011-06-27,434.0,440.55,434.0,440.0
2011-06-24,442.5,445.0,434.85,437.15
2011-06-23,444.75,446.75,434.6,435.5
2011-06-22,444.6,446.75,441.25,445.25
2011-06-21,435.5,446.6,433.1,445.7
2011-06-20,429.0,431.93,427.45,429.65
2011-06-17,431.0,433.9,428.0,433.2
2011-06-16,428.0,434.65,425.0,433.9
2011-06-15,440.0,442.49,435.5,435.5
2011-06-14,439.0,442.85,438.55,440.5
2011-06-13,441.35,443.25,436.0,437.55
2011-06-10,449.9,451.74,442.05,442.05
2011-06-09,444.15,451.57,442.75,450.05
2011-06-08,447.8,449.0,439.7,444.15
2011-06-07,449.2,452.25,447.7,448.15
2011-06-06,452.05,456.05,448.8,450.9
2011-06-03,456.0,456.95,448.25,454.35
2011-06-02,462.5,463.3,455.65,455.65
2011-06-01,468.4,471.15,463.2,466.15
2011-05-31,462.05,470.35,462.05,468.35
2011-05-27,463.5,464.75,459.65,459.65
2011-05-26,459.0,463.75,456.25,461.2
2011-05-25,451.8,458.7,450.85,457.2
2011-05-24,454.15,460.05,452.55,456.4
2011-05-23,455.0,459.1,451.8,452.0
2011-05-20,455.35,466.0,453.0,460.0
2011-05-19,446.0,452.8,445.0,447.9
2011-05-18,438.75,442.3,437.45,441.05
2011-05-17,435.0,445.8,434.1,434.8
2011-05-16,438.6,443.0,435.5,438.45
2011-05-13,444.5,449.45,441.8,442.2
2011-05-12,444.9,445.5,438.5,443.25
2011-05-11,454.0,463.2,447.15,448.0
2011-05-10,452.95,458.85,452.55,455.45
2011-05-09,452.0,458.6,450.5,454.5
2011-05-06,442.0,456.41,431.2,454.7
2011-05-05,447.6,452.9,440.6,441.05
2011-05-04,455.4,456.95,446.74,448.7
2011-05-03,460.35,463.7,454.45,457.95
2011-04-29,462.55,462.55,462.55,462.55
2011-04-28,463.6,464.6,459.05,462.55
2011-04-27,465.0,472.06,463.0,466.0
2011-04-26,460.0,466.74,460.0,464.2
2011-04-21,469.95,471.5,460.45,460.6
2011-04-20,457.95,469.25,457.0,466.25
2011-04-19,455.5,456.42,450.95,452.5
2011-04-18,456.05,458.84,448.45,451.65
2011-04-15,460.5,462.05,453.18,455.75
2011-04-14,462.5,464.25,458.03,460.05
2011-04-13,462.55,469.6,460.84,464.2
2011-04-12,470.0,470.0,460.65,461.35
2011-04-11,479.8,479.8,472.5,474.8
2011-04-08,476.15,480.23,475.0,478.5
2011-04-07,472.6,477.15,472.6,474.9
2011-04-06,475.55,478.04,471.4,476.5
2011-04-05,471.05,476.75,470.2,474.85
2011-04-04,470.95,475.6,469.25,469.25
2011-04-01,461.0,472.63,460.0,470.0
2011-03-31,457.0,460.95,452.0,454.0
2011-03-30,465.0,468.75,458.2,458.45
2011-03-29,478.0,478.0,461.9,466.55
2011-03-28,482.0,484.05,476.65,477.1
2011-03-25,478.0,485.45,474.5,483.55
2011-03-24,469.95,482.15,466.55,480.9
2011-03-23,460.0,472.0,460.0,470.25
2011-03-22,463.45,472.03,462.05,463.6
2011-03-21,465.0,466.25,461.2,464.6
2011-03-18,460.0,466.25,459.0,462.0
2011-03-17,455.0,458.78,449.0,457.6
2011-03-16,454.35,475.0,447.5,450.3
2011-03-15,450.0,453.9,431.0,451.25
2011-03-14,470.3,470.6,457.9,459.3
2011-03-11,472.9,474.71,465.95,468.4
2011-03-10,481.9,485.85,475.3,476.5
2011-03-09,494.8,495.8,485.0,485.05
2011-03-08,495.35,497.0,488.5,493.8
2011-03-07,494.1,503.8,491.2,497.5
2011-03-04,492.95,496.35,487.45,493.9
2011-03-03,489.2,492.9,485.15,491.5
2011-03-02,487.0,488.79,482.8,484.5
2011-03-01,498.4,498.59,488.85,490.0
2011-02-28,495.5,498.95,492.25,494.7
2011-02-25,490.0,496.85,490.0,494.75
2011-02-24,484.35,495.3,484.35,493.0
2011-02-23,486.0,490.9,485.0,488.5
2011-02-22,487.8,496.15,485.25,492.75
2011-02-21,491.0,495.4,489.78,491.55
2011-02-18,493.7,494.7,490.95,493.0
2011-02-17,489.5,491.0,485.7,489.35
2011-02-16,485.6,490.8,484.5,488.85
2011-02-15,484.0,486.9,482.3,486.2
2011-02-14,480.0,481.39,473.14,480.0
2011-02-11,475.05,478.5,471.65,475.75
2011-02-10,475.05,478.45,471.75,476.7
2011-02-09,480.15,481.0,476.45,476.45
2011-02-08,480.0,485.1,479.15,484.5
2011-02-07,478.0,485.1,475.75,481.45
2011-02-04,481.6,483.85,475.4,476.25
2011-02-03,485.9,488.5,476.4,477.95
2011-02-02,495.0,495.6,485.55,488.0
2011-02-01,480.5,492.0,475.0,491.0
2011-01-31,484.55,489.75,482.05,484.85
2011-01-28,486.1,491.15,481.25,486.8
2011-01-27,489.0,491.75,484.6,486.4
2011-01-26,497.0,499.15,486.0,491.7
2011-01-25,500.0,500.4,493.85,497.0
2011-01-24,497.0,501.3,491.2,497.0
2011-01-21,497.3,497.3,497.3,497.3
2011-01-20,504.0,504.0,492.1,494.05
2011-01-19,514.0,514.9,504.7,506.0
2011-01-18,503.8,511.7,502.8,509.0
2011-01-17,510.0,512.1,500.2,500.7
2011-01-14,501.9,505.1,495.0,499.5
2011-01-13,506.0,512.0,503.0,503.7
2011-01-12,498.5,505.0,498.5,503.9
2011-01-11,490.0,500.0,490.0,500.0
2011-01-10,485.2,488.0,479.0,486.35
2011-01-07,496.0,498.15,486.8,492.5
2011-01-06,499.25,511.5,495.4,496.9
2011-01-05,492.0,500.5,490.7,499.25
2011-01-04,486.45,498.05,483.5,492.9
2010-12-31,475.0,475.0,465.55,465.55
2010-12-30,471.85,474.9,468.05,471.2
2010-12-29,473.35,475.95,469.75,473.35
2010-12-24,475.75,478.5,471.8,474.55
2010-12-23,472.9,477.3,472.5,476.65
2010-12-22,471.65,472.05,467.95,470.0
2010-12-21,470.0,472.95,470.0,472.45
2010-12-20,466.25,471.5,465.2,469.1
2010-12-17,468.8,470.6,464.2,467.15
2010-12-16,470.0,470.0,470.0,470.0
2010-12-15,469.55,479.0,467.3,476.55
2010-12-14,458.35,475.1,457.2,473.1
2010-12-13,453.35,462.5,452.0,458.35
2010-12-10,452.0,456.8,449.15,455.0
2010-12-09,456.15,458.3,452.05,455.4
2010-12-08,454.0,462.4,452.3,456.6
2010-12-07,452.0,461.0,452.0,455.0
2010-12-06,439.5,451.0,436.75,450.0
2010-12-03,443.45,444.0,435.2,435.2
2010-12-02,435.5,442.9,433.1,441.6
2010-12-01,427.35,433.55,426.15,429.85
2010-11-30,431.3,432.9,425.0,425.95
2010-11-29,438.0,442.9,428.25,428.25
2010-11-26,434.05,439.45,430.0,436.0
2010-11-25,436.5,438.6,433.0,437.4
2010-11-24,432.2,439.85,428.15,437.0
2010-11-23,430.0,435.45,428.35,428.75
2010-11-22,439.5,440.95,429.7,431.0
2010-11-19,440.25,441.0,431.55,435.85
2010-11-18,437.55,442.55,434.3,438.25
2010-11-17,434.05,436.6,432.7,435.6
2010-11-16,444.75,446.6,435.55,435.65
2010-11-15,444.0,452.85,442.0,448.7
2010-11-12,443.7,452.2,441.3,445.95
2010-11-11,449.1,452.8,445.0,449.8
2010-11-10,449.05,450.2,444.0,445.45
2010-11-09,445.25,459.2,443.05,454.45
2010-11-08,447.9,449.0,442.1,444.0
2010-11-05,447.95,451.35,441.75,446.35
2010-11-04,441.05,446.95,439.05,445.1
2010-11-03,434.95,444.25,433.65,439.3
2010-11-02,425.5,432.55,424.5,431.65
2010-11-01,426.05,428.3,420.7,424.0
2010-10-29,422.75,428.75,420.95,425.8
2010-10-28,423.35,428.1,420.55,423.0
2010-10-27,426.35,426.35,418.25,419.05
2010-10-26,428.05,431.4,422.1,426.35
2010-10-25,434.2,434.95,428.0,428.65
2010-10-22,430.05,434.6,427.25,428.7
2010-10-21,430.2,434.95,426.9,432.5
2010-10-20,435.4,435.85,428.45,435.4
2010-10-19,432.35,436.8,427.0,435.7
2010-10-18,425.95,433.9,423.15,432.15
2010-10-15,430.0,430.0,420.2,425.45
2010-10-14,436.7,437.3,428.5,429.7
2010-10-13,436.7,439.0,433.7,436.95
2010-10-12,432.0,432.0,425.05,429.15
2010-10-11,433.0,434.9,430.25,432.35
2010-10-08,436.0,436.7,431.35,435.85
2010-10-07,434.0,438.95,432.85,437.05
2010-10-06,432.2,439.1,429.4,435.55
2010-10-05,428.15,434.7,428.1,431.5
2010-10-04,441.05,442.0,430.1,430.1
2010-10-01,436.0,443.5,432.0,440.5
2010-09-30,422.25,436.15,419.8,427.8
2010-09-29,410.65,424.45,410.3,421.0
2010-09-28,405.0,406.0,397.0,405.15
2010-09-27,408.0,408.0,402.75,403.9
2010-09-24,403.85,410.0,400.75,404.9
2010-09-23,409.0,409.0,401.3,405.1
2010-09-22,413.5,415.0,405.8,406.25
2010-09-21,410.85,418.75,409.05,414.8
2010-09-20,407.65,411.95,407.0,411.35
2010-09-17,412.0,414.0,403.05,403.05
2010-09-16,408.0,413.15,405.95,408.45
2010-09-15,415.05,415.2,404.1,404.1
2010-09-14,416.8,418.7,414.25,415.2
2010-09-13,414.25,417.35,412.35,416.05
2010-09-10,412.0,414.4,408.55,411.65
2010-09-09,410.0,417.95,408.75,415.45
2010-09-08,404.0,416.65,404.0,412.15
2010-09-07,407.0,410.25,403.7,406.8
2010-09-06,405.0,409.75,404.0,406.5
2010-09-03,394.0,401.7,392.75,401.7
2010-09-02,391.0,394.45,385.55,392.6
2010-09-01,383.5,391.2,375.75,388.75
2010-08-31,377.0,381.15,372.0,380.6
2010-08-27,379.6,382.6,374.2,379.65
2010-08-26,381.0,387.3,380.05,385.6
2010-08-25,375.05,378.45,365.5,375.15
2010-08-24,385.05,386.35,373.2,377.5
2010-08-23,382.0,394.9,382.0,390.6
2010-08-20,386.05,389.9,371.55,388.35
2010-08-19,399.6,402.0,386.4,386.7
2010-08-18,404.9,406.95,396.15,397.6
2010-08-17,406.25,409.9,403.65,408.0
2010-08-16,416.3,416.65,406.15,409.75
2010-08-13,414.8,417.85,401.8,416.4
2010-08-12,410.05,413.65,401.1,410.05
2010-08-11,415.25,420.0,410.1,411.0
2010-08-10,428.2,431.5,417.9,419.35
2010-08-09,434.2,436.9,430.0,432.75
2010-08-06,429.75,438.25,423.7,425.35
2010-08-05,418.0,434.5,418.0,423.4
2010-08-04,418.0,425.9,408.6,421.65
2010-08-03,412.95,415.65,407.0,415.65
2010-08-02,410.0,415.75,405.3,413.1
2010-07-30,408.0,413.4,404.3,405.95
2010-07-29,407.0,416.25,399.4,413.45
2010-07-28,410.05,411.5,396.15,402.5
2010-07-27,418.8,421.8,401.5,406.0
2010-07-26,409.95,417.65,403.1,416.95
2010-07-23,397.0,403.2,393.1,398.6
2010-07-22,396.0,406.95,390.1,400.0
2010-07-21,390.0,403.0,390.0,399.9
2010-07-20,396.0,399.05,381.45,387.45
2010-07-19,399.0,401.0,376.85,387.85
2010-07-16,424.9,426.45,403.7,407.15
2010-07-15,395.95,405.2,392.9,401.75
2010-07-14,410.0,411.5,391.0,401.0
2010-07-13,409.95,419.85,402.2,410.35
2010-07-12,381.55,402.55,378.0,398.95
2010-07-09,369.05,375.0,358.2,364.8
2010-07-08,366.0,375.0,363.0,367.0
2010-07-07,347.4,364.25,346.6,362.05
2010-07-06,342.0,349.45,338.0,345.5
2010-07-05,324.55,339.9,323.0,333.3
2010-07-02,326.0,330.35,320.45,322.0
2010-07-01,320.0,338.3,312.65,327.95
2010-06-30,312.0,330.85,309.55,318.9
2010-06-29,298.5,307.4,298.0,302.9
2010-06-28,308.0,317.8,303.0,308.25
2010-06-25,324.0,324.8,296.0,304.6
2010-06-24,336.2,338.5,324.1,325.25
2010-06-23,336.0,340.8,332.3,333.5
2010-06-22,340.25,344.65,328.4,334.2
2010-06-21,357.05,357.45,338.2,349.5
2010-06-18,362.0,379.5,354.4,357.45
2010-06-17,360.0,369.8,352.0,359.7
2010-06-16,340.0,349.6,333.5,337.0
2010-06-15,352.0,362.6,336.75,342.0
2010-06-14,388.0,395.0,351.0,355.45
2010-06-11,374.0,398.0,367.5,391.9
2010-06-10,348.0,380.5,345.15,365.5
2010-06-09,402.35,404.5,380.5,391.55
2010-06-08,430.0,432.0,396.8,408.9
2010-06-07,430.0,448.0,427.55,430.3
2010-06-04,450.0,452.75,432.5,433.35
2010-06-03,440.0,450.05,431.1,432.25
2010-06-02,418.0,431.9,415.1,429.75
2010-06-01,440.0,446.35,411.5,430.0
2010-05-28,517.0,517.0,494.8,494.8
2010-05-27,500.0,524.3,498.5,520.8
2010-05-26,490.0,500.0,477.65,492.0
2010-05-25,475.3,489.35,469.75,485.2
2010-05-24,505.0,505.3,486.55,493.0
2010-05-21,520.0,522.5,505.2,506.7
2010-05-20,528.2,540.0,514.0,528.8
2010-05-19,527.7,536.5,522.9,523.5
2010-05-18,536.0,540.0,528.6,534.0
2010-05-17,537.0,548.0,527.5,529.9
2010-05-14,545.2,549.1,530.0,530.2
2010-05-13,547.9,549.0,541.2,547.6
2010-05-12,552.0,552.0,536.1,541.6
2010-05-11,543.5,548.3,536.3,545.5
2010-05-10,546.0,556.5,540.7,549.2
2010-05-07,552.8,570.0,546.0,553.9
2010-05-06,558.0,574.9,557.0,567.0
2010-05-05,561.3,574.8,552.5,565.0
2010-05-04,546.0,559.0,545.0,558.5
2010-04-30,574.9,581.0,559.6,575.5
2010-04-29,621.0,621.0,578.0,584.2
2010-04-28,613.5,630.2,612.2,625.0
2010-04-27,637.9,639.6,610.0,610.0
2010-04-26,646.0,650.2,626.7,626.8
2010-04-23,643.0,643.0,635.7,639.7
2010-04-22,648.0,649.5,635.6,636.4
2010-04-21,656.0,658.2,647.2,648.2
2010-04-20,645.0,655.6,644.0,655.4
2010-04-19,638.0,644.4,637.0,642.5
2010-04-16,650.9,654.3,640.2,641.8
2010-04-15,647.0,653.4,642.2,653.0
2010-04-14,640.8,647.9,640.8,643.1
2010-04-13,638.1,642.7,636.2,640.7
2010-04-12,641.9,643.4,636.1,641.1
2010-04-09,641.0,644.9,638.3,641.1
2010-04-08,637.1,640.2,635.0,637.1
2010-04-07,643.9,645.4,639.6,642.3
2010-04-06,633.9,646.3,632.1,646.3
2010-04-01,625.1,631.3,623.4,631.3
2010-03-31,625.1,625.9,619.2,623.4
2010-03-30,628.8,632.5,623.1,624.0
2010-03-29,630.5,633.8,623.8,628.2
2010-03-26,632.8,634.7,629.7,631.6
2010-03-25,637.2,639.4,633.2,635.0
2010-03-24,637.6,639.1,630.4,637.2
2010-03-23,631.7,637.3,629.3,634.6
2010-03-22,634.5,634.5,624.5,629.8
2010-03-19,633.5,640.1,631.7,635.1
2010-03-18,628.5,637.8,626.5,633.0
2010-03-17,622.9,632.3,621.6,630.7
2010-03-16,622.8,624.7,620.0,622.4
2010-03-15,620.8,624.5,618.7,619.3
2010-03-12,626.0,626.0,618.3,619.9
2010-03-11,623.5,624.0,618.4,623.7
2010-03-10,618.7,624.9,616.9,624.9
2010-03-09,618.0,620.0,614.0,619.6
2010-03-08,613.9,618.0,610.4,616.2
2010-03-05,609.0,615.0,603.5,612.0
2010-03-04,598.5,609.6,598.3,606.7
2010-03-03,598.0,607.2,594.8,604.1
2010-03-02,598.0,601.5,591.0,600.2
2010-03-01,590.0,596.0,582.8,596.0
2010-02-26,575.1,580.0,570.2,578.7
2010-02-25,573.8,580.1,566.3,567.4
2010-02-24,574.0,578.8,572.4,576.3
2010-02-23,584.0,584.0,570.3,572.9
2010-02-22,584.8,585.4,579.8,581.2
2010-02-19,572.9,582.0,572.9,581.3
2010-02-18,573.6,578.6,571.9,577.1
2010-02-17,584.7,584.7,572.0,572.6
2010-02-16,579.3,589.5,575.8,588.2
2010-02-15,578.0,581.0,573.7,575.3
2010-02-12,578.8,580.6,572.8,573.7
2010-02-11,572.0,579.6,569.4,574.6
2010-02-10,567.8,573.7,565.5,569.7
2010-02-09,560.5,565.5,559.4,563.6
2010-02-08,563.9,565.7,555.0,563.0
2010-02-05,562.0,565.8,555.1,560.0
2010-02-04,574.1,579.5,562.9,565.1
2010-02-03,576.9,580.9,572.0,574.3
2010-02-02,579.9,579.9,563.6,572.0
2010-02-01,585.0,595.0,581.3,594.6
2010-01-29,593.2,593.8,585.1,586.9
2010-01-28,598.8,599.0,587.0,587.0
2010-01-27,596.6,598.8,590.7,594.1
2010-01-26,597.0,602.7,594.4,602.0
2010-01-25,600.5,607.7,596.9,599.0
2010-01-22,608.5,613.5,602.1,605.6
2010-01-21,622.7,626.1,609.9,610.3
2010-01-20,627.1,631.5,618.4,619.5
2010-01-19,629.0,631.8,623.1,629.5
2010-01-18,628.9,632.8,625.0,629.0
2010-01-15,629.0,631.3,623.6,629.0
2010-01-14,632.0,632.7,621.0,628.4
2010-01-13,629.0,631.5,623.1,626.6
2010-01-12,635.1,639.0,624.1,633.8
2010-01-11,627.3,638.3,624.9,635.5
2010-01-08,622.1,624.5,615.9,621.7
2010-01-07,617.3,626.2,617.1,623.3
2010-01-06,619.0,623.0,614.5,619.4
2010-01-05,614.8,621.2,609.7,620.1
2010-01-04,602.0,613.6,601.8,613.6
2009-12-31,605.4,605.4,600.0,600.0
2009-12-30,602.4,606.2,598.6,601.4
2009-12-29,613.3,613.4,604.7,605.0
2009-12-24,603.0,608.7,603.0,608.5
2009-12-23,602.9,605.9,600.7,604.3
2009-12-22,592.2,601.2,592.2,597.5
2009-12-21,576.8,595.4,576.4,591.1
2009-12-18,578.8,587.7,575.2,576.5
2009-12-17,577.3,581.0,574.3,574.3
2009-12-16,577.8,584.8,573.3,579.1
2009-12-15,581.6,582.3,572.2,579.0
2009-12-14,577.6,585.0,577.6,581.0
2009-12-11,577.1,582.9,574.3,575.2
2009-12-10,575.1,580.9,572.4,573.7
2009-12-09,579.3,581.1,572.0,576.4
2009-12-08,588.6,594.0,580.2,581.1
2009-12-07,581.1,592.5,577.5,587.6
2009-12-04,581.9,591.2,578.1,584.7
2009-12-03,590.3,592.0,579.8,582.4
2009-12-02,588.0,588.8,580.3,585.6
2009-12-01,580.6,587.9,578.5,586.7
2009-11-30,589.9,589.9,574.4,574.6
2009-11-27,562.5,588.2,562.5,583.8
2009-11-26,588.3,588.3,570.8,574.0
2009-11-25,592.0,592.0,584.5,589.7
2009-11-24,586.9,591.9,583.0,587.0
2009-11-23,582.2,591.5,582.0,588.7
2009-11-20,581.2,585.3,575.0,579.0
2009-11-19,590.6,591.6,578.0,581.5
2009-11-18,592.5,593.9,586.7,589.0
2009-11-17,583.7,589.7,582.0,587.5
2009-11-16,582.3,592.4,579.3,588.3
2009-11-13,580.8,583.0,575.5,581.1
2009-11-12,583.0,585.8,576.7,578.4
2009-11-11,590.3,592.9,582.6,583.6
2009-11-10,596.0,599.3,592.6,593.4
2009-11-09,586.0,596.0,584.0,595.2
2009-11-06,586.1,587.9,575.0,583.9
2009-11-05,578.0,590.7,576.7,587.1
2009-11-04,582.4,588.0,576.0,581.4
2009-11-03,579.0,583.9,573.3,580.3
2009-11-02,571.9,587.6,567.9,584.7
2009-10-30,582.1,587.8,568.9,572.3
2009-10-29,580.1,588.5,577.0,586.5
2009-10-28,589.0,592.2,577.7,584.4
2009-10-27,590.9,598.0,584.7,594.4
2009-10-26,564.4,576.9,564.4,567.1
2009-10-23,572.5,572.8,562.5,565.0
2009-10-22,565.0,567.5,558.0,565.0
2009-10-21,571.0,573.9,560.4,573.0
2009-10-20,579.0,579.0,565.8,569.0
2009-10-19,559.0,574.5,559.0,574.2
2009-10-16,559.9,569.5,558.4,559.1
2009-10-15,555.2,559.7,554.9,555.6
2009-10-14,552.2,563.9,551.0,559.0
2009-10-13,553.2,554.57,546.8,546.8
2009-10-12,549.0,554.2,546.3,552.2
2009-10-09,543.5,549.7,538.4,542.5
2009-10-08,547.1,548.9,537.6,545.5
2009-10-07,548.6,548.6,539.2,540.6
2009-10-06,537.1,553.1,535.0,550.2
2009-10-05,531.8,535.2,528.0,535.2
2009-10-02,539.5,542.8,530.0,535.3
2009-10-01,551.0,557.4,540.7,541.0
2009-09-30,560.5,560.5,548.1,553.0
2009-09-29,562.7,562.7,553.8,558.9
2009-09-28,551.2,559.6,546.1,559.0
2009-09-25,550.0,556.9,548.1,548.8
2009-09-24,551.2,560.9,546.0,546.3
2009-09-23,561.9,565.3,551.0,552.8
2009-09-22,560.0,568.5,558.0,561.1
2009-09-21,560.0,560.1,552.7,557.0
2009-09-18,554.75,559.15,552.0,555.0
2009-09-17,550.6,556.75,549.0,556.3
2009-09-16,547.5,548.85,540.15,547.35
2009-09-15,541.65,547.5,536.9,543.5
2009-09-14,538.75,543.4,533.1,543.0
2009-09-11,551.15,552.6,543.45,543.45
2009-09-10,559.3,559.75,542.75,547.4
2009-09-09,545.3,554.05,541.9,554.05
2009-09-08,540.0,544.2,538.4,543.0
2009-09-07,539.85,540.7,533.3,540.0
2009-09-04,541.0,541.0,531.75,536.9
2009-09-03,544.0,546.1,532.8,536.45
2009-09-02,519.6,541.7,514.8,541.65
2009-09-01,527.7,534.1,519.5,519.5
2009-08-28,532.2,535.35,526.5,532.0
2009-08-27,526.0,530.7,524.4,525.7
2009-08-26,529.1,530.85,525.35,527.55
2009-08-25,525.5,533.05,521.15,533.0
2009-08-24,529.0,534.4,522.1,528.45
2009-08-21,515.3,529.4,514.6,527.8
2009-08-20,517.0,520.45,514.3,517.0
2009-08-19,501.6,512.0,499.0,509.65
2009-08-18,503.95,506.15,499.0,502.9
2009-08-17,504.4,504.75,493.5,500.6
2009-08-14,508.25,517.9,505.0,505.5
2009-08-13,509.95,511.3,503.6,505.7
2009-08-12,505.35,514.7,503.3,507.3
2009-08-11,514.5,520.0,510.8,512.0
2009-08-10,508.7,516.2,502.95,515.0
2009-08-07,499.0,511.6,498.25,509.75
2009-08-06,507.0,507.1,498.45,499.1
2009-08-05,509.65,515.6,501.0,504.1
2009-08-04,513.5,513.8,503.6,511.3
2009-08-03,501.3,514.8,495.2,511.5
2009-07-31,500.0,505.25,497.0,497.2
2009-07-30,510.8,511.3,504.4,506.2
2009-07-29,500.8,511.7,500.8,504.0
2009-07-28,519.75,523.7,500.6,503.0
2009-07-27,512.55,526.0,510.15,519.0
2009-07-24,509.95,518.5,507.75,510.9
2009-07-23,506.0,511.9,502.7,511.15
2009-07-22,504.35,506.95,499.65,505.45
2009-07-21,502.0,507.5,500.0,505.3
2009-07-20,498.0,506.45,492.4,503.2
2009-07-17,495.0,499.0,493.1,494.7
2009-07-16,489.0,495.45,484.55,491.6
2009-07-15,476.25,489.4,475.0,489.4
2009-07-14,475.0,478.2,469.65,473.8
2009-07-13,461.25,473.6,459.3,471.6
2009-07-10,464.75,465.5,459.25,461.5
2009-07-09,469.95,469.95,461.1,465.25
2009-07-08,465.15,474.95,463.3,465.0
2009-07-07,467.5,474.5,461.05,467.8
2009-07-06,475.15,477.9,465.25,466.7
2009-07-03,480.85,486.8,478.75,479.25
2009-07-02,485.85,489.55,478.55,480.95
2009-07-01,479.5,493.4,479.5,490.0
2009-06-30,485.45,488.0,474.4,477.8
2009-06-29,472.5,485.25,471.4,482.75
2009-06-26,480.95,482.95,469.5,473.45
2009-06-25,475.5,480.3,469.7,476.25
2009-06-24,480.25,480.5,470.0,477.0
2009-06-23,475.25,482.35,473.2,475.05
2009-06-22,495.2,497.75,475.8,478.0
2009-06-19,487.0,498.75,483.75,497.0
2009-06-18,492.0,493.8,480.75,485.0
2009-06-17,502.75,504.5,487.75,491.0
2009-06-16,506.5,509.8,502.25,503.0
2009-06-15,512.5,513.5,501.5,504.25
2009-06-12,524.0,525.3,513.25,515.0
2009-06-11,530.0,533.25,524.25,524.25
2009-06-10,536.5,543.75,531.8,533.0
2009-06-09,534.0,536.5,528.25,529.75
2009-06-08,523.75,528.25,519.75,525.25
2009-06-05,527.75,532.0,522.0,523.75
2009-06-04,520.0,529.25,520.0,523.5
2009-06-03,530.0,530.25,517.0,518.5
2009-06-02,521.75,530.0,520.5,530.0
2009-06-01,515.0,525.3,511.5,524.75
2009-05-29,510.0,517.8,509.5,511.0
2009-05-28,500.0,510.25,498.5,508.25
2009-05-27,504.25,509.3,501.75,505.0
2009-05-26,502.5,507.5,491.25,505.25
2009-05-22,503.5,503.5,495.0,500.75
2009-05-21,504.0,507.0,493.75,498.0
2009-05-20,508.5,518.0,506.75,513.0
2009-05-19,513.25,513.8,505.0,509.25
2009-05-18,497.0,513.5,491.25,513.25
2009-05-15,502.0,505.3,496.5,501.0
2009-05-14,507.25,510.8,499.0,504.25
2009-05-13,512.0,518.8,507.25,510.5
2009-05-12,513.25,519.75,507.0,517.0
2009-05-11,526.0,526.8,511.5,514.5
2009-05-08,515.0,524.0,510.5,521.0
2009-05-07,508.0,517.8,500.25,510.0
2009-05-06,496.5,505.5,487.0,500.25
2009-05-05,500.0,500.25,488.8,493.0
2009-05-01,480.25,489.0,479.5,485.75
2009-04-30,490.0,494.5,481.75,482.5
2009-04-29,485.25,489.5,476.0,489.25
2009-04-28,480.0,492.25,475.0,483.5
2009-04-27,468.75,484.25,466.8,483.25
2009-04-24,462.0,479.25,459.25,478.75
2009-04-23,453.25,464.3,446.75,457.0
2009-04-22,445.75,456.0,442.5,451.0
2009-04-21,448.0,449.5,436.0,448.5
2009-04-20,449.5,453.5,444.0,445.25
2009-04-17,449.0,450.0,442.5,447.75
2009-04-16,437.0,442.5,430.5,442.5
2009-04-15,438.5,445.0,426.5,429.5
2009-04-14,451.0,451.0,429.25,438.5
2009-04-09,449.0,449.0,439.25,446.0
2009-04-08,441.5,448.0,433.0,443.25
2009-04-07,460.25,462.5,442.0,445.5
2009-04-06,461.0,464.25,446.75,453.25
2009-04-03,477.25,478.0,454.0,457.5
2009-04-02,469.25,476.5,461.0,472.5
2009-04-01,465.25,466.0,453.5,461.0
2009-03-31,460.0,474.25,459.0,471.5
2009-03-30,471.5,473.0,458.5,459.5
2009-03-27,480.0,482.0,473.25,476.5
2009-03-26,480.75,482.0,474.0,478.25
2009-03-25,469.0,482.0,468.0,476.5
2009-03-24,480.0,483.0,463.5,471.75
2009-03-23,473.0,479.25,461.5,475.75
2009-03-20,459.5,467.25,456.0,463.5
2009-03-19,463.75,470.0,452.75,462.5
2009-03-18,466.25,468.75,453.75,461.5
2009-03-17,455.75,459.3,447.5,459.0
2009-03-16,454.5,459.5,447.0,459.0
2009-03-13,458.0,463.5,447.75,450.75
2009-03-12,447.0,456.0,445.0,447.75
2009-03-11,451.25,455.5,444.5,448.25
2009-03-10,434.0,454.5,422.25,451.25
2009-03-09,417.5,440.0,416.25,438.25
2009-03-06,410.75,424.8,407.5,414.0
2009-03-05,420.0,423.5,412.0,413.0
2009-03-04,410.0,424.0,409.0,421.25
2009-03-03,421.5,427.8,400.0,404.5
2009-03-02,438.25,443.0,422.75,422.75
2009-02-27,452.25,461.0,441.75,448.25
2009-02-26,467.25,472.8,452.5,459.25
2009-02-25,459.25,465.5,450.25,464.5
2009-02-24,449.5,457.8,445.0,454.75
2009-02-23,468.0,471.3,452.3,453.5
2009-02-20,472.5,473.8,460.25,462.5
2009-02-19,483.0,485.3,471.0,483.25
2009-02-18,485.0,485.8,467.5,477.75
2009-02-17,492.25,495.5,485.0,492.5
2009-02-16,504.0,507.3,494.0,495.0
2009-02-13,515.25,518.0,505.0,505.5
2009-02-12,504.75,510.0,496.8,509.25
2009-02-11,501.0,512.0,499.5,510.0
2009-02-10,503.75,516.5,501.5,503.0
2009-02-09,508.0,516.0,502.0,511.5
2009-02-06,507.0,513.3,502.5,511.0
2009-02-05,490.5,504.5,487.5,501.5
2009-02-04,491.0,504.8,484.8,499.75
2009-02-03,473.0,488.0,461.5,487.25
2009-02-02,491.0,491.0,479.0,484.75
2009-01-30,498.25,502.0,489.25,494.5
2009-01-29,505.75,507.25,491.5,499.0
2009-01-28,513.0,516.5,503.5,504.25
2009-01-27,510.5,512.0,495.75,508.75
2009-01-26,497.3,510.5,486.25,508.0
2009-01-23,490.75,492.3,470.5,487.5
2009-01-22,498.0,501.75,487.25,489.75
2009-01-21,493.0,497.0,473.0,485.75
2009-01-20,487.5,505.0,482.0,498.0
2009-01-19,502.0,507.5,479.75,489.0
2009-01-16,495.0,507.25,488.0,492.0
2009-01-15,488.75,496.5,480.0,484.75
2009-01-14,523.0,523.0,480.75,488.75
2009-01-13,509.5,517.5,501.0,515.5
2009-01-12,517.25,519.5,508.0,509.0
2009-01-09,537.5,537.8,516.0,519.0
2009-01-08,518.0,533.75,515.0,532.0
2009-01-07,545.75,546.0,520.25,523.75
2009-01-06,560.0,565.0,550.0,554.5
2009-01-05,560.0,566.5,546.0,560.0
2009-01-02,532.75,553.5,524.5,552.75
2008-12-31,525.75,529.0,523.0,526.0
2008-12-30,521.5,526.25,517.5,520.0
2008-12-29,510.75,520.75,505.0,514.25
2008-12-24,490.25,499.25,490.25,496.0
2008-12-23,501.0,513.5,501.0,504.75
2008-12-22,500.0,517.75,497.0,502.0
2008-12-19,512.25,517.0,490.0,505.0
2008-12-18,534.0,537.25,520.5,524.5
2008-12-17,528.8,540.5,520.5,535.5
2008-12-16,514.5,530.0,513.25,523.75
2008-12-15,525.5,531.5,517.0,524.75
2008-12-12,511.0,522.75,500.0,516.25
2008-12-11,515.0,541.25,510.8,537.25
2008-12-10,529.25,532.25,510.5,512.5
2008-12-09,509.0,532.0,502.5,525.25
2008-12-08,504.25,519.5,495.75,508.5
2008-12-05,498.25,500.0,476.0,478.0
2008-12-04,507.75,517.3,496.25,511.75
2008-12-03,507.5,512.5,490.0,506.0
2008-12-02,486.0,514.75,485.25,508.75
2008-12-01,524.5,528.0,495.5,496.0
2008-11-28,532.5,534.5,518.0,526.75
2008-11-27,523.0,533.5,519.5,530.25
2008-11-26,510.0,521.5,493.5,512.75
2008-11-25,511.0,540.0,504.5,520.5
2008-11-24,480.0,513.0,467.0,513.0
2008-11-21,463.0,484.0,452.0,462.25
2008-11-20,484.0,493.75,458.0,464.0
2008-11-19,508.0,514.0,485.25,488.0
2008-11-18,490.5,510.25,481.0,507.5
2008-11-17,491.0,498.75,481.0,487.75
2008-11-14,496.0,509.0,484.25,488.0
2008-11-13,468.0,475.5,450.3,471.0
2008-11-12,504.75,506.5,474.25,476.25
2008-11-11,511.0,516.0,497.75,499.25
2008-11-10,534.5,538.0,517.0,519.75
2008-11-07,504.0,524.0,501.3,515.0
2008-11-06,505.0,517.0,491.0,493.0
2008-11-05,530.0,530.5,512.0,523.0
2008-11-04,513.0,533.5,504.0,533.25
2008-11-03,513.0,515.0,498.0,508.25
2008-10-31,500.0,509.5,482.5,507.25
2008-10-30,517.0,518.75,482.0,494.5
2008-10-29,485.0,510.0,474.5,505.75
2008-10-28,472.0,476.5,444.5,461.5
2008-10-27,429.0,447.5,411.5,438.0
2008-10-24,450.0,450.0,411.8,440.0
2008-10-23,452.0,469.0,430.0,465.0
2008-10-22,466.5,468.5,439.25,442.75
2008-10-21,489.75,491.75,463.25,468.5
2008-10-20,444.75,476.75,442.0,476.75
2008-10-17,424.0,433.5,405.3,431.75
2008-10-16,401.0,423.0,389.5,397.5
2008-10-15,446.5,450.0,410.0,414.25
2008-10-14,449.0,462.25,432.0,446.75
2008-10-13,401.75,418.75,392.25,418.25
2008-10-10,379.5,399.8,370.0,376.25
2008-10-09,428.0,436.0,405.5,409.5
2008-10-08,428.0,455.0,400.75,417.0
2008-10-07,439.75,453.75,427.0,447.25
2008-10-06,441.75,452.0,422.5,429.75
2008-10-03,448.25,471.5,441.5,467.75
2008-10-02,470.5,474.8,449.5,450.0
2008-10-01,471.75,473.3,457.5,464.0
2008-09-30,455.5,471.25,446.0,464.0
2008-09-29,487.0,489.8,467.0,467.0
2008-09-26,494.75,495.0,484.5,488.5
2008-09-25,484.75,499.25,481.75,498.0
2008-09-24,494.5,495.0,481.75,487.0
2008-09-23,498.0,501.0,488.25,491.5
2008-09-22,495.0,506.5,489.0,500.25
2008-09-19,470.0,514.5,468.5,490.25
2008-09-18,474.0,482.5,464.0,464.5
2008-09-17,481.75,485.25,471.75,472.25
2008-09-16,488.0,488.0,471.0,476.0
2008-09-15,498.25,503.75,484.0,491.5
2008-09-12,506.5,511.25,502.0,510.0
2008-09-11,507.25,511.25,497.5,502.0
2008-09-10,504.0,511.0,500.5,502.0
2008-09-09,520.0,524.0,504.0,507.25
2008-09-08,512.5,517.0,510.0,517.0
2008-09-05,508.0,512.5,498.5,499.25
2008-09-04,518.5,530.75,505.5,505.5
2008-09-03,508.25,519.8,506.0,506.0
2008-09-02,515.25,516.75,507.25,511.5
2008-09-01,523.75,533.0,518.3,521.0
2008-08-29,521.75,530.75,520.75,528.75
2008-08-28,526.0,530.0,520.5,522.25
2008-08-27,518.5,528.5,516.0,525.75
2008-08-26,509.5,519.5,504.75,516.25
2008-08-22,519.5,521.5,511.0,519.25
2008-08-21,511.0,518.75,507.25,517.0
2008-08-20,511.5,517.0,510.5,510.75
2008-08-19,510.5,518.5,506.5,507.0
2008-08-18,513.25,523.5,511.3,514.5
2008-08-15,524.25,529.5,514.5,515.5
2008-08-14,532.0,537.0,522.8,527.0
2008-08-13,529.75,532.3,521.0,524.5
2008-08-12,523.75,537.75,523.0,535.0
2008-08-11,521.0,529.3,516.5,525.0
2008-08-08,528.5,531.5,515.75,519.5
2008-08-07,525.0,536.5,524.75,532.0
2008-08-06,511.5,524.5,507.5,521.0
2008-08-05,514.0,514.0,502.5,512.0
2008-08-04,519.5,534.5,516.0,518.0
2008-08-01,518.5,525.0,511.8,521.25
2008-07-31,521.0,527.0,514.5,521.5
2008-07-30,509.5,517.25,507.0,511.0
2008-07-29,529.0,538.0,504.75,506.75
2008-07-28,516.0,525.0,513.25,519.5
2008-07-25,516.0,525.0,512.5,517.5
2008-07-24,518.75,523.0,508.5,512.5
2008-07-23,533.0,533.0,519.5,521.75
2008-07-22,524.0,538.5,520.0,527.5
2008-07-21,517.0,531.75,512.75,521.5
2008-07-18,513.0,523.5,509.25,521.0
2008-07-17,510.0,522.5,503.25,519.75
2008-07-16,524.25,529.0,507.0,509.5
2008-07-15,535.0,541.0,522.0,524.25
2008-07-14,541.5,547.0,534.0,539.0
2008-07-11,548.0,554.75,538.25,538.75
2008-07-10,544.75,548.3,538.75,540.25
2008-07-09,555.25,558.75,545.0,552.0
2008-07-08,560.5,562.75,549.25,552.5
2008-07-07,559.75,573.5,555.0,572.0
2008-07-04,555.5,563.0,551.0,551.5
2008-07-03,553.75,562.5,550.0,557.0
2008-07-02,568.0,571.0,558.5,558.5
2008-07-01,579.0,583.0,569.5,569.5
2008-06-30,567.5,586.5,566.5,583.25
2008-06-27,570.25,583.75,562.0,565.25
2008-06-26,577.5,582.5,570.0,570.0
2008-06-25,576.0,585.5,572.0,573.75
2008-06-24,575.0,581.75,568.0,571.25
2008-06-23,567.0,576.75,565.0,574.75
2008-06-20,570.75,578.3,563.25,564.5
2008-06-19,587.8,589.8,578.3,579.8
2008-06-18,587.75,589.75,578.3,579.75
2008-06-17,583.0,598.0,583.0,592.25
2008-06-16,581.5,590.25,579.5,587.25
2008-06-13,584.8,595.5,581.25,585.25
2008-06-12,596.5,602.5,590.0,594.25
2008-06-11,587.0,603.5,584.5,591.75
2008-06-10,593.25,597.75,583.0,583.0
2008-06-09,582.75,599.5,581.75,594.75
2008-06-06,590.25,597.5,578.75,580.75
2008-06-05,578.5,586.5,575.5,583.0
2008-06-04,597.0,598.0,580.25,581.0
2008-06-03,603.0,606.5,598.0,604.5
2008-06-02,607.5,607.75,596.5,604.25
2008-05-30,606.75,613.5,598.25,608.0
2008-05-29,611.0,619.5,608.75,612.5
2008-05-28,616.5,619.25,601.75,605.5
2008-05-27,634.0,638.0,616.5,616.5
2008-05-23,643.25,649.25,630.0,630.0
2008-05-22,647.75,657.25,644.0,646.5
2008-05-21,634.25,652.0,634.25,649.75
2008-05-20,640.5,645.5,628.0,628.0
2008-05-19,635.25,644.5,634.5,643.0
2008-05-16,628.0,640.0,626.0,635.0
2008-05-15,623.5,628.0,617.5,625.5
2008-05-14,615.0,624.5,614.0,621.5
2008-05-13,622.0,624.0,607.5,618.5
2008-05-12,615.0,623.5,614.5,619.5
2008-05-09,619.0,621.0,611.5,613.0
2008-05-08,616.0,619.0,614.0,617.5
2008-05-07,615.5,622.5,610.5,618.0
2008-05-06,612.0,618.0,604.0,610.0
2008-05-02,608.5,613.0,603.5,611.5
2008-05-01,610.0,617.0,604.5,605.0
2008-04-30,617.0,622.0,608.0,611.0
2008-04-29,596.0,614.0,594.5,613.0
2008-04-28,582.5,589.0,578.5,578.5
2008-04-25,577.5,582.0,573.5,580.0
2008-04-24,583.0,589.0,567.5,575.0
2008-04-23,578.5,585.0,574.0,583.5
2008-04-22,573.5,584.0,572.5,576.0
2008-04-21,568.0,580.0,568.0,573.5
2008-04-18,564.5,572.5,564.0,568.0
2008-04-17,565.0,566.0,555.0,562.0
2008-04-16,554.5,565.5,550.5,564.0
2008-04-15,560.0,560.0,549.0,552.5
2008-04-14,544.5,553.5,543.0,549.0
2008-04-11,555.5,561.0,544.0,547.0
2008-04-10,548.0,554.5,543.0,550.0
2008-04-09,538.5,549.5,533.5,545.5
2008-04-08,531.5,541.5,531.5,537.0
2008-04-07,530.0,536.5,525.5,535.5
2008-04-04,524.5,528.0,520.5,528.0
2008-04-03,525.0,528.5,521.5,522.5
2008-04-02,514.5,521.0,505.5,520.5
2008-04-01,507.0,515.0,501.5,512.0
2008-03-31,498.75,513.5,495.0,512.0
2008-03-28,507.0,513.0,500.5,503.0
2008-03-27,513.5,522.5,507.5,512.0
2008-03-26,513.0,518.5,503.5,515.5
2008-03-25,510.0,516.0,506.5,515.0
2008-03-20,507.0,509.0,495.0,496.0
2008-03-19,523.5,526.0,510.5,511.5
2008-03-18,516.0,521.5,515.5,519.0
2008-03-17,522.0,529.0,510.0,510.0
2008-03-14,535.5,540.5,526.5,529.5
2008-03-13,537.0,540.5,531.0,534.0
2008-03-12,543.5,549.0,541.0,545.5
2008-03-11,536.0,550.5,534.5,538.5
2008-03-10,529.5,541.5,526.0,534.0
2008-03-07,529.0,535.0,526.0,528.5
2008-03-06,550.5,551.0,533.5,534.5
2008-03-05,538.0,548.5,534.0,547.0
2008-03-04,539.5,542.5,528.5,536.0
2008-03-03,543.5,545.5,533.0,540.5
2008-02-29,549.5,557.0,542.5,546.0
2008-02-28,559.0,564.0,546.0,548.0
2008-02-27,570.0,573.0,554.5,561.5
2008-02-26,564.5,569.0,556.5,566.5
2008-02-25,555.5,564.5,554.0,562.5
2008-02-22,547.0,557.5,543.0,548.0
2008-02-21,561.0,561.5,549.5,551.0
2008-02-20,564.0,570.0,556.5,557.5
2008-02-19,566.0,576.5,562.0,572.0
2008-02-18,557.5,568.5,556.0,568.5
2008-02-15,564.5,566.5,550.5,553.5
2008-02-14,563.5,568.5,561.0,564.0
2008-02-13,558.0,563.0,551.5,561.0
2008-02-12,554.0,563.0,548.0,563.0
2008-02-11,545.5,555.0,544.0,547.5
2008-02-08,541.0,549.0,536.0,547.0
2008-02-07,542.0,552.5,535.0,536.0
2008-02-06,543.0,552.0,540.5,544.5
2008-02-05,542.5,561.0,539.0,543.0
2008-02-04,542.0,545.5,539.0,542.0
2008-02-01,533.5,543.5,529.5,542.0
2008-01-31,523.0,537.0,516.5,532.0
2008-01-30,531.0,534.5,521.5,524.5
2008-01-29,535.0,538.0,525.0,532.5
2008-01-28,535.0,537.5,517.5,531.0
2008-01-25,543.0,548.0,536.0,538.0
2008-01-24,517.0,538.5,513.0,531.0
2008-01-23,534.0,534.0,498.0,503.5
2008-01-22,506.0,529.0,498.5,526.5
2008-01-21,547.5,549.5,518.5,519.0
2008-01-18,552.0,564.0,548.5,554.0
2008-01-17,563.0,566.0,551.5,553.5
2008-01-16,574.0,576.0,557.0,564.0
2008-01-15,590.0,591.0,573.0,573.0
2008-01-14,600.0,606.5,596.5,597.0
2008-01-11,605.0,610.5,597.5,600.5
2008-01-10,610.5,613.5,598.0,605.0
2008-01-09,622.0,624.5,601.5,610.5
2008-01-08,634.5,645.5,633.0,633.5
2008-01-07,628.5,641.5,628.0,637.0
2008-01-04,634.5,648.0,624.0,627.5
2008-01-03,620.5,636.0,617.0,635.5
2008-01-02,611.5,623.5,611.5,616.5
2007-12-31,615.5,617.5,610.5,615.0
2007-12-28,619.0,622.5,614.0,619.0
2007-12-27,618.0,624.0,612.5,621.5
2007-12-24,614.0,619.0,609.5,617.0
2007-12-21,616.0,621.5,613.0,616.0
2007-12-20,603.5,612.0,603.5,611.5
2007-12-19,605.0,610.0,600.5,604.0
2007-12-18,606.0,613.5,604.5,606.5
2007-12-17,613.5,617.0,607.0,608.0
2007-12-14,610.0,619.5,610.0,617.5
2007-12-13,618.5,622.5,608.0,608.0
2007-12-12,610.0,624.0,609.0,623.0
2007-12-11,616.0,621.0,611.5,616.5
2007-12-10,618.0,620.0,611.0,616.0
2007-12-07,615.0,621.0,610.5,619.5
2007-12-06,609.0,616.0,602.5,610.0
2007-12-05,589.5,609.0,587.5,608.5
2007-12-04,587.5,592.0,585.0,587.5
2007-12-03,590.5,598.5,586.0,588.5
2007-11-30,584.5,594.0,584.5,590.0
2007-11-29,583.0,590.5,576.0,587.5
2007-11-28,573.0,580.0,565.5,577.5
2007-11-27,570.5,581.0,564.0,569.0
2007-11-26,577.0,587.0,573.5,573.5
2007-11-23,574.0,577.5,568.5,577.5
2007-11-22,578.0,579.5,570.0,576.0
2007-11-21,579.0,588.5,575.0,577.5
2007-11-20,574.0,580.5,566.5,580.0
2007-11-19,585.5,593.5,572.5,572.5
2007-11-16,583.0,593.0,582.0,587.0
2007-11-15,596.0,598.0,584.0,586.0
2007-11-14,590.5,607.0,588.0,599.5
2007-11-13,584.5,586.5,579.5,583.0
2007-11-12,596.0,597.0,582.5,586.5
2007-11-09,609.0,613.5,593.5,598.5
2007-11-08,616.5,621.0,609.0,609.0
2007-11-07,632.5,637.5,624.0,624.0
2007-11-06,633.0,640.0,630.0,633.5
2007-11-05,625.0,637.5,624.5,632.0
2007-11-02,613.5,627.5,613.5,627.0
2007-11-01,627.0,635.5,616.0,618.5
2007-10-31,616.5,626.0,615.0,625.0
2007-10-30,634.0,635.0,621.5,622.5
2007-10-29,634.5,638.0,630.5,634.0
2007-10-26,615.0,631.5,615.0,629.0
2007-10-25,616.0,619.5,611.0,612.5
2007-10-24,610.5,620.5,607.0,611.5
2007-10-23,613.0,618.5,601.5,612.0
2007-10-22,605.0,609.5,601.5,605.0
2007-10-19,618.5,627.0,611.0,611.0
2007-10-18,620.5,621.5,612.0,616.0
2007-10-17,625.0,626.5,616.0,619.5
2007-10-16,620.0,631.0,619.0,627.0
2007-10-15,617.5,639.5,616.5,622.5
2007-10-12,592.0,619.0,590.0,619.0
2007-10-11,583.0,595.0,581.5,593.5
2007-10-10,580.5,584.0,577.0,580.0
2007-10-09,569.0,582.0,568.0,580.5
2007-10-08,571.0,573.0,568.0,569.5
2007-10-05,565.5,575.5,565.0,572.5
2007-10-04,557.5,568.5,556.0,562.0
2007-10-03,560.5,561.0,548.0,557.0
2007-10-02,566.5,568.5,556.0,559.5
2007-10-01,564.0,568.0,562.0,565.5
2007-09-28,567.5,571.5,561.0,567.5
2007-09-27,567.0,570.0,561.5,566.0
2007-09-26,574.0,575.0,565.0,567.0
2007-09-25,575.0,579.0,568.0,572.5
2007-09-24,592.5,593.5,585.0,589.5
2007-09-21,591.0,600.0,589.5,592.0
2007-09-20,588.5,592.0,586.5,590.5
2007-09-19,578.0,595.0,577.0,588.5
2007-09-18,569.5,574.5,564.5,571.5
2007-09-17,570.5,572.5,565.5,568.5
2007-09-14,570.0,574.5,563.5,571.0
2007-09-13,569.0,575.5,568.0,572.0
2007-09-12,565.5,570.0,561.0,567.5
2007-09-11,563.5,564.0,559.0,563.5
2007-09-10,559.5,566.0,556.0,558.0
2007-09-07,563.5,570.5,557.0,560.0
2007-09-06,562.5,566.0,557.5,565.0
2007-09-05,564.0,569.0,556.0,559.0
2007-09-04,550.0,562.5,548.0,561.0
2007-09-03,558.0,559.5,548.0,550.5
2007-08-31,555.0,561.0,554.0,557.5
2007-08-30,546.0,554.0,544.0,551.0
2007-08-29,539.5,544.0,537.5,542.5
2007-08-28,554.5,554.5,538.5,542.0
2007-08-24,546.0,557.5,545.5,552.5
2007-08-23,547.5,552.0,546.5,546.5
2007-08-22,540.0,546.0,538.5,544.5
2007-08-21,541.0,544.5,535.0,538.5
2007-08-20,541.0,550.0,538.0,538.5
2007-08-17,524.5,543.5,516.0,541.0
2007-08-16,531.0,533.0,520.0,520.0
2007-08-15,535.5,544.0,533.0,542.0
2007-08-14,542.5,549.0,538.0,540.0
2007-08-13,538.0,549.0,533.5,544.5
2007-08-10,537.0,545.0,530.5,530.5
2007-08-09,556.0,558.0,540.0,546.0
2007-08-08,557.0,561.5,548.0,558.0
2007-08-07,550.0,554.0,545.5,554.0
2007-08-06,545.5,553.5,544.0,547.5
2007-08-03,565.0,565.0,551.5,554.5
2007-08-02,573.0,573.5,559.0,563.0
2007-08-01,568.0,577.0,564.5,573.5
2007-07-31,573.0,579.5,565.5,577.5
2007-07-30,573.5,576.0,567.0,569.5
2007-07-27,568.0,583.0,568.0,572.5
2007-07-26,587.0,598.5,575.5,575.5
2007-07-25,586.5,592.5,581.5,584.5
2007-07-24,603.0,606.0,589.0,590.0
2007-07-23,598.5,604.5,597.0,601.5
2007-07-20,605.0,609.0,598.5,599.5
2007-07-19,604.0,606.0,602.0,605.0
2007-07-18,601.5,604.0,598.0,600.0
2007-07-17,605.5,608.0,601.5,606.0
2007-07-16,614.5,615.5,606.0,608.0
2007-07-13,614.5,616.5,609.5,613.0
2007-07-12,606.0,612.5,601.0,611.0
2007-07-11,605.5,608.5,602.5,605.0
2007-07-10,613.5,617.0,609.0,611.5
2007-07-09,609.5,613.0,609.0,612.0
2007-07-06,607.5,612.5,606.0,610.5
2007-07-05,610.0,614.0,601.5,604.0
2007-07-04,607.5,610.0,606.5,609.5
2007-07-03,607.0,613.5,604.5,605.5
2007-07-02,600.0,608.0,600.0,604.0
2007-06-29,601.0,606.5,597.5,603.0
2007-06-28,592.5,600.0,591.0,599.0
2007-06-27,587.5,592.5,585.5,587.5
2007-06-26,585.5,597.5,585.5,589.5
2007-06-25,580.5,590.5,580.0,589.0
2007-06-22,579.5,588.5,576.0,583.5
2007-06-21,577.5,582.5,577.0,579.5
2007-06-20,585.0,589.0,580.5,581.5
2007-06-19,585.0,592.0,583.5,583.5
2007-06-18,587.0,589.0,583.0,583.5
2007-06-15,582.5,591.0,582.0,589.0
2007-06-14,578.5,584.5,577.0,582.5
2007-06-13,566.0,576.5,566.0,574.0
2007-06-12,569.0,577.0,567.0,568.5
2007-06-11,565.0,569.0,562.0,569.0
2007-06-08,559.0,570.0,558.5,563.0
2007-06-07,561.0,565.0,557.0,562.0
2007-06-06,565.5,568.0,556.0,559.0
2007-06-05,572.0,573.0,563.5,566.5
2007-06-04,567.0,572.5,565.5,570.5
2007-06-01,564.0,569.0,559.0,567.5
2007-05-31,569.5,570.5,562.5,564.5
2007-05-30,563.0,566.5,559.5,566.5
2007-05-29,565.5,572.0,564.5,568.0
2007-05-25,564.5,569.0,563.5,567.5
2007-05-24,573.0,575.5,568.0,569.0
2007-05-23,577.0,581.5,574.5,575.5
2007-05-22,589.0,591.5,578.0,581.5
2007-05-21,584.5,594.0,578.0,590.0
2007-05-18,569.0,587.5,569.0,582.0
2007-05-17,559.0,573.5,558.5,570.5
2007-05-16,556.5,561.5,555.5,557.0
2007-05-15,560.0,563.5,557.0,558.5
2007-05-14,563.0,563.5,557.0,562.5
2007-05-11,556.0,562.0,549.0,560.0
2007-05-10,563.5,564.0,557.5,557.5
2007-05-09,570.0,570.5,559.5,562.0
2007-05-08,574.0,574.5,566.5,570.5
2007-05-04,575.0,581.5,570.5,577.0
2007-05-03,569.0,577.5,569.0,575.5
2007-05-02,565.0,568.5,555.5,566.0
2007-05-01,566.0,566.5,560.0,563.0
2007-04-30,562.5,570.5,562.0,565.5
2007-04-27,567.0,568.5,560.5,561.5
2007-04-26,576.0,576.5,567.5,571.0
2007-04-25,566.5,575.5,564.0,571.5
2007-04-24,576.5,587.0,566.0,568.5
2007-04-23,571.0,581.5,569.0,577.5
2007-04-20,574.0,574.0,567.5,570.0
2007-04-19,567.5,572.0,564.0,571.5
2007-04-18,574.0,577.0,572.0,574.0
2007-04-17,576.5,581.0,573.5,577.5
2007-04-16,577.0,578.5,572.0,576.5
2007-04-13,568.0,578.0,567.5,576.0
2007-04-12,558.0,563.0,557.0,563.0
2007-04-11,556.0,563.0,555.5,559.5
2007-04-10,552.0,556.5,550.0,554.5
2007-04-05,551.5,555.5,550.5,554.5
2007-04-04,550.5,550.5,542.5,548.0
2007-04-03,551.5,553.0,546.5,549.0
2007-04-02,551.5,555.0,546.0,547.5
2007-03-30,559.5,562.5,550.0,552.0
2007-03-29,552.5,560.0,552.0,558.0
2007-03-28,545.0,556.0,544.5,552.0
2007-03-27,545.0,549.5,542.0,543.5
2007-03-26,543.5,549.5,540.5,542.5
2007-03-23,528.0,544.5,528.0,541.5
2007-03-22,522.0,531.5,518.0,528.5
2007-03-21,512.5,519.0,511.5,516.5
2007-03-20,514.0,514.5,508.0,511.5
2007-03-19,514.0,517.0,509.5,515.5
2007-03-16,515.0,515.5,509.0,511.5
2007-03-15,514.0,516.5,509.0,516.5
2007-03-14,517.0,518.5,507.5,507.5
2007-03-13,526.5,527.0,519.5,521.5
2007-03-12,527.5,527.5,521.5,526.0
2007-03-09,525.0,526.5,519.5,525.0
2007-03-08,524.5,527.0,521.5,525.0
2007-03-07,512.0,521.0,510.0,517.0
2007-03-06,514.0,515.5,509.0,512.0
2007-03-05,510.5,515.0,504.5,511.0
2007-03-02,520.0,522.5,515.5,516.5
2007-03-01,523.5,531.0,511.0,517.5
2007-02-28,529.0,532.5,522.0,522.0
2007-02-27,542.0,544.5,532.5,535.0
2007-02-26,537.0,547.5,537.0,545.0
2007-02-23,525.5,538.0,524.5,535.0
2007-02-22,523.5,526.5,520.5,521.0
2007-02-21,528.0,529.5,520.0,521.5
2007-02-20,533.5,534.0,527.5,531.0
2007-02-19,536.5,537.5,531.0,534.5
2007-02-16,537.0,540.5,533.0,535.0
2007-02-15,534.0,537.5,532.0,537.0
2007-02-14,537.0,537.5,532.5,534.0
2007-02-13,533.0,534.5,528.5,534.5
2007-02-12,537.5,537.5,531.5,532.0
2007-02-09,540.0,543.0,536.5,538.0
2007-02-08,539.0,539.5,531.0,535.0
2007-02-07,534.0,541.5,534.0,538.5
2007-02-06,536.0,538.0,529.5,535.0
2007-02-05,540.5,544.0,538.5,541.5
2007-02-02,541.0,541.5,533.5,535.0
2007-02-01,541.0,541.5,537.0,538.0
2007-01-31,541.5,542.5,533.5,534.5
2007-01-30,536.0,539.5,534.5,537.0
2007-01-29,541.0,544.5,536.5,538.5
2007-01-26,538.5,545.0,537.0,540.0
2007-01-25,551.0,552.5,541.5,542.5
2007-01-24,550.5,554.5,547.5,548.5
2007-01-23,540.5,546.5,539.5,545.0
2007-01-22,546.0,550.0,540.5,541.0
2007-01-19,537.0,546.0,533.5,543.5
2007-01-18,536.5,536.5,536.5,536.5
2007-01-17,540.0,541.0,530.0,536.5
2007-01-16,553.0,553.0,538.5,541.0
2007-01-15,550.5,554.0,546.0,549.0
2007-01-12,531.0,548.0,529.5,546.5
2007-01-11,529.0,538.5,527.5,537.0
2007-01-10,534.0,535.0,528.0,529.5
2007-01-09,545.0,547.0,531.5,535.5
2007-01-08,560.0,563.5,552.5,552.5
2007-01-05,559.0,563.0,555.0,557.0
2007-01-04,564.5,567.5,558.5,562.5
2007-01-03,573.5,574.5,568.5,569.5
2007-01-02,570.0,573.5,569.5,572.0
2006-12-29,570.0,572.0,564.0,567.5
2006-12-28,575.0,575.0,568.0,571.5
2006-12-27,570.5,576.5,568.0,574.5
2006-12-22,565.0,571.5,563.0,571.5
2006-12-21,567.5,568.5,563.0,567.0
2006-12-20,577.0,579.0,568.0,569.5
2006-12-19,572.0,576.5,570.0,573.0
2006-12-18,579.5,587.5,573.0,575.5
2006-12-15,577.0,584.5,574.0,580.0
2006-12-14,580.5,583.0,570.5,577.0
2006-12-13,577.0,581.5,575.5,579.5
2006-12-12,582.0,582.5,575.5,580.5
2006-12-11,583.5,586.0,577.5,584.5
2006-12-08,580.0,584.0,576.5,582.5
2006-12-07,577.5,579.5,574.5,578.0
2006-12-06,578.5,582.0,575.0,579.5
2006-12-05,571.0,580.0,569.5,578.0
2006-12-04,572.0,573.0,566.5,567.5
2006-12-01,577.5,578.0,564.5,567.5
2006-11-30,583.0,584.5,573.5,574.0
2006-11-29,578.0,579.5,570.5,578.5
2006-11-28,571.5,576.0,569.0,574.0
2006-11-27,576.5,579.5,570.5,571.0
2006-11-24,573.0,577.0,566.0,574.5
2006-11-23,581.5,581.5,570.5,573.0
2006-11-22,587.5,592.0,577.0,578.0
2006-11-21,582.5,590.0,582.5,585.0
2006-11-20,580.0,586.0,575.0,584.0
2006-11-17,589.5,591.5,580.5,582.0
2006-11-16,596.0,603.5,593.0,598.0
2006-11-15,596.5,598.0,591.0,596.5
2006-11-14,591.0,595.0,585.5,593.0
2006-11-13,596.5,598.5,586.0,590.0
2006-11-10,600.5,606.5,595.0,598.0
2006-11-09,603.5,606.0,597.0,601.5
2006-11-08,593.5,602.5,591.5,599.5
2006-11-07,600.0,604.0,597.0,598.5
2006-11-06,590.5,599.5,590.0,597.0
2006-11-03,587.5,592.5,584.0,590.0
2006-11-02,587.5,591.5,583.5,586.5
2006-11-01,585.5,592.5,583.5,586.5
2006-10-31,589.0,593.0,582.5,583.0
2006-10-30,599.0,599.0,591.5,591.5
2006-10-27,602.5,606.0,598.5,602.0
2006-10-26,616.5,619.0,604.5,606.5
2006-10-25,607.0,614.0,605.5,612.5
2006-10-24,600.0,611.0,600.0,608.0
2006-10-23,603.0,603.0,593.0,601.5
2006-10-20,606.5,610.0,601.0,602.0
2006-10-19,594.0,604.5,593.5,600.5
2006-10-18,604.0,609.0,596.5,601.0
2006-10-17,603.0,612.0,602.0,602.0
2006-10-16,594.5,603.0,594.5,600.0
2006-10-13,583.0,595.5,583.0,592.0
2006-10-12,575.0,582.5,572.0,581.0
2006-10-11,579.5,581.5,574.0,576.5
2006-10-10,576.0,582.0,573.0,578.0
2006-10-09,574.5,582.0,574.5,578.5
2006-10-06,576.0,577.5,570.0,572.5
2006-10-05,577.5,580.0,573.0,575.0
2006-10-04,560.0,574.5,558.5,570.0
2006-10-03,579.5,579.5,566.0,568.5
2006-10-02,586.0,587.0,582.0,582.5
2006-09-29,587.5,588.5,579.5,582.0
2006-09-28,584.0,590.5,584.0,587.0
2006-09-27,574.5,583.5,573.0,579.0
2006-09-26,569.0,572.0,562.0,571.0
2006-09-25,573.5,573.5,560.0,563.5
2006-09-22,581.0,583.5,574.0,574.0
2006-09-21,575.0,579.0,572.0,579.0
2006-09-20,577.0,587.0,577.0,579.5
2006-09-19,582.5,591.5,579.0,580.5
2006-09-18,575.5,582.5,573.0,579.0
2006-09-15,580.0,583.0,573.0,573.0
2006-09-14,594.5,599.0,584.0,584.5
2006-09-13,583.5,591.0,581.5,589.0
2006-09-12,581.5,587.5,577.5,582.0
2006-09-11,587.0,589.0,580.0,583.0
2006-09-08,585.0,594.0,584.5,591.0
2006-09-07,592.5,593.0,583.5,584.0
2006-09-06,603.0,605.5,594.5,595.5
2006-09-05,595.5,603.0,592.5,601.5
2006-09-04,596.0,597.0,587.5,594.5
2006-09-01,598.0,600.0,593.0,596.0
2006-08-31,593.5,601.0,590.0,597.0
2006-08-30,592.0,598.5,589.0,592.0
2006-08-29,601.0,606.0,593.0,593.0
2006-08-25,607.5,610.0,602.5,605.5
2006-08-24,609.0,609.0,602.0,607.5
2006-08-23,617.5,619.5,609.0,610.0
2006-08-22,620.0,622.0,614.0,616.0
2006-08-21,617.0,624.0,615.5,619.0
2006-08-18,609.0,619.0,609.0,614.0
2006-08-17,603.5,609.5,600.0,609.0
2006-08-16,616.0,616.5,604.5,608.0
2006-08-15,614.5,618.5,611.0,614.5
2006-08-14,613.0,621.0,611.0,616.0
2006-08-11,617.0,621.5,607.0,611.0
2006-08-10,615.0,617.0,608.5,615.0
2006-08-09,612.5,621.0,607.5,619.5
2006-08-08,620.0,623.0,608.0,614.0
2006-08-07,625.0,627.0,619.5,622.5
2006-08-04,638.5,639.0,630.5,636.0
2006-08-03,649.5,649.5,636.0,637.0
2006-08-02,645.0,651.0,644.5,651.0
2006-08-01,648.5,651.5,639.0,642.0
2006-07-31,649.5,652.0,644.0,645.0
2006-07-28,642.5,653.0,642.5,651.0
2006-07-27,639.5,651.5,637.5,648.5
2006-07-26,629.0,635.0,629.0,634.5
2006-07-25,632.0,635.0,627.5,630.0
2006-07-24,614.5,634.0,614.0,633.5
2006-07-21,619.0,622.5,616.5,619.5
2006-07-20,630.5,633.0,623.0,625.0
2006-07-19,635.0,635.0,626.0,631.0
2006-07-18,635.5,637.5,629.5,634.5
2006-07-17,646.5,649.0,638.0,640.0
2006-07-14,644.0,649.0,639.5,643.0
2006-07-13,641.0,643.5,634.5,641.0
2006-07-12,640.0,642.0,637.5,640.0
2006-07-11,643.0,648.0,640.0,642.0
2006-07-10,643.5,646.0,637.0,645.0
2006-07-07,638.0,649.0,636.0,647.5
2006-07-06,635.0,642.0,634.5,638.0
2006-07-05,631.0,633.5,627.0,631.0
2006-07-04,637.0,637.0,628.0,633.0
2006-07-03,629.5,641.0,627.5,638.0
2006-06-30,631.0,637.0,628.0,630.5
2006-06-29,621.5,629.0,619.0,627.0
2006-06-28,613.5,624.0,611.5,618.5
2006-06-27,618.0,619.0,611.0,613.0
2006-06-26,618.0,618.5,608.5,609.5
2006-06-23,606.5,620.5,606.0,617.0
2006-06-22,609.0,613.5,601.0,605.0
2006-06-21,598.5,605.0,591.5,603.5
2006-06-20,591.0,603.0,584.0,602.5
2006-06-19,601.0,606.0,595.5,595.5
2006-06-16,610.0,612.5,596.0,599.0
2006-06-15,592.5,604.5,590.0,600.0
2006-06-14,591.0,598.5,581.0,586.0
2006-06-13,599.0,602.5,588.0,594.0
2006-06-12,612.5,615.5,605.5,607.5
2006-06-09,615.0,618.5,609.0,612.0
2006-06-08,605.0,612.0,601.5,603.0
2006-06-07,627.0,631.5,622.0,624.0
2006-06-06,629.0,634.0,625.0,628.0
2006-06-05,639.5,643.5,634.5,636.0
2006-06-02,637.0,640.0,627.5,633.5
2006-06-01,627.0,634.5,620.5,633.0
2006-05-31,620.0,629.5,616.5,625.0
2006-05-30,639.5,642.0,622.5,624.5
2006-05-26,639.0,642.0,632.5,642.0
2006-05-25,619.5,634.0,608.5,634.0
2006-05-24,625.5,628.5,616.5,620.0
2006-05-23,616.0,637.5,613.5,635.0
2006-05-22,621.0,624.5,606.5,609.5
2006-05-19,617.5,630.0,614.5,623.0
2006-05-18,620.0,628.5,613.0,618.0
2006-05-17,643.0,645.0,620.0,620.0
2006-05-16,648.0,648.5,638.0,642.0
2006-05-15,657.5,661.0,642.5,646.0
2006-05-12,670.0,672.0,659.5,659.5
2006-05-11,681.0,684.0,673.5,673.5
2006-05-10,678.5,683.0,674.0,674.5
2006-05-09,679.0,684.0,675.5,683.0
2006-05-08,686.0,692.5,674.5,675.0
2006-05-05,678.0,685.5,673.5,684.5
2006-05-04,681.0,686.0,677.5,681.0
2006-05-03,690.5,693.5,676.5,677.0
2006-05-02,678.5,689.5,678.0,688.0
2006-04-28,682.0,686.0,676.5,676.5
2006-04-27,691.5,694.5,678.5,683.5
2006-04-26,700.5,705.5,695.0,698.0
2006-04-25,707.0,712.0,701.5,701.5
2006-04-24,713.5,723.0,710.5,711.5
2006-04-21,703.0,712.0,702.0,712.0
2006-04-20,707.0,715.0,699.0,700.5
2006-04-19,703.5,706.0,696.5,704.0
2006-04-18,690.5,704.5,689.5,696.5
2006-04-13,688.5,690.0,684.0,688.0
2006-04-12,692.5,697.0,690.0,691.0
2006-04-11,700.5,706.5,693.5,695.0
2006-04-10,680.5,694.5,680.0,693.5
2006-04-07,672.5,691.0,672.5,681.5
2006-04-06,678.0,681.0,672.0,672.5
2006-04-05,672.0,675.0,663.5,675.0
2006-04-04,668.5,672.0,662.0,664.5
2006-04-03,664.0,677.5,663.5,674.5
2006-03-31,668.0,676.5,660.5,661.0
2006-03-30,670.5,675.5,669.5,670.0
2006-03-29,662.0,673.5,660.0,668.5
2006-03-28,663.0,668.0,659.5,663.0
2006-03-27,669.5,670.0,659.0,659.0
2006-03-24,660.0,670.5,660.0,668.5
2006-03-23,658.0,658.0,649.5,655.5
2006-03-22,649.5,661.5,649.0,657.0
2006-03-21,653.0,654.5,645.5,654.0
2006-03-20,660.0,665.0,657.0,657.5
2006-03-17,666.5,670.0,660.5,661.5
2006-03-16,666.5,669.0,656.5,659.0
2006-03-15,656.0,670.5,655.0,665.0
2006-03-14,653.0,656.0,648.5,651.0
2006-03-13,642.0,651.0,641.0,649.5
2006-03-10,633.5,640.5,633.0,639.5
2006-03-09,639.0,640.5,633.0,636.5
2006-03-08,635.0,637.5,627.0,634.0
2006-03-07,631.0,634.5,628.5,633.5
2006-03-06,640.5,644.0,633.5,637.0
2006-03-03,638.5,648.5,636.0,637.5
2006-03-02,641.5,645.0,631.5,635.0
2006-03-01,633.5,641.0,632.0,637.5
2006-02-28,641.5,643.5,630.0,630.0
2006-02-27,646.5,653.0,643.0,644.5
2006-02-24,646.5,652.0,642.5,647.5
2006-02-23,651.0,651.0,641.0,644.0
2006-02-22,659.0,659.0,648.0,651.0
2006-02-21,671.5,671.5,663.0,663.0
2006-02-20,660.5,671.0,660.0,668.0
2006-02-17,655.5,662.5,652.0,655.5
2006-02-16,646.0,655.0,644.0,653.5
2006-02-15,642.0,653.0,638.0,646.5
2006-02-14,647.0,651.5,640.0,643.0
2006-02-13,644.5,647.5,641.5,646.5
2006-02-10,644.0,648.0,639.5,640.0
2006-02-09,644.0,652.0,644.0,648.0
2006-02-08,637.0,651.0,633.0,641.0
2006-02-07,652.0,657.5,641.5,647.5
2006-02-06,658.5,671.5,658.0,665.5
2006-02-03,654.5,661.0,650.0,658.5
2006-02-02,668.0,671.5,654.5,655.0
2006-02-01,677.0,677.5,670.5,675.5
2006-01-31,683.0,693.0,676.0,676.0
2006-01-30,668.5,685.0,667.5,682.0
2006-01-27,660.0,669.0,658.0,665.5
2006-01-26,652.0,661.5,650.0,654.5
2006-01-25,661.0,666.0,658.0,660.5
2006-01-24,662.5,668.0,658.0,661.5
2006-01-23,660.0,664.5,654.0,660.5
2006-01-20,667.5,677.0,661.5,661.5
2006-01-19,662.5,665.0,654.0,663.0
2006-01-18,661.0,664.5,657.5,659.0
2006-01-17,664.5,671.0,660.5,662.0
2006-01-16,655.0,666.5,655.0,666.0
2006-01-13,645.5,655.5,645.0,654.5
2006-01-12,645.0,654.5,644.0,652.5
2006-01-11,640.5,644.5,635.0,640.5
2006-01-10,643.0,648.0,642.0,643.5
2006-01-09,644.0,652.5,642.5,643.0
2006-01-06,633.0,644.5,633.0,642.5
2006-01-05,636.0,643.0,632.0,634.5
2006-01-04,635.0,641.0,633.0,634.0
2006-01-03,624.5,638.0,623.0,637.0
2005-12-30,618.0,622.0,616.0,619.0
2005-12-29,621.0,627.0,619.5,623.0
2005-12-28,612.0,621.0,610.5,621.0
2005-12-27,621.5,621.5,621.5,621.5
2005-12-26,621.5,621.5,621.5,621.5
2005-12-23,624.5,625.0,619.5,621.5
2005-12-22,625.0,626.5,621.0,622.5
2005-12-21,619.0,630.0,619.0,625.0
2005-12-20,618.5,622.5,616.5,620.0
2005-12-19,616.0,623.5,616.0,621.0
2005-12-16,626.0,632.5,623.0,624.0
2005-12-15,632.0,633.0,623.0,624.0
2005-12-14,630.5,633.0,628.0,630.0
2005-12-13,633.0,638.0,633.0,634.0
2005-12-12,637.0,641.0,628.5,630.5
2005-12-09,646.5,647.5,639.5,640.0
2005-12-08,644.0,652.0,641.0,651.0
2005-12-07,661.0,667.0,646.5,646.5
2005-12-06,658.5,662.0,653.0,660.0
2005-12-05,659.0,661.5,655.0,659.0
2005-12-02,652.5,658.0,650.5,656.5
2005-12-01,637.0,650.5,637.0,649.5
2005-11-30,637.5,641.5,634.0,634.0
2005-11-29,639.0,645.0,632.5,641.5
2005-11-28,663.0,664.0,643.2,644.5
2005-11-25,659.0,661.5,650.9,661.0
2005-11-24,658.5,663.5,650.5,657.0
2005-11-23,663.5,666.0,655.0,657.5
2005-11-22,656.5,665.5,655.38,663.5
2005-11-21,647.0,657.0,644.0,653.5
2005-11-18,637.0,650.42,637.0,644.0
2005-11-17,631.5,644.47,631.5,637.0
2005-11-16,627.5,632.2,620.5,630.5
2005-11-15,628.0,636.0,626.0,634.0
2005-11-14,621.5,630.26,616.42,628.0
2005-11-11,619.5,621.3,612.5,618.5
2005-11-10,628.0,632.5,614.0,614.0
2005-11-09,637.5,642.5,626.5,627.0
2005-11-08,635.5,640.0,632.0,640.0
2005-11-07,634.5,641.0,630.5,635.5
2005-11-04,646.5,651.0,636.21,638.0
2005-11-03,633.5,643.0,628.0,640.5
2005-11-02,626.0,633.5,623.0,628.0
2005-11-01,626.5,629.63,618.5,629.0
2005-10-31,624.5,635.5,622.4,624.0
2005-10-28,609.0,624.07,608.5,617.5
2005-10-27,622.0,626.5,611.5,613.5
2005-10-26,621.0,628.5,618.0,626.5
2005-10-25,608.0,618.71,603.8,609.0
2005-10-24,605.0,618.35,603.53,616.5
2005-10-21,602.0,611.0,599.0,606.5
2005-10-20,615.0,624.0,607.0,609.5
2005-10-19,608.0,621.6,607.5,608.0
2005-10-18,633.0,633.0,619.5,620.0
2005-10-17,627.5,635.5,626.5,629.5
2005-10-14,620.5,625.5,611.9,613.5
2005-10-13,635.0,636.0,617.0,622.0
2005-10-12,640.0,641.18,630.53,634.0
2005-10-11,630.5,640.0,630.5,637.5
2005-10-10,625.5,638.59,624.91,631.0
2005-10-07,615.5,633.65,615.4,622.0
2005-10-06,624.0,641.9,616.5,620.5
2005-10-05,648.0,649.5,634.5,634.5
2005-10-04,663.5,669.33,654.0,655.5
2005-10-03,674.0,679.0,665.3,673.5
2005-09-30,685.0,687.88,672.5,673.5
2005-09-29,683.0,686.29,675.1,683.5
2005-09-28,674.5,680.5,672.5,679.0
2005-09-27,671.0,675.51,660.8,669.5
2005-09-26,655.5,663.5,654.5,663.0
2005-09-23,664.0,664.2,655.5,662.0
2005-09-22,664.0,669.0,653.85,668.0
2005-09-21,658.5,669.5,658.5,663.0
2005-09-20,666.5,676.68,660.1,661.0
2005-09-19,651.0,665.5,648.0,665.0
2005-09-16,645.0,658.5,645.0,653.5
2005-09-15,637.0,651.0,631.0,646.5
2005-09-14,630.0,633.5,628.5,632.0
2005-09-13,638.0,640.0,626.24,632.5
2005-09-12,641.0,646.97,638.22,639.0
2005-09-09,628.0,638.5,628.0,638.5
2005-09-08,630.5,635.5,626.5,628.0
2005-09-07,634.0,637.0,630.0,634.5
2005-09-06,628.5,636.0,627.06,633.5
2005-09-05,632.5,634.5,626.5,629.5
2005-09-02,638.0,642.22,632.0,634.5
2005-09-01,634.0,642.0,632.0,637.5
2005-08-31,625.0,636.67,623.0,632.0
2005-08-30,615.0,623.5,610.0,622.0
2005-08-29,610.0,610.0,610.0,610.0
2005-08-26,620.5,625.0,610.0,610.0
2005-08-25,624.5,630.14,618.0,618.0
2005-08-24,623.0,625.5,619.79,623.5
2005-08-23,627.0,630.83,623.0,623.0
2005-08-22,634.0,636.7,628.0,629.5
2005-08-19,627.0,634.5,624.0,633.0
2005-08-18,627.5,636.0,624.0,624.0
2005-08-17,635.0,642.0,632.5,636.5
2005-08-16,645.5,645.5,637.5,638.0
2005-08-15,647.5,655.0,643.0,646.0
2005-08-12,653.0,654.8,647.16,647.5
2005-08-11,656.5,662.1,651.0,654.5
2005-08-10,654.0,662.0,651.0,653.5
2005-08-09,649.5,664.0,648.0,659.0
2005-08-08,641.5,649.8,637.5,649.5
2005-08-05,638.5,644.0,636.9,637.5
2005-08-04,641.0,643.0,637.0,642.0
2005-08-03,636.0,645.0,631.5,643.0
2005-08-02,628.0,635.0,626.5,634.0
2005-08-01,627.0,632.5,625.0,625.0
2005-07-29,633.5,638.0,628.2,629.5
2005-07-28,634.0,637.0,624.88,630.5
2005-07-27,628.0,633.0,626.5,630.0
2005-07-26,643.0,643.0,628.5,629.5
2005-07-25,633.0,645.71,631.5,642.5
2005-07-22,616.5,629.4,615.5,626.0
2005-07-21,628.5,628.76,612.5,618.5
2005-07-20,630.5,636.5,619.8,625.0
2005-07-19,625.5,638.14,623.6,629.0
2005-07-18,620.0,625.5,618.16,623.0
2005-07-15,618.5,622.55,613.0,618.5
2005-07-14,624.5,629.5,622.0,625.5
2005-07-13,621.0,628.0,616.92,621.5
2005-07-12,627.0,634.0,619.5,619.5
2005-07-11,637.0,641.0,630.8,634.0
2005-07-08,628.0,642.0,622.5,641.5
2005-07-07,626.0,628.0,600.0,621.5
2005-07-06,627.0,637.2,626.5,630.0
2005-07-05,614.5,623.15,612.58,622.5
2005-07-04,595.5,618.0,595.5,617.0
2005-07-01,581.0,594.0,580.16,594.0
2005-06-30,586.0,587.5,581.0,581.0
2005-06-29,591.5,592.6,580.5,587.0
2005-06-28,587.0,595.0,581.92,595.0
2005-06-27,581.0,586.5,580.0,584.0
2005-06-24,585.0,590.81,583.5,585.0
2005-06-23,582.0,589.0,580.25,587.5
2005-06-22,582.0,588.0,581.0,584.5
2005-06-21,591.5,593.0,585.5,586.5
2005-06-20,587.5,594.5,587.5,590.5
2005-06-17,577.5,600.0,577.5,586.5
2005-06-16,574.0,578.5,570.6,577.5
2005-06-15,578.0,579.1,572.0,574.0
2005-06-14,577.0,582.17,556.0,577.0
2005-06-13,571.0,580.89,570.5,578.0
2005-06-10,568.0,576.0,567.65,573.0
2005-06-09,558.5,564.5,555.0,563.5
2005-06-08,559.0,563.1,558.5,562.0
2005-06-07,558.0,563.0,556.0,562.5
2005-06-06,562.5,566.5,558.0,558.0
2005-06-03,562.0,564.0,558.5,561.0
2005-06-02,561.5,567.5,558.8,563.0
2005-06-01,553.5,562.5,551.6,562.0
2005-05-31,560.0,561.5,551.0,551.0
2005-05-30,557.0,557.0,557.0,557.0
2005-05-27,558.5,560.5,552.0,557.0
2005-05-26,554.5,563.9,552.0,560.5
2005-05-25,547.0,553.0,545.5,552.0
2005-05-24,544.5,548.05,543.91,547.0
2005-05-23,546.5,546.5,541.5,544.0
2005-05-20,546.5,548.33,543.0,543.0
2005-05-19,541.0,547.67,539.5,544.5
2005-05-18,537.0,547.0,536.5,542.0
2005-05-17,530.0,535.07,528.5,533.5
2005-05-16,528.5,533.0,527.0,528.0
2005-05-13,530.0,533.0,526.0,533.0
2005-05-12,537.5,541.0,533.5,535.0
2005-05-11,542.5,545.0,535.5,537.0
2005-05-10,548.5,549.12,539.0,546.5
2005-05-09,545.5,548.5,543.0,545.5
2005-05-06,547.0,550.0,544.0,548.5
2005-05-05,541.5,547.5,540.0,545.0
2005-05-04,536.0,540.7,533.2,539.0
2005-05-03,539.0,544.5,536.5,538.5
2005-05-02,534.0,534.0,534.0,534.0
2005-04-29,532.0,539.1,524.3,534.0
2005-04-28,531.5,539.0,529.36,532.5
2005-04-27,539.5,542.7,531.0,532.0
2005-04-26,548.0,550.0,539.0,543.0
2005-04-25,532.5,542.0,532.5,539.0
2005-04-22,530.0,534.0,527.5,532.0
2005-04-21,523.0,529.36,521.5,524.5
2005-04-20,531.5,535.57,523.98,527.5
2005-04-19,524.0,530.0,519.5,528.5
2005-04-18,522.5,524.5,516.0,523.0
2005-04-15,536.5,539.5,530.0,530.0
2005-04-14,541.0,545.0,535.7,540.0
2005-04-13,554.0,555.5,546.0,547.0
2005-04-12,560.0,562.5,554.3,555.5
2005-04-11,560.0,568.36,557.5,560.0
2005-04-08,567.5,570.0,562.5,564.5
2005-04-07,563.0,570.0,560.0,570.0
2005-04-06,561.0,563.55,556.5,560.0
2005-04-05,558.5,564.0,556.7,563.0
2005-04-04,559.5,563.11,554.2,559.5
2005-04-01,550.0,558.0,548.5,552.0
2005-03-31,553.5,553.5,546.5,548.5
2005-03-30,549.0,554.5,546.8,547.0
2005-03-29,555.9,556.3,545.13,556.0
2005-03-28,551.0,551.0,551.0,551.0
2005-03-25,551.0,551.0,551.0,551.0
2005-03-24,550.0,553.1,546.79,551.0
2005-03-23,559.0,563.5,554.5,555.5
2005-03-22,567.0,570.0,560.0,566.5
2005-03-21,567.0,570.0,565.5,567.0
2005-03-18,561.5,568.5,561.0,565.0
2005-03-17,560.0,565.5,558.0,558.5
2005-03-16,560.0,562.5,556.0,560.5
2005-03-15,563.0,569.3,561.5,567.0
2005-03-14,559.5,565.0,556.75,561.5
2005-03-11,556.0,564.0,555.0,560.0
2005-03-10,557.5,560.5,552.9,557.0
2005-03-09,573.0,574.5,568.25,569.5
2005-03-08,571.5,571.5,567.0,570.0
2005-03-07,576.5,579.6,568.25,570.0
2005-03-04,573.0,576.0,567.5,576.0
2005-03-03,564.0,573.5,555.2,569.0
2005-03-02,557.5,571.86,554.0,562.0
2005-03-01,563.0,566.5,556.0,559.0
2005-02-28,567.0,576.44,562.0,562.0
2005-02-25,559.0,573.74,557.4,568.0
2005-02-24,557.0,562.0,555.0,555.5
2005-02-23,555.5,558.74,550.5,556.5
2005-02-22,556.0,560.5,551.0,560.5
2005-02-21,555.5,559.0,553.5,558.5
2005-02-18,554.5,558.0,551.5,555.0
2005-02-17,559.0,566.5,557.5,557.5
2005-02-16,547.5,558.0,545.0,555.0
2005-02-15,551.0,552.0,547.0,551.0
2005-02-14,554.5,556.0,546.8,550.5
2005-02-11,554.0,558.95,547.9,555.0
2005-02-10,548.0,556.0,546.0,555.0
2005-02-09,545.0,552.24,542.36,549.0
2005-02-08,547.0,550.5,541.0,547.0
2005-02-07,540.5,546.0,538.0,544.0
2005-02-04,534.5,540.0,532.0,538.0
2005-02-03,537.5,538.8,531.0,534.0
2005-02-02,537.5,539.5,530.0,537.5
2005-02-01,527.0,537.0,525.4,537.0
2005-01-31,526.0,530.5,521.5,523.0
2005-01-28,534.5,534.5,512.48,525.0
2005-01-27,531.0,535.5,527.5,533.0
2005-01-26,525.0,532.7,522.5,532.5
2005-01-25,517.0,523.9,516.85,523.0
2005-01-24,511.5,521.75,511.0,519.0
2005-01-21,514.0,514.5,508.85,512.0
2005-01-20,514.5,515.0,509.5,512.5
2005-01-19,518.5,523.0,515.47,517.5
2005-01-18,517.5,520.06,514.5,518.0
2005-01-17,518.0,519.0,513.0,516.0
2005-01-14,513.0,521.04,512.5,516.5
2005-01-13,509.0,513.5,505.5,513.5
2005-01-12,506.5,511.0,503.0,506.5
2005-01-11,509.0,510.0,505.49,508.0
2005-01-10,509.0,511.5,505.6,510.0
2005-01-07,510.0,516.3,507.0,509.0
2005-01-06,502.5,509.5,498.2,509.0
2005-01-05,502.0,508.0,502.0,504.0
2005-01-04,501.0,506.5,498.2,505.0
2005-01-03,508.0,508.0,508.0,508.0
2004-12-31,507.5,512.0,505.35,508.0
2004-12-30,512.0,513.5,508.5,510.5
2004-12-29,508.0,512.5,500.0,512.0
2004-12-28,512.5,512.5,512.5,512.5
2004-12-27,512.5,512.5,512.5,512.5
2004-12-24,509.0,514.5,507.1,512.5
2004-12-23,510.0,514.98,504.0,509.5
2004-12-22,508.5,517.0,508.0,508.5
2004-12-21,504.5,509.27,502.86,506.0
2004-12-20,500.5,507.5,500.5,502.5
2004-12-17,502.0,508.8,497.0,500.5
2004-12-16,509.0,511.5,502.0,502.0
2004-12-15,509.5,513.5,503.5,509.0
2004-12-14,514.0,514.0,505.5,508.5
2004-12-13,509.0,512.0,503.0,511.0
2004-12-10,513.0,514.03,510.0,512.5
2004-12-09,509.5,515.0,508.0,508.5
2004-12-08,509.0,512.0,501.0,507.0
2004-12-07,513.0,519.5,512.5,514.0
2004-12-06,509.5,518.58,509.5,513.0
2004-12-03,514.5,516.0,508.5,513.0
2004-12-02,526.0,544.17,514.5,515.5
2004-12-01,535.0,537.0,532.0,532.0
2004-11-30,542.0,544.5,532.7,534.0
2004-11-29,542.0,549.5,540.1,541.0
2004-11-26,546.5,547.5,540.5,542.0
2004-11-25,538.0,550.0,538.0,547.5
2004-11-24,537.5,541.9,535.7,536.0
2004-11-23,537.0,538.59,535.0,537.5
2004-11-22,538.0,538.0,533.85,534.5
2004-11-19,535.0,542.75,535.0,538.0
2004-11-18,535.5,539.0,532.0,533.5
2004-11-17,530.5,536.0,530.5,534.5
2004-11-16,536.5,540.0,531.5,533.5
2004-11-15,536.0,541.0,534.0,535.5
2004-11-12,535.0,535.5,523.75,535.5
2004-11-11,535.5,536.0,527.5,531.0
2004-11-10,532.0,540.0,527.35,532.0
2004-11-09,536.5,543.36,535.72,537.5
2004-11-08,534.0,550.5,519.9,537.0
2004-11-05,542.5,544.0,531.6,537.5
2004-11-04,536.0,542.0,534.0,542.0
2004-11-03,534.0,538.0,529.35,533.0
2004-11-02,534.0,535.4,526.74,532.5
2004-11-01,528.5,538.63,527.0,532.0
2004-10-29,525.5,531.56,523.43,527.5
2004-10-28,535.0,539.5,521.0,529.5
2004-10-27,535.0,540.5,532.5,535.5
2004-10-26,536.0,537.5,529.0,531.0
2004-10-25,535.5,540.04,533.5,537.5
2004-10-22,540.0,552.52,523.5,542.0
2004-10-21,544.0,549.74,536.5,539.0
2004-10-20,538.0,542.2,533.0,540.0
2004-10-19,543.0,548.0,539.65,541.5
2004-10-18,545.5,549.24,542.0,546.0
2004-10-15,545.0,547.5,542.5,543.5
2004-10-14,537.0,546.5,536.54,546.0
2004-10-13,548.0,549.5,536.4,538.0
2004-10-12,554.0,554.0,544.75,547.5
2004-10-11,553.0,556.0,548.9,549.5
2004-10-08,552.0,559.79,550.4,551.5
2004-10-07,559.0,561.0,552.0,554.5
2004-10-06,549.5,558.5,549.5,556.5
2004-10-05,536.5,551.1,535.5,549.0
2004-10-04,540.0,546.5,534.5,534.5
2004-10-01,530.0,541.0,527.5,540.0
2004-09-30,532.5,533.0,526.0,527.5
2004-09-29,537.5,543.0,529.4,532.0
2004-09-28,535.0,545.0,532.5,539.0
2004-09-27,532.0,534.3,529.5,532.0
2004-09-24,529.0,537.5,528.5,536.0
2004-09-23,533.0,538.5,529.5,531.5
2004-09-22,538.5,540.5,532.5,534.0
2004-09-21,528.0,539.0,527.6,538.0
2004-09-20,522.0,531.56,520.5,528.5
2004-09-17,511.0,522.25,511.0,519.5
2004-09-16,513.25,516.07,509.5,511.0
2004-09-15,507.0,519.24,502.0,511.5
2004-09-14,508.0,509.0,505.25,507.0
2004-09-13,508.25,512.19,505.0,507.5
2004-09-10,509.0,514.06,507.25,509.25
2004-09-09,504.75,508.75,502.9,506.0
2004-09-08,505.75,508.75,500.0,505.0
2004-09-07,503.0,505.75,498.25,504.25
2004-09-06,507.25,509.25,502.5,504.5
2004-09-03,506.75,507.82,502.75,506.25
2004-09-02,508.75,508.8,502.49,505.75
2004-09-01,497.0,504.0,496.3,503.5
2004-08-31,493.0,499.1,492.75,492.75
2004-08-30,497.0,497.0,497.0,497.0
2004-08-27,486.0,497.98,486.0,497.0
2004-08-26,485.5,486.75,482.5,485.0
2004-08-25,484.0,486.31,480.39,483.0
2004-08-24,489.0,489.0,481.5,484.5
2004-08-23,488.5,495.0,485.02,488.75
2004-08-20,486.0,492.0,484.77,489.5
2004-08-19,492.0,494.0,484.0,487.0
2004-08-18,488.0,492.25,484.25,490.5
2004-08-17,492.25,495.0,487.91,490.5
2004-08-16,492.0,494.25,487.1,493.5
2004-08-13,494.75,498.5,487.0,487.25
2004-08-12,495.0,499.25,494.5,497.5
2004-08-11,505.5,505.5,493.0,494.5
2004-08-10,501.25,508.0,500.0,507.0
2004-08-09,498.5,502.5,495.5,501.25
2004-08-06,510.0,514.98,499.0,499.5
2004-08-05,512.5,517.0,510.25,511.75
2004-08-04,519.0,522.0,512.8,514.0
2004-08-03,514.5,523.0,513.9,521.0
2004-08-02,515.5,516.41,510.48,512.25
2004-07-30,514.25,522.67,506.0,516.0
2004-07-29,499.0,516.55,497.7,513.75
2004-07-28,491.0,497.75,490.3,497.75
2004-07-27,486.0,489.5,482.5,488.75
2004-07-26,490.5,493.0,488.25,489.75
2004-07-23,489.5,493.71,488.5,491.0
2004-07-22,492.0,493.0,488.0,488.0
2004-07-21,498.0,498.07,484.0,496.0
2004-07-20,493.75,495.0,489.25,494.5
2004-07-19,495.25,497.75,492.25,494.5
2004-07-16,492.0,496.5,491.5,495.0
2004-07-15,488.75,494.0,488.0,492.0
2004-07-14,486.0,489.25,482.0,488.0
2004-07-13,491.0,492.0,485.3,486.25
2004-07-12,494.5,496.32,489.5,490.5
2004-07-09,487.5,497.75,486.3,497.0
2004-07-08,480.0,487.5,475.89,487.0
2004-07-07,486.0,489.0,480.75,481.0
2004-07-06,483.25,490.68,482.5,486.0
2004-07-05,481.5,484.1,479.25,482.5
2004-07-02,486.0,489.88,480.75,481.0
2004-07-01,488.75,492.75,484.0,485.0
2004-06-30,492.5,493.2,487.0,487.0
2004-06-29,492.75,498.25,490.3,494.0
2004-06-28,490.0,498.59,485.0,490.5
2004-06-25,495.0,497.91,490.25,491.0
2004-06-24,496.75,499.5,492.0,496.25
2004-06-23,489.0,493.25,487.0,492.5
2004-06-22,489.25,490.5,485.5,486.75
2004-06-21,494.0,495.0,488.56,490.25
2004-06-18,489.5,498.2,486.4,496.0
2004-06-17,491.0,496.8,488.85,490.5
2004-06-16,482.5,492.5,481.29,490.5
2004-06-15,478.25,488.6,476.5,483.25
2004-06-14,482.5,484.0,476.25,478.0
2004-06-11,482.25,486.2,475.75,482.5
2004-06-10,480.75,484.0,479.75,481.5
2004-06-09,487.0,492.25,479.25,480.75
2004-06-08,488.75,495.8,487.52,492.25
2004-06-07,488.0,490.0,485.75,488.75
2004-06-04,488.5,488.5,483.38,484.5
2004-06-03,487.5,492.3,486.53,489.0
2004-06-02,483.75,493.1,483.0,487.5
2004-06-01,483.0,485.8,480.25,482.0
2004-05-31,477.75,477.75,477.75,477.75
2004-05-28,484.5,486.0,475.5,477.75
2004-05-27,489.0,493.8,483.5,484.0
2004-05-26,495.0,498.89,491.3,494.0
2004-05-25,482.5,495.0,482.5,492.5
2004-05-24,475.25,483.7,475.25,482.25
2004-05-21,482.75,482.8,477.52,478.75
2004-05-20,484.0,485.6,480.0,483.5
2004-05-19,482.75,485.5,477.5,485.5
2004-05-18,493.0,493.0,481.04,483.25
2004-05-17,490.0,496.2,489.0,493.5
2004-05-14,492.0,496.8,491.0,495.75
2004-05-13,486.5,495.75,486.0,494.25
2004-05-12,490.5,491.76,483.5,485.5
2004-05-11,487.0,491.5,480.0,490.5
2004-05-10,495.0,499.63,487.0,487.25
2004-05-07,501.0,502.15,495.8,500.5
2004-05-06,499.0,508.25,499.0,499.75
2004-05-05,492.0,499.5,407.5,498.0
2004-05-04,492.0,496.0,488.5,492.25
2004-05-03,487.5,487.5,487.5,487.5
2004-04-30,485.5,490.5,483.75,487.5
2004-04-29,493.75,496.29,489.0,489.5
2004-04-28,496.0,502.8,493.3,494.25
2004-04-27,495.0,495.8,482.5,491.5
2004-04-26,490.5,495.0,487.0,488.0
2004-04-23,493.0,495.0,488.5,491.0
2004-04-22,485.0,491.7,480.02,489.5
2004-04-21,484.0,497.1,480.5,484.75
2004-04-20,493.75,494.0,487.25,489.0
2004-04-19,494.0,494.5,486.5,492.0
2004-04-16,498.0,500.0,491.02,497.0
2004-04-15,488.0,500.5,487.0,499.0
2004-04-14,488.5,491.0,484.3,488.0
2004-04-13,483.0,494.4,483.0,490.25
2004-04-12,482.25,482.25,482.25,482.25
2004-04-09,482.25,482.25,482.25,482.25
2004-04-08,481.0,486.0,479.25,482.25
2004-04-07,476.0,483.2,472.6,481.0
2004-04-06,478.0,486.5,475.8,478.5
2004-04-05,465.0,478.8,465.0,478.0
2004-04-02,453.0,465.0,451.35,463.25
2004-04-01,457.0,458.56,451.19,455.5
2004-03-31,459.0,465.75,455.8,456.0
2004-03-30,447.5,458.0,447.0,457.0
2004-03-29,442.0,446.5,435.5,445.0
2004-03-26,437.75,437.8,431.5,435.5
2004-03-25,439.0,444.22,433.75,435.5
2004-03-24,437.0,441.75,436.0,437.5
2004-03-23,437.5,440.25,435.0,435.0
2004-03-22,449.25,449.7,438.7,440.0
2004-03-19,450.0,457.0,448.0,452.5
2004-03-18,452.0,457.66,446.25,446.75
2004-03-17,450.0,452.8,444.25,452.5
2004-03-16,449.0,453.0,446.5,449.0
2004-03-15,447.0,452.75,444.0,448.0
2004-03-12,445.0,447.0,436.5,445.75
2004-03-11,451.0,453.0,445.75,448.5
2004-03-10,445.0,456.0,443.3,454.5
2004-03-09,443.5,447.25,441.0,444.5
2004-03-08,445.25,447.75,445.0,446.5
2004-03-05,448.5,450.6,442.75,445.0
2004-03-04,445.75,449.3,442.0,449.0
2004-03-03,445.0,450.6,433.25,445.0
2004-03-02,443.75,445.0,441.0,444.5
2004-03-01,435.0,440.5,432.5,440.0
2004-02-27,434.0,438.59,432.0,432.75
2004-02-26,426.5,433.8,426.5,433.0
2004-02-25,422.5,425.8,421.0,424.75
2004-02-24,425.0,428.31,418.5,421.25
2004-02-23,428.0,432.5,423.5,424.5
2004-02-20,418.0,427.37,417.25,424.5
2004-02-19,417.0,420.76,413.0,418.5
2004-02-18,418.25,420.0,415.0,415.5
2004-02-17,418.75,422.35,417.7,420.75
2004-02-16,416.5,421.0,414.9,418.5
2004-02-13,413.5,419.25,412.0,415.5
2004-02-12,416.5,416.5,406.5,413.5
2004-02-11,417.0,422.8,410.4,414.5
2004-02-10,413.5,417.0,407.75,416.0
2004-02-09,424.0,426.75,420.75,426.75
2004-02-06,424.0,424.0,416.15,421.0
2004-02-05,428.0,429.5,420.8,423.0
2004-02-04,427.0,430.0,421.83,428.75
2004-02-03,429.0,429.0,420.25,425.25
2004-02-02,432.0,432.25,423.5,426.5
2004-01-30,435.0,436.15,428.25,428.25
2004-01-29,435.25,437.75,430.75,434.25
2004-01-28,434.0,441.5,433.3,439.5
2004-01-27,438.0,441.75,435.0,436.75
2004-01-26,440.8,440.75,432.25,434.5
2004-01-23,443.3,443.25,434.0,438.5
2004-01-22,450.0,451.0,441.0,442.5
2004-01-21,440.0,450.7,440.0,448.25
2004-01-20,442.0,446.0,434.8,438.25
2004-01-19,437.5,445.94,436.3,442.5
2004-01-16,434.5,436.5,428.5,433.0
2004-01-15,435.0,438.1,431.5,436.5
2004-01-14,443.0,443.0,433.25,435.0
2004-01-13,445.0,447.5,442.25,443.5
2004-01-12,434.5,445.75,434.5,441.25
2004-01-09,439.0,439.3,431.25,434.25
2004-01-08,443.5,446.97,439.05,442.5
2004-01-07,452.25,454.0,440.1,441.25
2004-01-06,456.0,458.0,450.5,452.75
2004-01-05,455.0,455.0,447.1,454.75
2004-01-02,455.5,460.5,453.25,454.75
2004-01-01,453.0,453.0,453.0,453.0
2003-12-31,452.75,458.0,452.5,453.0
2003-12-30,454.0,456.0,449.5,454.5
2003-12-29,450.5,454.5,450.5,453.75
2003-12-26,451.0,451.0,451.0,451.0
2003-12-25,451.0,451.0,451.0,451.0
2003-12-24,448.0,453.85,448.0,451.0
2003-12-23,454.0,454.1,445.36,448.5
2003-12-22,448.5,455.5,448.3,454.25
2003-12-19,447.0,454.25,446.6,451.75
2003-12-18,437.0,449.25,436.1,446.75
2003-12-17,432.0,439.88,428.5,436.75
2003-12-16,431.25,435.4,427.75,429.5
2003-12-15,437.0,437.26,430.86,432.5
2003-12-12,428.5,435.0,428.5,434.0
2003-12-11,429.0,429.0,425.0,428.5
2003-12-10,425.5,430.3,420.75,430.0
2003-12-09,423.0,429.25,422.5,427.0
2003-12-08,414.75,419.0,411.75,419.0
2003-12-05,415.0,418.08,413.25,416.0
2003-12-04,412.0,414.0,409.75,412.75
2003-12-03,409.25,413.6,408.24,412.0
2003-12-02,411.25,415.5,406.75,410.0
2003-12-01,406.25,413.14,405.65,412.5
2003-11-28,408.75,410.8,404.0,405.75
2003-11-27,413.5,414.25,407.5,408.25
2003-11-26,412.25,417.0,409.5,411.0
2003-11-25,417.0,418.0,408.0,411.75
2003-11-24,411.5,418.75,411.25,416.0
2003-11-21,413.0,414.0,410.25,411.25
2003-11-20,413.75,413.75,401.0,411.75
2003-11-19,406.0,416.08,405.5,411.75
2003-11-18,414.0,415.7,407.75,410.5
2003-11-17,417.3,420.09,413.17,414.0
2003-11-14,412.0,423.0,412.0,419.25
2003-11-13,418.0,419.5,410.25,413.25
2003-11-12,418.0,419.0,413.0,414.75
2003-11-11,418.25,421.5,415.25,420.5
2003-11-10,420.25,425.25,417.5,419.0
2003-11-07,420.0,425.8,419.42,422.25
2003-11-06,417.0,420.0,413.25,418.0
2003-11-05,416.0,418.0,415.25,417.5
2003-11-04,417.5,421.0,414.4,418.5
2003-11-03,409.0,419.5,409.0,416.25
2003-10-31,404.5,412.0,403.75,409.0
2003-10-30,406.0,415.75,401.95,404.75
2003-10-29,408.75,412.0,403.49,407.25
2003-10-28,412.0,416.1,403.69,408.5
2003-10-27,411.0,414.75,407.15,412.5
2003-10-24,410.5,414.0,408.25,413.5
2003-10-23,415.0,415.5,408.3,412.5
2003-10-22,422.5,426.3,415.5,417.75
2003-10-21,428.25,430.0,420.71,421.25
2003-10-20,423.0,429.0,423.0,426.5
2003-10-17,428.25,434.9,422.75,426.25
2003-10-16,431.25,437.25,425.2,426.5
2003-10-15,435.0,441.0,431.25,432.75
2003-10-14,442.5,443.3,433.75,435.25
2003-10-13,433.5,443.25,433.5,441.75
2003-10-10,433.5,437.75,429.5,433.75
2003-10-09,431.5,435.0,429.0,435.0
2003-10-08,432.5,436.6,428.1,430.5
2003-10-07,431.25,444.0,427.25,432.25
2003-10-06,429.0,435.0,427.8,432.25
2003-10-03,420.0,429.75,420.0,428.75
2003-10-02,425.0,425.25,415.0,420.5
2003-10-01,414.75,422.0,410.9,422.0
2003-09-30,415.0,415.5,406.25,413.0
2003-09-29,417.5,420.75,412.5,415.0
2003-09-26,424.8,427.0,414.0,415.5
2003-09-25,420.5,429.5,420.3,426.25
2003-09-24,421.75,429.0,417.75,422.75
2003-09-23,424.0,425.0,418.2,419.0
2003-09-22,421.0,427.9,417.25,422.75
2003-09-19,431.0,432.0,421.5,422.0
2003-09-18,436.5,438.6,427.1,429.25
2003-09-17,444.0,444.5,436.9,437.75
2003-09-16,439.0,440.75,433.0,440.0
2003-09-15,440.5,442.5,434.75,436.0
2003-09-12,444.3,447.5,438.75,438.75
2003-09-11,439.5,443.75,435.75,443.0
2003-09-10,442.5,443.5,437.5,441.0
2003-09-09,449.5,449.75,441.0,442.5
2003-09-08,439.5,450.6,439.5,449.5
2003-09-05,446.5,447.75,438.75,441.5
2003-09-04,448.3,451.0,446.5,447.5
2003-09-03,442.25,453.5,441.0,448.5
2003-09-02,434.5,440.0,434.0,437.0
2003-09-01,433.5,438.25,429.1,433.25
2003-08-29,438.25,440.0,428.9,429.0
2003-08-28,437.5,438.75,433.5,437.0
2003-08-27,434.75,437.4,432.0,436.5
2003-08-26,437.0,439.0,431.0,432.0
2003-08-25,437.0,437.0,437.0,437.0
2003-08-22,436.0,438.75,432.75,437.0
2003-08-21,437.0,439.5,434.25,436.0
2003-08-20,435.0,438.25,432.5,435.0
2003-08-19,442.0,444.5,435.75,436.75
2003-08-18,435.3,442.5,434.0,442.5
2003-08-15,440.5,444.25,433.3,436.25
2003-08-14,433.8,441.25,432.0,440.5
2003-08-13,436.75,438.75,430.5,434.0
2003-08-12,443.5,449.5,438.5,438.75
2003-08-11,435.0,444.5,435.0,441.5
2003-08-08,429.0,436.9,425.1,435.75
2003-08-07,423.0,425.25,419.0,425.25
2003-08-06,425.0,425.0,418.4,421.0
2003-08-05,422.5,430.5,420.5,427.25
2003-08-04,418.3,424.0,417.75,420.5
2003-08-01,424.0,424.75,416.6,417.5
2003-07-31,425.0,427.7,419.5,426.0
2003-07-30,420.5,424.0,419.5,422.75
2003-07-29,423.5,428.5,414.5,419.5
2003-07-28,419.75,424.0,418.25,422.75
2003-07-25,420.0,420.3,412.75,416.0
2003-07-24,419.0,425.3,417.0,423.0
2003-07-23,420.3,422.5,417.5,419.0
2003-07-22,415.8,419.0,413.5,419.0
2003-07-21,417.5,422.25,414.75,415.0
2003-07-18,413.75,415.6,411.0,414.25
2003-07-17,405.0,414.5,405.0,411.25
2003-07-16,406.0,409.3,403.25,405.25
2003-07-15,409.0,411.0,403.0,404.25
2003-07-14,408.5,412.0,405.3,410.5
2003-07-11,403.25,409.7,403.0,406.75
2003-07-10,410.0,410.0,403.3,404.25
2003-07-09,414.25,414.6,406.5,410.0
2003-07-08,418.0,418.0,408.2,413.5
2003-07-07,412.0,418.75,412.0,417.5
2003-07-04,409.0,413.75,407.0,411.75
2003-07-03,414.0,414.0,403.4,410.25
2003-07-02,416.5,419.25,409.5,412.5
2003-07-01,421.0,422.0,411.25,411.75
2003-06-30,421.5,428.5,419.0,420.25
2003-06-27,423.5,423.5,414.7,423.5
2003-06-26,424.0,427.5,420.25,420.5
2003-06-25,429.0,429.5,420.75,424.5
2003-06-24,430.0,433.4,426.25,427.5
2003-06-23,439.3,439.3,430.0,431.25
2003-06-20,430.0,437.5,429.5,434.0
2003-06-19,437.5,438.6,427.5,429.25
2003-06-18,432.0,441.25,428.25,438.0
2003-06-17,441.0,441.0,428.75,433.25
2003-06-16,435.0,442.0,433.5,438.0
2003-06-13,444.0,446.25,437.8,439.0
2003-06-12,440.5,451.5,440.5,446.0
2003-06-11,434.0,442.25,433.8,439.0
2003-06-10,428.0,436.25,427.5,432.25
2003-06-09,428.8,431.0,424.0,429.0
2003-06-06,431.0,439.0,428.0,429.5
2003-06-05,438.0,438.0,426.5,429.25
2003-06-04,430.75,439.9,430.75,436.5
2003-06-03,425.5,432.75,423.25,430.75
2003-06-02,424.0,429.4,420.5,428.75
2003-05-30,420.3,426.25,418.0,418.0
2003-05-29,426.0,429.0,421.3,424.0
2003-05-28,425.5,430.25,423.8,428.0
2003-05-27,416.5,425.3,408.25,423.5
2003-05-26,415.25,415.25,415.25,415.25
2003-05-23,414.5,417.7,409.5,415.25
2003-05-22,416.5,420.8,413.0,418.5
2003-05-21,412.0,413.0,406.0,410.25
2003-05-20,406.3,416.0,406.25,414.25
2003-05-19,412.0,414.3,405.0,407.5
2003-05-16,415.5,420.0,412.5,414.5
2003-05-15,410.0,416.3,406.25,413.5
2003-05-14,415.5,420.25,406.25,407.25
2003-05-13,417.25,419.75,411.6,415.75
2003-05-12,413.0,417.5,409.0,416.5
2003-05-09,410.0,412.6,402.75,410.0
2003-05-08,413.0,414.5,405.5,408.0
2003-05-07,410.5,420.3,408.5,413.5
2003-05-06,407.8,417.75,405.0,410.75
2003-05-05,405.25,405.25,405.25,405.25
2003-05-02,397.8,405.25,395.5,405.25
2003-05-01,397.0,403.0,393.8,395.0
2003-04-30,398.5,401.5,392.7,396.5
2003-04-29,406.0,408.0,397.0,399.75
2003-04-28,395.5,403.5,393.5,403.0
2003-04-25,408.0,410.0,392.0,395.0
2003-04-24,410.0,414.5,403.25,406.0
2003-04-23,422.5,423.0,410.0,412.5
2003-04-22,412.75,414.3,407.5,413.75
2003-04-21,407.5,414.75,401.75,407.5
2003-04-18,407.5,414.75,401.75,407.5
2003-04-17,405.0,414.75,401.75,407.5
2003-04-16,418.0,420.5,404.4,407.0
2003-04-15,410.5,420.75,410.0,414.5
2003-04-14,403.5,411.0,403.5,408.5
2003-04-11,405.5,411.75,404.75,404.75
2003-04-10,409.75,412.7,403.75,405.75
2003-04-09,411.0,416.25,408.25,411.75
2003-04-08,418.0,419.3,408.5,411.25
2003-04-07,420.0,432.2,420.0,421.0
2003-04-04,406.5,423.0,404.5,416.5
2003-04-03,405.0,413.5,403.5,407.0
2003-04-02,416.5,426.5,404.25,406.25
2003-04-01,404.0,415.75,402.1,415.5
2003-03-31,411.3,411.3,398.0,401.25
2003-03-28,419.0,421.75,411.0,413.75
2003-03-27,426.0,426.75,410.25,416.0
2003-03-26,425.0,432.0,418.5,429.25
2003-03-25,414.8,428.0,411.5,422.25
2003-03-24,425.0,425.0,415.5,416.5
2003-03-21,418.5,432.75,418.3,428.0
2003-03-20,413.0,420.3,408.0,417.25
2003-03-19,412.25,425.1,409.0,414.25
2003-03-18,414.5,422.0,404.3,412.5
2003-03-17,395.0,422.0,388.3,415.0
2003-03-14,394.8,400.75,386.8,400.25
2003-03-13,377.0,392.0,370.8,391.5
2003-03-12,395.3,398.5,370.0,371.0
2003-03-11,390.0,396.75,389.3,395.25
2003-03-10,398.0,400.0,391.5,392.0
2003-03-07,403.0,403.0,391.75,395.25
2003-03-06,406.0,409.8,402.25,404.5
2003-03-05,406.25,409.75,403.3,405.5
2003-03-04,408.0,413.7,406.3,408.0
2003-03-03,402.0,411.6,400.25,408.0
2003-02-28,399.0,402.0,389.25,400.0
2003-02-27,402.8,408.25,397.0,400.0
2003-02-26,411.0,413.0,396.6,402.0
2003-02-25,414.5,419.3,407.5,414.0
2003-02-24,415.5,418.25,408.5,416.5
2003-02-21,398.3,414.5,398.3,413.5
2003-02-20,393.75,406.75,392.0,400.5
2003-02-19,404.0,408.6,392.4,393.25
2003-02-18,395.8,406.25,392.5,404.0
2003-02-17,396.8,398.0,388.0,395.5
2003-02-14,387.0,397.5,385.3,388.0
2003-02-13,384.0,387.0,375.0,381.0
2003-02-12,392.0,392.5,382.0,385.0
2003-02-11,388.0,396.0,384.0,393.5
2003-02-10,379.0,385.75,375.0,379.5
2003-02-07,381.3,387.8,376.75,379.0
2003-02-06,394.5,398.5,377.5,382.5
2003-02-05,389.8,397.5,384.0,397.5
2003-02-04,390.0,395.5,386.5,386.5
2003-02-03,389.0,393.5,387.25,393.5
2003-01-31,374.0,382.6,373.1,382.0
2003-01-30,386.25,388.55,373.0,382.5
2003-01-29,364.5,383.5,360.3,383.0
2003-01-28,360.5,365.5,353.0,362.5
2003-01-27,368.8,368.75,348.6,356.5
2003-01-24,375.8,378.25,364.5,369.0
2003-01-23,383.5,386.0,370.3,374.0
2003-01-22,389.0,394.0,373.0,379.75
2003-01-21,397.5,399.0,387.0,388.75
2003-01-20,403.5,405.0,395.0,395.0
2003-01-17,408.5,410.5,403.25,403.5
2003-01-16,405.3,411.8,405.0,408.75
2003-01-15,411.0,412.5,405.25,405.75
2003-01-14,417.0,422.8,401.5,410.5
2003-01-13,422.5,428.25,413.5,416.0
2003-01-10,420.0,427.0,416.3,424.0
2003-01-09,416.0,420.25,410.1,420.25
2003-01-08,421.5,421.5,416.5,418.5
2003-01-07,431.5,432.0,426.3,429.0
2003-01-06,428.3,431.0,418.5,429.0
2003-01-03,430.0,430.75,423.0,427.0
2003-01-02,423.5,431.0,420.5,428.0
2003-01-01,427.0,427.0,427.0,427.0
2002-12-31,427.0,433.0,417.0,427.0
2002-12-30,413.0,430.0,412.0,424.0
2002-12-27,422.0,423.5,412.0,415.0
2002-12-26,429.0,429.0,429.0,429.0
2002-12-25,429.0,429.0,429.0,429.0
2002-12-24,426.0,437.0,425.5,429.0
2002-12-23,418.0,428.0,418.0,426.0
2002-12-20,414.0,421.0,412.0,416.5
2002-12-19,414.5,420.5,408.5,413.0
2002-12-18,419.5,424.0,412.0,413.0
2002-12-17,421.6,432.1,415.75,421.0
2002-12-16,410.0,429.5,409.0,426.0
2002-12-13,415.1,420.5,405.0,410.5
2002-12-12,423.6,423.6,412.5,414.0
2002-12-11,414.0,426.8,414.0,419.0
2002-12-10,416.6,417.5,408.0,414.0
2002-12-09,410.1,420.9,408.9,412.0
2002-12-06,419.5,421.0,403.0,414.0
2002-12-05,415.0,424.5,414.9,418.0
2002-12-04,418.0,418.0,408.5,415.5
2002-12-03,416.5,422.0,411.9,415.5
2002-12-02,426.0,426.0,411.5,412.5
2002-11-29,420.0,430.5,414.5,418.5
2002-11-28,418.0,426.0,418.0,423.0
2002-11-27,400.0,419.0,399.0,417.0
2002-11-26,402.3,408.5,398.4,400.0
2002-11-25,404.0,409.0,396.8,402.5
2002-11-22,411.5,413.7,400.9,404.0
2002-11-21,407.1,418.6,407.1,412.0
2002-11-20,419.1,419.5,405.0,407.0
2002-11-19,411.0,423.0,409.0,418.5
2002-11-18,410.0,424.0,405.1,413.5
2002-11-15,402.5,413.0,399.8,410.0
2002-11-14,404.0,405.1,393.0,402.5
2002-11-13,411.4,411.4,399.0,403.0
2002-11-12,405.5,412.25,403.0,408.5
2002-11-11,403.0,408.5,397.0,405.5
2002-11-08,396.6,407.0,391.0,403.0
2002-11-07,397.2,403.5,391.0,396.5
2002-11-06,410.5,414.5,392.0,399.5
2002-11-05,417.0,417.0,396.5,406.5
2002-11-04,418.0,428.5,403.5,411.5
2002-11-01,410.0,420.5,402.0,418.0
2002-10-31,402.3,418.5,402.0,410.0
2002-10-30,392.4,408.0,392.4,404.0
2002-10-29,425.0,425.0,387.0,392.5
2002-10-28,432.5,439.0,418.0,423.0
2002-10-25,434.0,434.0,423.0,426.5
2002-10-24,423.1,435.2,421.0,434.0
2002-10-23,436.7,436.7,412.5,420.0
2002-10-22,450.0,450.0,426.5,427.5
2002-10-21,455.6,460.0,449.0,452.0
2002-10-18,456.5,462.75,448.5,458.5
2002-10-17,448.9,464.5,444.9,456.0
2002-10-16,448.0,462.5,440.0,445.0
2002-10-15,427.0,449.0,427.0,448.0
2002-10-14,424.0,433.4,422.5,423.0
2002-10-11,414.5,429.5,414.5,427.5
2002-10-10,406.4,416.25,397.75,412.0
2002-10-09,412.0,415.5,400.5,407.0
2002-10-08,425.0,432.0,409.0,412.0
2002-10-07,427.5,432.0,415.5,424.0
2002-10-04,437.0,442.1,421.0,425.5
2002-10-03,430.0,455.0,430.0,431.5
2002-10-02,431.9,454.5,423.0,442.5
2002-10-01,421.0,441.0,421.0,435.5
2002-09-30,445.0,445.0,414.5,425.0
2002-09-27,435.7,457.5,435.7,452.5
2002-09-26,424.5,442.0,421.0,441.5
2002-09-25,422.5,437.0,412.0,418.0
2002-09-24,441.2,441.2,420.2,424.5
2002-09-23,446.0,446.5,431.7,434.0
2002-09-20,427.7,453.5,423.5,437.0
2002-09-19,444.3,448.8,423.0,433.0
2002-09-18,453.5,453.5,435.5,435.5
2002-09-17,467.3,472.5,455.9,459.0
2002-09-16,459.8,472.5,456.0,467.0
2002-09-13,463.0,466.5,450.0,456.0
2002-09-12,476.0,478.0,462.0,466.0
2002-09-11,478.1,489.5,470.0,482.5
2002-09-10,483.3,483.5,470.0,477.0
2002-09-09,465.0,481.0,458.6,467.0
2002-09-06,460.0,477.5,455.0,473.0
2002-09-05,464.0,466.0,443.0,456.0
2002-09-04,468.0,475.5,440.5,451.5
2002-09-03,494.0,494.0,466.0,468.0
2002-09-02,502.6,504.0,491.5,499.0
2002-08-30,498.0,506.5,493.0,500.5
2002-08-29,509.0,512.0,498.0,498.0
2002-08-28,535.5,536.5,510.5,512.0
2002-08-27,534.5,547.0,525.0,543.0
2002-08-26,528.0,528.0,528.0,528.0
2002-08-23,537.1,542.0,528.0,529.0
2002-08-22,521.5,537.5,521.5,537.0
2002-08-21,521.0,538.0,519.0,522.5
2002-08-20,530.0,542.5,523.5,526.0
2002-08-19,519.0,532.0,512.0,529.5
2002-08-16,524.1,533.0,513.5,519.5
2002-08-15,510.0,529.0,510.0,524.0
2002-08-14,504.8,515.6,501.0,501.5
2002-08-13,517.9,517.9,499.9,515.0
2002-08-12,519.0,519.0,502.5,503.0
2002-08-09,517.0,525.0,498.0,524.5
2002-08-08,496.7,512.0,494.0,512.0
2002-08-07,481.8,508.9,481.8,494.5
2002-08-06,463.2,498.5,461.0,494.0
2002-08-05,478.7,481.0,459.0,474.5
2002-08-02,478.0,489.0,472.5,475.0
2002-08-01,493.0,510.0,472.0,473.0
2002-07-31,482.0,498.0,472.0,497.0
2002-07-30,474.6,491.5,474.5,482.0
2002-07-29,458.0,480.0,455.0,479.5
2002-07-26,442.0,458.0,433.5,454.0
2002-07-25,444.0,449.5,433.5,449.5
2002-07-24,422.0,428.0,404.0,425.0
2002-07-23,425.0,437.5,416.5,428.5
2002-07-22,452.0,459.0,428.0,428.0
2002-07-19,480.0,483.5,458.5,464.5
2002-07-18,489.0,501.0,482.0,495.0
2002-07-17,469.0,492.5,465.0,489.0
2002-07-16,473.0,479.0,442.0,470.0
2002-07-15,501.5,501.5,456.0,462.5
2002-07-12,513.0,516.5,493.0,500.0
2002-07-11,530.0,534.5,512.0,513.0
2002-07-10,546.1,553.1,532.5,537.0
2002-07-09,554.0,556.5,541.0,546.0
2002-07-08,545.8,555.7,545.8,554.0
2002-07-05,537.1,558.0,537.0,555.0
2002-07-04,545.1,545.1,526.0,536.5
2002-07-03,543.5,548.5,532.5,532.5
2002-07-02,551.5,564.5,543.0,543.5
2002-07-01,551.1,564.0,541.5,557.0
2002-06-28,536.5,551.5,531.9,550.5
2002-06-27,537.1,541.5,529.0,535.0
2002-06-26,543.5,546.0,523.5,535.5
2002-06-25,534.2,548.5,531.0,545.5
2002-06-24,535.9,541.0,528.5,531.0
2002-06-21,538.5,543.0,527.0,532.0
2002-06-20,535.2,544.2,533.0,538.5
2002-06-19,549.4,549.7,528.1,538.0
2002-06-18,533.5,553.9,532.7,541.0
2002-06-17,529.6,540.1,523.4,540.0
2002-06-14,540.0,548.0,521.5,523.5
2002-06-13,550.6,554.0,536.5,542.5
2002-06-12,560.1,560.39,547.5,551.5
2002-06-11,555.6,562.6,548.7,560.0
2002-06-10,556.7,566.0,547.5,555.5
2002-06-07,568.8,570.5,545.5,558.0
2002-06-06,566.0,571.5,563.5,564.0
2002-06-05,585.6,585.6,561.0,564.5
2002-06-04,585.0,585.0,585.0,585.0
2002-06-03,585.0,585.0,585.0,585.0
2002-05-31,573.9,589.5,573.9,584.0
2002-05-30,580.1,583.5,571.5,576.5
2002-05-29,581.5,584.0,569.0,581.0
2002-05-28,587.5,591.0,570.5,573.5
2002-05-27,591.1,596.1,584.5,588.0
2002-05-24,583.6,593.0,583.0,591.5
2002-05-23,584.9,590.0,575.0,584.0
2002-05-22,596.0,596.39,580.5,584.0
2002-05-21,589.4,599.5,586.0,596.0
2002-05-20,596.5,598.5,588.6,590.5
2002-05-17,592.0,604.0,588.5,592.0
2002-05-16,603.0,604.5,589.0,596.0
2002-05-15,605.9,606.9,594.5,596.0
2002-05-14,598.5,611.0,598.5,606.0
2002-05-13,584.0,591.5,580.0,590.0
2002-05-10,586.2,591.0,582.0,585.0
2002-05-09,583.1,589.5,579.3,587.0
2002-05-08,575.6,584.0,570.4,583.0
2002-05-07,594.2,594.2,570.5,576.0
2002-05-06,594.0,594.0,594.0,594.0
2002-05-03,577.5,597.0,577.5,593.5
2002-05-02,581.0,587.0,577.5,577.5
2002-05-01,576.0,587.2,576.0,578.0
2002-04-30,568.2,591.5,563.8,585.5
2002-04-29,562.3,574.0,560.0,569.0
2002-04-26,573.5,576.0,558.9,565.0
2002-04-25,577.5,584.2,561.1,573.5
2002-04-24,587.5,589.8,574.0,578.0
2002-04-23,596.9,600.6,579.0,588.5
2002-04-22,594.7,601.1,594.0,597.0
2002-04-19,598.3,601.0,592.0,596.0
2002-04-18,602.7,604.5,595.4,595.5
2002-04-17,597.0,616.5,596.0,598.0
2002-04-16,596.0,606.5,585.5,605.0
2002-04-15,584.0,596.2,581.3,595.0
2002-04-12,590.0,592.7,579.5,584.0
2002-04-11,595.0,604.0,594.0,596.5
2002-04-10,599.7,602.5,589.0,600.5
2002-04-09,605.4,609.7,596.5,599.5
2002-04-08,607.1,613.0,600.5,608.5
2002-04-05,609.5,618.8,602.5,608.5
2002-04-04,625.0,625.7,605.0,610.0
2002-04-03,629.0,629.0,620.5,625.0
2002-04-02,626.3,630.0,619.2,624.0
2002-04-01,625.0,625.0,625.0,625.0
2002-03-29,625.0,625.0,625.0,625.0
2002-03-28,615.7,626.7,615.0,625.0
2002-03-27,609.0,618.0,606.5,613.0
2002-03-26,606.5,611.8,601.0,609.0
2002-03-25,615.0,618.0,604.5,606.5
2002-03-22,616.0,616.0,609.3,613.0
2002-03-21,612.3,616.72,607.5,614.0
2002-03-20,613.0,619.5,608.9,616.0
2002-03-19,604.7,615.0,604.29,614.5
2002-03-18,607.9,618.0,603.5,604.5
2002-03-15,607.2,613.5,604.0,609.5
2002-03-14,611.2,618.5,604.0,606.5
2002-03-13,611.2,619.0,600.4,617.0
2002-03-12,610.2,612.0,596.5,611.5
2002-03-11,609.4,615.0,601.1,608.5
2002-03-08,609.5,616.0,599.5,603.0
2002-03-07,595.5,615.0,595.5,611.5
2002-03-06,597.1,601.5,593.0,599.0
2002-03-05,598.4,604.0,594.4,599.5
2002-03-04,582.0,601.0,579.8,596.5
2002-03-01,582.5,590.5,577.0,589.0
2002-02-28,590.4,594.2,582.0,583.0
2002-02-27,579.2,596.0,575.0,592.5
2002-02-26,572.6,585.5,564.5,584.5
2002-02-25,558.3,576.2,557.0,574.0
2002-02-22,553.5,566.0,553.5,562.5
2002-02-21,563.0,563.5,551.0,561.0
2002-02-20,570.6,570.6,552.0,553.0
2002-02-19,575.7,575.7,566.5,569.5
2002-02-18,571.1,578.0,565.5,573.0
2002-02-15,569.5,574.0,558.0,571.5
2002-02-14,571.5,571.6,567.5,569.5
2002-02-13,545.0,553.0,537.5,552.5
2002-02-12,541.0,552.1,538.8,545.5
2002-02-11,543.2,545.0,536.4,541.5
2002-02-08,545.0,545.25,538.0,543.0
2002-02-07,544.8,552.4,534.5,545.0
2002-02-06,547.0,551.0,537.5,549.5
2002-02-05,547.5,554.0,536.0,538.0
2002-02-04,555.2,558.0,546.0,553.5
2002-02-01,538.5,560.0,538.5,554.0
2002-01-31,534.8,550.1,532.0,547.5
2002-01-30,549.0,549.0,530.0,538.0
2002-01-29,548.0,549.5,536.5,537.5
2002-01-28,533.0,553.5,533.0,550.5
2002-01-25,535.0,542.9,532.0,539.0
2002-01-24,532.0,543.0,529.1,535.0
2002-01-23,517.7,534.0,511.0,531.5
2002-01-22,511.0,524.0,511.0,514.0
2002-01-21,511.0,515.6,503.5,514.0
2002-01-18,520.0,523.5,511.2,512.0
2002-01-17,519.0,528.0,516.3,519.0
2002-01-16,516.5,523.5,513.5,521.5
2002-01-15,515.0,526.5,509.5,522.5
2002-01-14,517.0,518.0,512.0,515.5
2002-01-11,522.0,523.5,512.0,519.5
2002-01-10,519.9,528.0,516.5,522.0
2002-01-09,528.9,529.0,515.0,524.0
2002-01-08,533.8,535.5,521.0,522.5
2002-01-07,533.0,539.5,523.0,531.5
2002-01-04,529.0,537.1,527.0,533.5
2002-01-03,535.0,536.0,526.0,532.5
2002-01-02,533.8,539.0,528.0,531.0
2002-01-01,534.0,534.0,534.0,534.0
2001-12-31,538.5,538.5,530.5,533.0
2001-12-28,530.0,539.0,527.5,537.0
2001-12-27,529.0,536.5,528.5,529.5
2001-12-26,530.5,530.5,530.5,530.5
2001-12-25,530.5,530.5,530.5,530.5
2001-12-24,528.5,530.9,513.1,530.5
2001-12-21,515.8,530.0,507.0,528.0
2001-12-20,511.0,521.2,507.0,512.5
2001-12-19,516.9,520.0,505.0,513.0
2001-12-18,507.7,525.5,505.5,514.5
2001-12-17,504.8,516.5,500.0,513.5
2001-12-14,506.5,508.0,499.0,504.0
2001-12-13,507.5,517.5,505.5,508.0
2001-12-12,511.0,515.0,502.0,507.0
2001-12-11,506.0,514.5,505.0,508.0
2001-12-10,512.5,522.0,505.0,509.0
2001-12-07,528.2,531.5,511.5,514.0
2001-12-06,528.6,536.0,517.0,528.5
2001-12-05,520.0,534.5,512.3,532.0
2001-12-04,516.7,527.5,512.0,517.5
2001-12-03,517.2,523.0,508.0,516.5
2001-11-30,518.5,518.5,507.0,518.5
2001-11-29,511.0,518.9,505.5,518.5
2001-11-28,514.3,522.0,507.1,514.0
2001-11-27,516.1,524.5,507.5,521.5
2001-11-26,528.0,532.5,508.5,512.5
2001-11-23,528.0,541.5,509.0,530.0
2001-11-22,524.5,538.0,521.5,535.5
2001-11-21,524.9,543.0,521.5,524.5
2001-11-20,509.0,532.0,508.0,514.3
2001-11-19,507.0,521.5,503.0,509.0
2001-11-16,503.0,524.0,495.0,503.0
2001-11-15,520.0,522.0,487.0,491.5
2001-11-14,568.0,573.0,525.0,530.0
2001-11-13,561.5,568.6,555.0,566.0
2001-11-12,564.0,569.0,549.7,550.5
2001-11-09,556.0,566.5,550.0,565.0
2001-11-08,544.0,562.3,544.0,556.0
2001-11-07,537.5,553.8,537.0,549.5
2001-11-06,560.0,560.0,540.5,541.5
2001-11-05,552.0,567.0,548.0,560.5
2001-11-02,550.7,565.0,544.5,553.5
2001-11-01,547.0,558.0,544.0,558.0
2001-10-31,552.5,566.5,541.0,555.0
2001-10-30,557.0,560.0,547.5,553.5
2001-10-29,575.0,581.5,560.0,561.5
2001-10-26,553.0,575.5,553.0,575.5
2001-10-25,562.4,568.9,537.0,549.0
2001-10-24,562.0,575.0,554.5,557.0
2001-10-23,557.0,576.0,554.1,575.0
2001-10-22,545.3,561.0,545.3,561.0
2001-10-19,566.0,566.0,538.0,544.5
2001-10-18,584.0,587.0,567.5,569.0
2001-10-17,583.5,599.5,580.0,593.0
2001-10-16,590.0,590.0,576.0,581.0
2001-10-15,588.0,594.5,575.0,584.0
2001-10-12,586.5,594.5,577.7,594.5
2001-10-11,589.7,601.0,575.0,586.5
2001-10-10,570.8,594.0,567.5,590.0
2001-10-09,563.0,574.0,562.5,568.5
2001-10-08,565.1,569.5,545.0,567.0
2001-10-05,559.3,570.5,554.4,561.0
2001-10-04,552.0,569.0,550.5,564.0
2001-10-03,547.0,551.0,533.5,545.0
2001-10-02,535.0,547.0,521.0,546.0
2001-10-01,552.0,558.0,522.5,528.5
2001-09-28,538.0,563.0,538.0,562.0
2001-09-27,513.0,538.0,513.0,538.0
2001-09-26,502.6,530.0,502.6,518.0
2001-09-25,509.3,514.0,493.5,509.5
2001-09-24,506.0,520.0,503.0,512.5
2001-09-21,518.0,530.5,478.0,504.0
2001-09-20,538.0,543.0,513.5,525.0
2001-09-19,552.0,557.0,540.5,544.0
2001-09-18,561.0,570.0,553.0,566.5
2001-09-17,540.0,565.0,525.0,565.0
2001-09-14,552.0,568.0,531.0,535.5
2001-09-13,560.0,565.0,545.3,550.0
2001-09-12,575.0,575.0,550.5,560.0
2001-09-11,567.0,605.0,563.0,588.5
2001-09-10,576.9,580.5,553.0,561.0
2001-09-07,582.0,586.0,569.5,573.0
2001-09-06,589.3,589.3,578.0,584.0
2001-09-05,585.3,596.0,584.0,587.5
2001-09-04,585.0,592.5,578.0,591.5
2001-09-03,584.5,586.0,574.0,583.0
2001-08-31,589.3,592.5,580.5,584.5
2001-08-30,589.9,596.0,583.0,583.5
2001-08-29,593.0,602.4,586.0,591.5
2001-08-28,606.0,606.0,590.0,593.0
2001-08-27,606.0,606.0,606.0,606.0
2001-08-24,599.8,611.5,597.9,606.0
2001-08-23,602.5,616.0,595.0,601.5
2001-08-22,597.5,608.0,595.5,605.3
2001-08-21,597.0,606.0,590.0,593.0
2001-08-20,598.0,598.5,589.0,596.0
2001-08-17,609.0,611.0,594.0,599.0
2001-08-16,608.5,613.0,591.5,607.1
2001-08-15,605.0,617.0,602.7,615.4
2001-08-14,601.0,613.0,601.0,607.0
2001-08-13,591.5,607.5,590.5,601.0
2001-08-10,591.5,600.5,584.5,590.0
2001-08-09,591.0,597.5,589.0,591.5
2001-08-08,594.0,605.0,588.0,601.0
2001-08-07,573.0,593.8,558.0,591.0
2001-08-06,574.5,582.0,555.0,576.0
2001-08-03,577.0,587.5,563.5,571.0
2001-08-02,580.0,587.0,564.0,575.5
2001-08-01,576.0,586.5,576.0,586.0
2001-07-31,572.0,585.0,565.5,583.5
2001-07-30,570.0,579.5,564.5,572.0
2001-07-27,571.0,577.1,562.0,571.5
2001-07-26,562.0,577.1,562.0,564.7
2001-07-25,545.0,564.5,541.8,557.0
2001-07-24,565.5,566.0,542.0,546.5
2001-07-23,557.0,570.5,557.0,566.6
2001-07-20,553.0,560.5,543.5,555.7
2001-07-19,551.0,558.0,536.0,550.0
2001-07-18,561.0,566.0,545.0,547.0
2001-07-17,570.0,577.0,554.0,567.0
2001-07-16,573.0,576.0,569.5,571.5
2001-07-13,565.0,579.0,565.0,572.0
2001-07-12,563.0,573.0,560.0,567.0
2001-07-11,563.0,566.8,546.7,562.0
2001-07-10,574.5,577.5,566.0,571.7
2001-07-09,577.0,588.5,567.0,576.5
2001-07-06,585.0,588.0,569.8,583.5
2001-07-05,584.5,590.5,566.0,587.5
2001-07-04,576.5,590.5,575.5,584.0
2001-07-03,574.0,580.0,569.0,574.0
2001-07-02,592.5,592.5,572.0,573.0
2001-06-29,583.0,590.0,575.5,584.5
2001-06-28,605.0,608.5,582.0,585.0
2001-06-27,620.0,621.5,611.0,613.0
2001-06-26,622.8,628.5,614.0,617.5
2001-06-25,616.5,625.0,610.5,620.0
2001-06-22,615.0,623.0,603.5,614.0
2001-06-21,625.0,626.5,612.0,624.5
2001-06-20,625.0,636.8,619.0,631.0
2001-06-19,630.0,632.0,621.0,626.5
2001-06-18,630.5,637.5,628.0,628.0
2001-06-15,626.5,638.5,620.0,637.5
2001-06-14,637.5,640.0,625.0,632.3
2001-06-13,650.0,654.0,635.5,650.0
2001-06-12,636.0,649.5,616.5,645.0
2001-06-11,640.5,649.0,638.0,644.6
2001-06-08,635.0,645.5,631.5,635.6
2001-06-07,634.0,641.5,628.1,632.0
2001-06-06,643.0,643.0,631.5,638.0
2001-06-05,641.0,650.0,638.0,647.0
2001-06-04,634.0,640.5,623.5,636.5
2001-06-01,624.0,641.0,621.5,631.5
2001-05-31,628.5,634.5,615.0,627.3
2001-05-30,632.0,636.5,622.0,628.5
2001-05-29,629.0,648.0,626.0,632.5
2001-05-28,628.0,628.0,628.0,628.0
2001-05-25,634.0,634.0,614.5,628.0
2001-05-24,625.0,643.5,620.5,629.0
2001-05-23,633.0,633.0,621.5,623.5
2001-05-22,629.0,632.0,619.0,628.8
2001-05-21,630.0,637.5,626.0,629.0
2001-05-18,617.0,641.5,616.0,625.0
2001-05-17,616.5,626.0,609.0,614.5
2001-05-16,615.0,619.5,607.0,618.0
2001-05-15,605.5,617.5,605.5,616.5
2001-05-14,613.5,613.5,587.1,605.4
2001-05-11,620.0,622.0,607.5,609.3
2001-05-10,616.0,628.0,614.0,621.0
2001-05-09,603.0,619.2,601.0,616.0
2001-05-08,602.5,615.0,594.5,600.0
2001-05-07,611.0,611.0,611.0,611.0
2001-05-04,597.0,625.5,592.0,611.0
2001-05-03,608.0,612.0,589.5,591.0
2001-05-02,626.0,632.0,613.5,615.5
2001-05-01,629.5,633.5,625.0,625.0
2001-04-30,632.5,638.0,617.5,627.0
2001-04-27,638.0,641.5,626.0,635.0
2001-04-26,622.0,639.0,616.0,638.5
2001-04-25,617.5,623.5,608.3,616.5
2001-04-24,618.0,625.0,611.1,620.1
2001-04-23,605.0,632.0,596.5,608.5
2001-04-20,596.0,619.5,590.0,607.0
2001-04-19,587.0,610.0,583.0,597.0
2001-04-18,607.5,610.8,582.0,592.5
2001-04-17,607.0,615.0,601.4,607.0
2001-04-16,600.5,600.5,600.5,600.5
2001-04-13,600.5,600.5,600.5,600.5
2001-04-12,603.5,609.5,596.0,600.5
2001-04-11,608.0,611.5,598.0,604.0
2001-04-10,598.5,614.0,590.5,610.0
2001-04-09,581.5,599.0,574.0,598.5
2001-04-06,582.5,587.0,572.0,580.0
2001-04-05,563.5,586.0,550.0,575.5
2001-04-04,562.0,575.5,544.5,563.5
2001-04-03,576.0,576.0,562.0,562.0
2001-04-02,585.0,585.0,571.5,576.0
2001-03-30,568.0,591.5,567.0,582.0
2001-03-29,578.0,578.5,565.0,568.0
2001-03-28,578.0,581.0,569.0,575.0
2001-03-27,554.0,587.0,550.0,574.0
2001-03-26,554.0,560.0,542.0,551.9
2001-03-23,564.5,565.0,537.0,551.5
2001-03-22,570.0,578.0,561.5,571.8
2001-03-21,568.5,581.5,564.3,575.5
2001-03-20,575.0,578.5,564.0,577.0
2001-03-19,563.5,577.3,563.0,572.3
2001-03-16,570.5,576.5,563.0,567.1
2001-03-15,570.0,578.0,557.9,575.0
2001-03-14,572.0,578.0,564.0,571.5
2001-03-13,582.0,585.0,569.0,574.0
2001-03-12,590.0,590.5,583.5,587.8
2001-03-09,600.0,601.0,585.5,595.2
2001-03-08,603.0,608.5,595.0,601.7
2001-03-07,591.5,602.5,588.5,597.3
2001-03-06,569.0,593.0,569.0,589.4
2001-03-05,576.5,583.5,573.5,580.0
2001-03-02,577.0,579.5,570.0,575.0
2001-03-01,576.0,579.5,565.0,579.5
2001-02-28,579.0,582.0,571.0,574.8
2001-02-27,573.0,581.0,565.0,574.0
2001-02-26,564.0,573.0,558.0,565.0
2001-02-23,567.0,567.0,554.3,562.1
2001-02-22,565.0,573.0,560.0,566.4
2001-02-21,574.5,578.0,563.0,569.0
2001-02-20,583.0,589.0,567.0,570.0
2001-02-19,569.0,581.0,566.0,577.5
2001-02-16,577.0,581.3,567.0,571.0
2001-02-15,588.0,590.0,568.5,576.5
2001-02-14,587.0,589.5,571.0,585.6
2001-02-13,610.0,614.0,586.1,588.4
2001-02-12,610.0,617.0,601.8,611.2
2001-02-09,603.0,613.5,595.0,607.0
2001-02-08,601.0,604.5,594.5,597.2
2001-02-07,603.0,603.0,594.0,597.5
2001-02-06,599.0,604.5,593.0,597.5
2001-02-05,585.0,603.0,585.0,598.7
2001-02-02,582.5,589.0,580.0,584.5
2001-02-01,590.0,590.0,578.1,581.2
2001-01-31,584.0,588.5,577.5,588.5
2001-01-30,583.5,587.0,577.0,579.8
2001-01-29,593.0,599.2,589.0,595.0
2001-01-26,597.0,602.3,591.5,595.0
2001-01-25,581.5,590.0,577.0,584.3
2001-01-24,591.0,593.5,580.0,583.0
2001-01-23,580.5,585.0,576.0,584.0
2001-01-22,582.0,594.0,581.0,587.0
2001-01-19,580.0,581.8,573.0,581.0
2001-01-18,568.0,580.5,564.0,573.4
2001-01-17,561.5,580.0,557.0,568.7
2001-01-16,570.0,572.0,557.0,557.8
2001-01-15,559.5,573.0,558.0,569.2
2001-01-12,547.4,561.5,540.5,554.0
2001-01-11,528.0,550.5,528.0,547.0
2001-01-10,529.0,537.0,515.5,531.5
2001-01-09,543.5,545.0,524.5,526.5
2001-01-08,542.0,552.5,540.0,544.2
2001-01-05,539.5,544.5,537.5,544.5
2001-01-04,538.5,538.5,525.0,534.6
2001-01-03,545.0,551.0,537.0,544.0
2001-01-02,544.0,555.0,536.0,536.0
2001-01-01,540.0,540.0,540.0,540.0
2000-12-29,547.5,550.5,535.0,539.0
2000-12-28,534.0,546.5,534.0,542.0
2000-12-27,536.0,547.0,535.0,542.0
2000-12-26,524.0,524.0,524.0,524.0
2000-12-25,524.0,524.0,524.0,524.0
2000-12-22,527.5,530.0,515.0,524.3
2000-12-21,520.0,529.0,510.0,526.0
2000-12-20,540.0,542.5,520.0,525.0
2000-12-19,541.5,551.8,540.0,541.5
2000-12-18,537.3,543.0,532.8,540.0
2000-12-15,546.5,547.0,531.0,533.0
2000-12-14,570.0,570.0,542.0,544.0
2000-12-13,561.5,569.5,558.0,559.4
2000-12-12,554.5,563.5,544.5,558.7
2000-12-11,557.3,566.5,545.0,551.2
2000-12-08,550.0,564.0,545.0,552.5
2000-12-07,530.0,547.0,526.5,546.0
2000-12-06,553.5,553.5,526.0,538.0
2000-12-05,541.0,557.0,541.0,554.0
2000-12-04,545.0,550.0,531.0,538.0
2000-12-01,565.0,565.0,537.3,549.0
2000-11-30,572.3,572.3,548.5,564.8
2000-11-29,583.0,588.8,573.0,573.0
2000-11-28,598.5,598.5,583.0,590.3
2000-11-27,597.0,603.0,590.5,596.0
2000-11-24,600.5,609.5,593.0,598.0
2000-11-23,605.0,607.8,595.0,605.5
2000-11-22,606.0,610.0,598.0,603.5
2000-11-21,596.0,607.0,589.0,605.0
2000-11-20,600.0,605.0,593.0,594.8
2000-11-17,604.5,605.0,594.0,599.0
2000-11-16,605.0,612.0,600.0,606.2
2000-11-15,596.5,606.0,589.0,603.0
2000-11-14,581.5,593.0,576.5,591.1
2000-11-13,598.0,598.8,579.0,580.0
2000-11-10,583.0,598.0,583.0,591.0
2000-11-09,581.0,594.5,575.0,589.5
2000-11-08,582.0,587.5,567.5,577.9
2000-11-07,577.0,580.0,564.0,576.0
2000-11-06,565.5,577.0,565.0,569.3
2000-11-03,580.0,580.0,560.0,573.0
2000-11-02,599.0,604.0,574.5,579.0
2000-11-01,589.0,597.5,578.5,586.4
2000-10-31,584.0,596.0,583.0,590.1
2000-10-30,588.0,588.0,569.0,585.0
2000-10-27,604.0,608.0,588.0,595.5
2000-10-26,613.0,616.8,602.0,608.0
2000-10-25,620.0,624.8,608.0,609.6
2000-10-24,620.5,626.0,613.0,620.0
2000-10-23,625.0,630.0,614.0,621.5
2000-10-20,618.3,624.5,614.0,619.3
2000-10-19,613.8,626.8,605.1,614.0
2000-10-18,627.0,632.5,614.0,620.9
2000-10-17,632.0,634.8,613.0,628.0
2000-10-16,626.5,636.0,624.0,630.5
2000-10-13,646.0,655.0,628.0,632.8
2000-10-12,640.0,653.0,630.0,646.5
2000-10-11,618.5,647.0,617.5,638.8
2000-10-10,614.5,628.0,614.5,623.8
2000-10-09,610.0,619.3,605.0,611.0
2000-10-06,604.5,616.5,599.8,608.8
2000-10-05,600.0,604.0,595.0,597.7
2000-10-04,609.5,618.0,600.0,603.0
2000-10-03,609.0,622.0,608.0,610.5
2000-10-02,602.0,617.0,597.0,612.0
2000-09-29,597.0,599.0,588.0,593.0
2000-09-28,610.0,610.0,591.0,594.6
2000-09-27,601.0,609.5,598.0,604.9
2000-09-26,600.0,607.0,594.5,596.6
2000-09-25,605.0,605.8,588.5,595.0
2000-09-22,622.0,624.0,602.5,609.0
2000-09-21,640.0,644.5,618.0,624.0
2000-09-20,647.0,647.0,632.0,642.1
2000-09-19,664.0,668.8,646.0,663.0
2000-09-18,645.0,663.0,645.0,653.7
2000-09-15,637.0,651.5,629.5,648.0
2000-09-14,654.5,654.5,631.0,633.8
2000-09-13,665.0,667.0,650.0,658.6
2000-09-12,672.0,678.0,664.0,672.6
2000-09-11,652.5,675.0,639.0,668.3
2000-09-08,660.0,667.0,650.0,651.5
2000-09-07,666.5,682.0,658.0,666.5
2000-09-06,656.0,663.1,654.0,656.2
2000-09-05,660.5,669.5,651.0,654.5
2000-09-04,645.0,663.0,638.0,649.0
2000-09-01,635.5,646.5,625.0,646.5
2000-08-31,643.8,645.0,630.3,637.0
2000-08-30,647.5,649.3,639.0,642.5
2000-08-29,643.0,645.0,636.0,640.5
2000-08-28,634.5,634.5,634.5,634.5
2000-08-25,633.5,640.0,630.5,634.5
2000-08-24,646.0,650.3,634.0,640.0
2000-08-23,640.5,651.0,639.0,646.0
2000-08-22,630.0,650.0,630.0,639.0
2000-08-21,632.0,636.0,622.0,629.0
2000-08-18,629.0,639.5,625.0,627.5
2000-08-17,617.5,633.0,613.5,625.0
2000-08-16,598.0,616.0,593.0,614.0
2000-08-15,596.0,608.0,595.0,603.0
2000-08-14,600.0,600.0,586.1,589.0
2000-08-11,597.5,601.0,591.0,596.0
2000-08-10,591.0,593.0,576.0,584.2
2000-08-09,589.0,599.0,584.0,587.8
2000-08-08,605.0,618.0,593.0,608.8
2000-08-07,599.0,613.0,599.0,608.7
2000-08-04,605.5,605.5,592.0,597.8
2000-08-03,601.0,617.0,600.0,603.7
2000-08-02,582.0,599.5,582.0,597.0
2000-08-01,573.0,573.0,573.0,573.0
2000-07-31,584.0,584.0,584.0,584.0
2000-07-28,593.5,593.5,593.5,593.5
2000-07-27,582.0,582.0,582.0,582.0
2000-07-26,576.0,576.0,576.0,576.0
2000-07-25,568.0,568.0,568.0,568.0
2000-07-24,564.5,564.5,564.5,564.5
2000-07-21,570.0,570.0,570.0,570.0
2000-07-20,586.0,586.0,586.0,586.0
2000-07-19,599.0,599.0,599.0,599.0
2000-07-18,582.5,582.5,582.5,582.5
2000-07-17,580.0,580.0,580.0,580.0
2000-07-14,600.5,600.5,600.5,600.5
2000-07-13,609.5,609.5,609.5,609.5
2000-07-12,618.0,618.0,618.0,618.0
2000-07-11,625.0,625.0,625.0,625.0
2000-07-10,615.0,615.0,615.0,615.0
2000-07-07,617.0,617.0,617.0,617.0
2000-07-06,604.5,604.5,604.5,604.5
2000-07-05,600.5,600.5,600.5,600.5
2000-07-04,630.0,630.0,630.0,630.0
2000-07-03,648.0,648.0,648.0,648.0
2000-06-30,634.0,634.0,634.0,634.0
2000-06-29,623.5,623.5,623.5,623.5
2000-06-28,619.0,619.0,619.0,619.0
2000-06-27,632.5,632.5,632.5,632.5
2000-06-26,649.0,649.0,649.0,649.0
2000-06-23,642.5,642.5,642.5,642.5
2000-06-22,638.0,638.0,638.0,638.0
2000-06-21,630.0,630.0,630.0,630.0
2000-06-20,628.0,633.0,624.2,624.5
2000-06-19,623.6,643.0,620.7,632.0
2000-06-16,615.5,637.0,612.0,626.0
2000-06-15,635.8,639.0,617.0,618.5
2000-06-14,633.5,633.5,633.5,633.5
2000-06-13,627.0,639.0,625.5,631.0
2000-06-12,622.3,624.0,605.0,620.0
2000-06-09,603.5,630.5,603.5,622.0
2000-06-08,623.0,622.0,595.5,621.0
2000-06-07,622.3,633.5,605.0,607.0
2000-06-06,611.0,632.0,611.0,624.0
2000-06-05,622.0,623.8,617.8,622.0
2000-06-02,625.5,631.0,625.5,625.5
2000-06-01,608.5,612.8,608.5,608.5
2000-05-31,608.5,609.1,605.3,608.5
2000-05-30,591.0,608.0,585.0,591.0
2000-05-29,600.5,600.5,600.5,600.5
2000-05-26,597.0,610.0,587.5,600.5
2000-05-25,605.0,605.0,589.0,599.5
2000-05-24,609.8,616.3,589.0,598.5
2000-05-23,611.5,613.0,600.0,608.0
2000-05-22,613.5,619.0,597.0,614.5
2000-05-19,612.0,624.0,606.0,609.0
2000-05-18,591.0,619.0,590.0,613.0
2000-05-17,600.0,600.0,588.0,592.5
2000-05-16,610.0,610.0,594.3,600.5
2000-05-15,603.0,604.5,589.5,600.5
2000-05-12,610.0,613.0,580.5,598.5
2000-05-11,581.0,617.0,580.0,610.0
2000-05-10,575.0,592.8,572.0,589.0
2000-05-09,577.5,577.5,577.5,577.5
2000-05-08,600.0,605.0,588.0,597.0
2000-05-05,566.0,591.0,564.0,588.0
2000-05-04,558.5,564.0,557.0,559.0
2000-05-03,555.0,570.0,548.5,551.5
2000-05-02,558.0,558.0,541.0,550.5
2000-05-01,554.5,554.5,554.5,554.5
2000-04-28,562.0,572.0,552.5,554.5
2000-04-27,542.3,571.0,562.2,557.5
2000-04-26,556.0,573.5,551.0,555.5
2000-04-25,533.1,566.0,528.5,555.0
2000-04-24,533.5,533.5,533.5,533.5
2000-04-21,533.5,533.5,533.5,533.5
2000-04-20,517.0,535.0,515.0,533.5
2000-04-19,508.0,525.0,508.0,520.5
2000-04-18,505.0,526.4,497.5,506.0
2000-04-17,525.0,534.5,516.0,527.0
2000-04-14,547.8,553.5,528.0,531.5
2000-04-13,547.5,556.5,538.5,543.0
2000-04-12,553.0,558.0,519.5,538.5
2000-04-11,542.5,561.1,541.0,552.0
2000-04-10,545.0,550.0,535.0,542.5
2000-04-07,551.0,558.0,540.0,545.0
2000-04-06,549.0,556.5,532.0,551.0
2000-04-05,547.5,547.5,547.5,547.5
2000-04-04,557.0,575.0,551.0,554.0
2000-04-03,567.5,573.5,545.0,557.0
2000-03-31,548.5,587.0,548.5,573.5
2000-03-30,538.0,549.5,532.0,542.0
2000-03-29,510.0,525.0,505.8,522.5
2000-03-28,515.9,531.0,512.0,514.5
2000-03-27,536.0,536.0,510.0,512.5
2000-03-24,544.3,548.0,532.5,541.5
2000-03-23,553.4,553.4,533.0,535.0
2000-03-22,547.4,555.0,540.5,550.0
2000-03-21,541.8,558.0,531.0,548.5
2000-03-20,554.0,564.0,540.0,542.5
2000-03-17,567.0,575.0,547.0,554.0
2000-03-16,577.0,585.0,564.0,568.0
2000-03-15,537.0,571.5,537.0,554.0
2000-03-14,549.7,553.0,534.0,536.5
2000-03-13,550.0,556.0,538.0,549.0
2000-03-10,544.2,562.0,544.0,552.0
2000-03-09,551.0,557.0,535.0,550.5
2000-03-08,554.5,554.5,554.5,554.5
2000-03-07,493.5,509.0,489.0,505.5
2000-03-06,495.5,501.0,483.0,493.5
2000-03-03,506.0,507.0,492.0,494.0
2000-03-02,495.8,507.0,483.5,501.5
2000-03-01,487.0,487.0,487.0,487.0
2000-02-29,465.5,497.0,465.5,487.5
2000-02-28,463.0,474.5,445.0,461.5
2000-02-25,447.0,464.0,445.0,462.0
2000-02-24,444.5,444.5,444.5,444.5
2000-02-23,454.0,464.0,446.8,458.5
2000-02-22,446.0,446.0,446.0,446.0
2000-02-21,468.5,468.5,468.5,468.5
2000-02-18,486.0,486.0,486.0,486.0
2000-02-17,493.7,528.0,498.0,506.5
2000-02-16,510.5,510.5,510.5,510.5
2000-02-15,474.0,474.0,474.0,474.0
2000-02-14,489.0,489.0,464.0,481.5
2000-02-11,487.5,495.0,460.0,479.5
2000-02-10,487.5,487.5,487.5,487.5
2000-02-09,466.0,466.0,466.0,466.0
2000-02-08,498.0,508.0,488.0,495.5
2000-02-07,510.0,510.0,493.0,498.0
2000-02-04,503.5,503.5,503.5,503.5
2000-02-03,545.0,528.0,504.0,525.5
2000-02-02,548.0,548.0,548.0,548.0
2000-02-01,550.8,563.5,536.5,546.0
2000-01-31,554.5,561.0,539.0,544.0
2000-01-28,557.0,564.5,543.0,555.5
2000-01-27,548.8,568.0,548.8,556.0
2000-01-26,561.0,564.5,540.5,555.0
2000-01-25,568.5,572.0,550.0,561.0
2000-01-24,563.7,592.5,555.0,576.0
2000-01-21,552.5,579.0,545.5,562.5
2000-01-20,566.9,569.0,536.5,543.0
2000-01-19,565.0,572.8,554.0,562.5
2000-01-18,552.5,574.5,549.0,556.0
2000-01-17,553.0,562.0,546.5,550.5
2000-01-14,577.0,578.5,550.0,553.0
2000-01-13,574.5,581.0,555.0,570.5
2000-01-12,573.5,584.0,566.0,570.0
2000-01-11,579.5,585.0,561.0,569.5
2000-01-10,588.5,606.0,574.5,579.5
2000-01-07,605.0,613.8,586.5,597.0
2000-01-06,598.0,607.0,587.0,602.0
2000-01-05,597.5,608.0,583.0,596.0
2000-01-04,607.0,607.0,590.0,596.0
2000-01-03,622.5,622.5,622.5,622.5
1999-12-31,622.5,622.5,622.5,622.5
1999-12-30,606.5,627.5,606.5,622.5
1999-12-29,610.0,625.0,610.0,615.0
1999-12-28,623.5,623.5,623.5,623.5
1999-12-27,623.5,623.5,623.5,623.5
1999-12-24,620.0,625.0,614.0,623.5
1999-12-23,621.0,629.0,613.0,618.0
1999-12-22,623.0,629.3,612.0,615.5
1999-12-21,632.5,632.5,622.0,627.0
1999-12-20,641.0,642.3,629.0,632.5
1999-12-17,639.0,654.0,625.0,643.5
1999-12-16,633.0,651.0,625.5,642.5
1999-12-15,622.0,635.0,614.0,633.0
1999-12-14,622.0,632.0,615.0,623.5
1999-12-13,626.0,635.0,616.0,620.5
1999-12-10,623.5,641.9,621.0,626.5
1999-12-09,611.0,638.0,611.0,635.5
1999-12-08,613.5,618.5,599.0,614.5
1999-12-07,613.0,626.0,604.0,611.5
1999-12-06,619.3,625.0,614.0,622.0
1999-12-03,623.5,623.5,623.5,623.5
1999-12-02,630.8,639.0,615.0,623.5
1999-12-01,638.5,640.0,609.0,633.5
1999-11-30,642.4,642.4,622.0,638.0
1999-11-29,635.0,650.0,615.0,637.0
1999-11-26,641.1,650.0,625.0,627.0
1999-11-25,642.0,642.0,642.0,642.0
1999-11-24,605.0,615.0,591.0,607.0
1999-11-23,628.7,625.0,606.0,608.0
1999-11-22,627.0,649.0,611.0,625.5
1999-11-19,630.0,642.6,623.0,627.0
1999-11-18,630.0,642.0,623.0,635.0
1999-11-17,630.0,644.5,629.0,636.0
1999-11-16,613.3,634.0,604.0,631.5
1999-11-15,613.0,627.0,608.0,609.0
1999-11-12,614.0,623.0,604.0,613.0
1999-11-11,601.0,622.0,601.0,614.0
1999-11-10,596.0,614.3,593.0,603.5
1999-11-09,576.0,599.0,576.0,596.0
1999-11-08,549.0,583.0,545.0,566.0
1999-11-05,555.0,559.0,540.0,541.0
1999-11-04,552.0,565.0,544.0,552.5
1999-11-03,563.5,572.0,553.0,556.5
1999-11-02,582.1,584.5,561.0,562.5
1999-11-01,590.5,590.5,575.0,584.0
1999-10-29,590.0,592.0,579.0,590.5
1999-10-28,572.5,592.0,566.5,590.0
1999-10-27,569.5,577.0,559.0,575.0
1999-10-26,584.9,584.9,560.0,569.5
1999-10-25,581.6,595.0,571.5,574.5
1999-10-22,575.0,594.5,570.0,592.5
1999-10-21,563.5,576.0,560.0,575.0
1999-10-20,554.5,563.5,551.5,561.5
1999-10-19,534.0,561.0,534.0,556.0
1999-10-18,546.8,561.0,540.0,552.5
1999-10-15,557.0,557.5,540.0,547.5
1999-10-14,561.0,576.0,560.0,562.5
1999-10-13,540.0,572.0,538.0,563.5
1999-10-12,543.0,554.0,540.0,545.0
1999-10-11,539.0,540.0,529.0,538.0
1999-10-08,560.0,560.0,536.0,540.0
1999-10-07,561.0,570.0,555.0,558.5
1999-10-06,555.0,559.5,548.0,558.0
1999-10-05,571.0,573.0,554.0,558.0
1999-10-04,572.0,580.0,568.0,577.5
1999-10-01,552.0,575.5,552.0,567.5
1999-09-30,550.5,559.5,532.5,554.5
1999-09-29,541.5,548.5,526.0,546.0
1999-09-28,547.5,547.5,531.0,532.5
1999-09-27,550.0,552.5,538.0,547.0
1999-09-24,573.0,573.0,540.0,547.0
1999-09-23,547.5,573.0,547.5,561.5
1999-09-22,540.5,557.0,535.5,546.5
1999-09-21,562.25,563.0,534.0,544.5
1999-09-20,560.0,563.5,552.5,554.5
1999-09-17,560.5,562.5,551.47,555.0
1999-09-16,570.0,570.0,556.0,557.5
1999-09-15,587.5,587.75,568.0,572.0
1999-09-14,594.0,602.5,584.38,589.0
1999-09-13,599.2,599.2,578.0,587.0
1999-09-10,592.5,606.5,592.0,594.5
1999-09-09,572.0,591.34,568.0,586.0
1999-09-08,583.5,584.5,566.0,572.5
1999-09-07,587.5,590.5,576.0,578.0
1999-09-06,590.0,592.0,582.5,586.0
1999-09-03,576.5,600.0,576.5,586.0
1999-09-02,583.9,591.5,575.5,577.5
1999-09-01,582.5,589.0,579.5,587.5
1999-08-31,579.78,587.0,576.0,577.5
1999-08-30,576.5,576.5,576.5,576.5
1999-08-27,584.0,591.5,575.5,576.5
1999-08-26,599.0,599.0,576.0,581.0
1999-08-25,611.25,616.0,604.5,606.0
1999-08-24,611.5,617.5,605.5,607.0
1999-08-23,607.5,616.0,605.0,611.5
1999-08-20,610.5,612.0,603.0,610.5
1999-08-19,617.5,619.0,601.5,603.0
1999-08-18,615.0,623.63,609.0,619.0
1999-08-17,614.5,616.5,606.75,613.0
1999-08-16,618.5,620.0,611.5,616.5
1999-08-13,610.0,620.0,604.0,617.0
1999-08-12,611.0,616.0,606.5,613.0
1999-08-11,610.75,612.5,601.0,602.5
1999-08-10,614.0,630.0,611.0,612.5
1999-08-09,613.0,622.5,610.0,611.5
1999-08-06,612.0,614.5,600.0,608.0
1999-08-05,603.0,609.5,596.0,603.5
1999-08-04,600.5,609.5,599.5,604.5
1999-08-03,600.5,605.0,595.0,598.5
1999-08-02,601.0,606.0,590.5,604.5
1999-07-30,597.2,610.0,591.5,603.5
1999-07-29,592.5,602.0,585.0,588.0
1999-07-28,589.0,600.0,587.5,593.0
1999-07-27,592.0,600.0,587.0,589.0
1999-07-26,607.5,607.5,581.5,592.0
1999-07-23,595.0,607.5,595.0,599.0
1999-07-22,598.5,605.6,590.0,597.0
1999-07-21,620.2,620.2,591.5,595.0
1999-07-20,621.0,624.0,615.0,615.5
1999-07-19,638.0,645.5,623.0,624.0
1999-07-16,642.15,653.25,635.0,636.0
1999-07-15,632.5,648.25,625.0,642.5
1999-07-14,625.0,634.5,624.25,629.5
1999-07-13,632.5,636.0,618.0,619.5
1999-07-12,614.5,635.0,613.5,629.5
1999-07-09,580.5,613.5,580.5,610.0
1999-07-08,601.9,612.0,600.5,608.0
1999-07-07,605.5,610.0,594.5,598.5
1999-07-06,615.5,618.58,608.0,610.5
1999-07-05,590.5,615.5,590.5,614.0
1999-07-02,588.5,597.0,583.5,590.5
1999-07-01,573.5,590.0,573.5,588.5
1999-06-30,560.94,574.0,560.5,568.5
1999-06-29,573.5,575.0,558.5,561.5
1999-06-28,581.5,581.5,570.5,573.0
1999-06-25,580.5,584.0,575.0,580.5
1999-06-24,581.33,595.0,579.0,581.0
1999-06-23,580.0,588.0,576.5,586.5
1999-06-22,582.5,583.5,573.0,581.0
1999-06-21,592.5,593.5,585.5,585.5
1999-06-18,590.5,602.09,588.5,589.5
1999-06-17,595.25,597.5,586.5,590.25
1999-06-16,591.75,607.0,591.75,595.5
1999-06-15,575.03,592.0,575.03,591.25
1999-06-14,579.37,579.37,570.5,576.0
1999-06-11,572.5,584.5,570.0,582.5
1999-06-10,561.04,573.5,560.05,570.75
1999-06-09,566.0,567.5,556.5,561.5
1999-06-08,568.5,570.0,562.25,566.0
1999-06-07,564.0,568.75,560.5,567.5
1999-06-04,552.5,567.25,552.0,562.75
1999-06-03,563.5,569.4,560.5,562.75
1999-06-02,563.35,563.35,551.25,561.5
1999-06-01,554.0,573.0,551.5,555.25
1999-05-31,558.5,558.5,558.5,558.5
1999-05-28,553.0,561.0,550.0,558.5
1999-05-27,573.0,581.5,563.0,565.5
1999-05-26,564.0,575.0,561.5,573.0
1999-05-25,567.5,568.5,551.25,565.5
1999-05-24,571.0,585.5,570.0,574.75
1999-05-21,559.0,572.5,557.5,569.25
1999-05-20,550.0,564.0,550.0,558.5
1999-05-19,540.0,553.0,532.5,550.0
1999-05-18,549.5,551.5,538.0,540.75
1999-05-17,551.25,553.86,545.5,546.5
1999-05-14,559.75,566.5,549.0,551.25
1999-05-13,549.81,559.0,535.0,556.5
1999-05-12,569.5,569.5,540.0,546.75
1999-05-11,567.5,580.0,558.0,569.5
1999-05-10,564.94,581.0,560.75,569.75
1999-05-07,562.0,570.0,557.5,566.5
1999-05-06,562.5,575.0,558.5,563.0
1999-05-05,598.5,603.0,560.0,562.5
1999-05-04,594.25,604.15,585.63,587.75
1999-05-03,589.5,589.5,589.5,589.5
1999-04-30,587.75,598.0,586.25,589.5
1999-04-29,580.0,591.0,580.0,584.75
1999-04-28,571.5,583.0,570.0,580.0
1999-04-27,557.75,566.75,557.5,561.75
1999-04-26,548.0,558.88,546.5,548.75
1999-04-23,559.25,560.0,543.0,544.0
1999-04-22,543.5,566.0,543.5,548.75
1999-04-21,559.0,561.0,538.5,543.5
1999-04-20,575.0,588.75,556.5,560.0
1999-04-19,591.25,592.5,579.5,591.25
1999-04-16,562.5,571.0,558.0,562.5
1999-04-15,519.5,537.5,518.0,536.25
1999-04-14,521.25,524.5,515.0,516.25
1999-04-13,520.75,531.0,520.75,525.5
1999-04-12,518.5,522.0,510.75,519.25
1999-04-09,506.5,524.5,505.3,522.25
1999-04-08,506.25,512.0,501.5,510.75
1999-04-07,505.0,512.0,504.0,506.25
1999-04-06,508.75,510.0,501.0,505.75
1999-04-05,504.75,504.75,504.75,504.75
1999-04-02,504.75,504.75,504.75,504.75
1999-04-01,521.0,524.5,502.0,504.75
1999-03-31,536.0,537.5,521.5,524.25
1999-03-30,542.5,545.0,535.0,539.5
1999-03-29,537.5,547.5,535.0,538.5
1999-03-26,505.5,520.0,505.5,518.5
1999-03-25,499.5,507.5,497.25,505.5
1999-03-24,501.0,503.0,494.0,499.5
1999-03-23,500.5,511.0,500.0,501.0
1999-03-22,500.0,503.5,492.5,501.5
1999-03-19,516.0,517.5,498.5,500.0
1999-03-18,503.25,522.0,500.75,514.0
1999-03-17,486.0,504.0,485.25,500.5
1999-03-16,488.52,489.0,482.5,484.75
1999-03-15,492.88,492.88,483.0,486.75
1999-03-12,492.5,499.5,483.5,487.75
1999-03-11,482.75,512.5,459.7,510.75
1999-03-10,462.25,465.75,458.0,465.75
1999-03-09,464.25,471.0,462.5,465.0
1999-03-08,463.53,469.5,460.75,464.25
1999-03-05,452.5,469.5,452.5,468.0
1999-03-04,433.0,452.5,432.5,451.0
1999-03-03,426.25,432.0,423.25,428.5
1999-03-02,431.25,431.5,421.5,425.25
1999-03-01,445.79,445.79,429.0,431.25
1999-02-26,438.5,447.5,428.0,444.5
1999-02-25,436.0,444.0,435.5,438.5
1999-02-24,427.0,442.0,424.5,441.0
1999-02-23,425.0,430.0,422.5,428.25
1999-02-22,417.5,423.5,417.5,421.0
1999-02-19,415.0,418.0,412.0,413.75
1999-02-18,419.5,419.75,410.25,414.25
1999-02-17,421.5,430.5,414.75,420.0
1999-02-16,435.25,439.0,426.5,428.25
1999-02-15,425.0,436.0,421.0,433.75
1999-02-12,434.5,435.5,423.5,426.75
1999-02-11,434.5,437.5,431.25,431.25
1999-02-10,440.25,440.25,430.0,433.0
1999-02-09,449.0,449.0,437.5,440.25
1999-02-08,445.5,451.0,441.0,447.25
1999-02-05,442.5,449.5,436.5,446.75
1999-02-04,442.5,451.5,438.0,445.5
1999-02-03,426.25,439.0,426.25,432.5
1999-02-02,422.0,429.64,417.5,427.5
1999-02-01,415.5,424.75,413.0,422.0
1999-01-29,421.0,421.5,407.75,411.0
1999-01-28,414.0,423.5,414.0,418.0
1999-01-27,433.0,433.0,418.75,420.5
1999-01-26,432.5,436.5,425.0,428.5
1999-01-25,440.0,442.25,428.0,436.0
1999-01-22,441.75,441.75,431.25,432.0
1999-01-21,457.0,457.0,446.75,447.75
1999-01-20,451.0,458.75,451.0,457.0
1999-01-19,460.0,461.0,449.25,449.75
1999-01-18,445.5,467.5,445.5,461.75
1999-01-15,435.75,447.5,435.0,445.5
1999-01-14,445.0,447.25,435.25,438.0
1999-01-13,447.25,447.25,436.0,441.75
1999-01-12,446.5,456.5,446.25,453.25
1999-01-11,452.5,454.25,442.5,444.5
1999-01-08,457.25,457.25,457.25,457.25
1999-01-07,460.5,460.5,460.5,460.5
1999-01-06,464.5,464.5,464.5,464.5
1999-01-05,458.0,458.0,458.0,458.0
1999-01-04,462.5,473.5,455.75,462.25
1999-01-01,448.75,448.75,448.75,448.75
1998-12-31,448.75,448.75,448.75,448.75
1998-12-30,448.5,455.0,447.5,448.75
1998-12-29,460.0,460.0,447.64,454.25
1998-12-28,458.25,458.25,458.25,458.25
1998-12-25,458.25,458.25,458.25,458.25
1998-12-24,460.0,463.5,455.5,458.25
1998-12-23,439.68,454.5,438.88,451.0
1998-12-22,444.25,447.74,435.43,439.25
1998-12-21,437.0,448.25,437.0,445.25
1998-12-18,446.5,447.0,436.75,439.25
1998-12-17,440.5,450.5,436.86,444.25
1998-12-16,438.25,442.5,433.45,438.25
1998-12-15,425.25,432.0,421.5,427.75
1998-12-14,436.14,437.38,426.0,430.5
1998-12-11,430.25,441.5,430.0,430.25
1998-12-10,443.5,451.0,441.0,442.0
1998-12-09,441.5,448.0,435.0,443.25
1998-12-08,435.75,442.5,434.5,441.75
1998-12-07,429.0,437.0,429.0,430.25
1998-12-04,427.5,432.0,424.25,429.75
1998-12-03,427.75,432.0,421.25,430.5
1998-12-02,454.75,454.75,433.75,437.0
1998-12-01,464.0,467.25,455.0,455.25
1998-11-30,476.25,478.75,465.0,472.5
1998-11-27,475.0,480.5,473.25,475.5
1998-11-26,465.0,480.75,465.0,478.25
1998-11-25,469.75,475.0,465.75,466.5
1998-11-24,470.25,474.5,469.5,469.75
1998-11-23,467.92,476.0,464.0,472.25
1998-11-20,459.0,473.75,459.0,464.5
1998-11-19,470.5,477.75,461.5,466.5
1998-11-18,466.5,471.5,466.5,468.25
1998-11-17,462.5,473.5,461.5,468.75
1998-11-16,458.25,464.0,456.0,461.0
1998-11-13,452.5,467.5,452.5,458.0
1998-11-12,442.5,452.5,440.0,449.75
1998-11-11,442.25,447.5,440.0,443.0
1998-11-10,443.5,447.0,437.5,441.0
1998-11-09,456.5,475.0,444.0,445.5
1998-11-06,460.0,463.75,453.5,456.5
1998-11-05,460.5,463.5,456.25,457.0
1998-11-04,459.75,462.5,457.5,459.0
1998-11-03,450.0,466.0,445.0,452.75
1998-11-02,438.5,452.0,438.5,447.5
1998-10-30,447.25,450.5,438.25,438.5
1998-10-29,438.25,450.0,433.5,440.0
1998-10-28,428.0,439.0,428.0,435.0
1998-10-27,423.5,440.0,422.25,433.75
1998-10-26,415.0,422.0,413.75,419.0
1998-10-23,405.75,409.5,402.0,408.75
1998-10-22,407.5,410.25,402.5,409.25
1998-10-21,411.0,419.0,404.0,407.5
1998-10-20,409.5,417.5,402.5,416.25
1998-10-19,426.0,428.0,412.5,413.0
1998-10-16,428.78,438.25,424.5,428.23
1998-10-15,434.0,437.5,422.75,427.25
1998-10-14,423.0,436.5,422.5,434.0
1998-10-13,425.25,431.25,421.0,425.0
1998-10-12,421.25,430.0,420.5,424.0
1998-10-09,419.0,425.5,412.0,417.5
1998-10-08,424.0,427.5,398.5,414.5
1998-10-07,441.0,445.0,422.5,427.25
1998-10-06,427.5,440.0,424.5,434.0
1998-10-05,425.0,435.0,420.0,422.25
1998-10-02,425.0,427.5,416.5,427.5
1998-10-01,429.5,437.0,425.75,428.0
1998-09-30,445.5,451.5,438.0,450.0
1998-09-29,437.5,450.5,437.5,446.0
1998-09-28,435.5,453.5,435.0,444.75
1998-09-25,434.0,442.75,430.5,436.0
1998-09-24,446.0,456.5,434.5,438.5
1998-09-23,425.0,441.25,423.5,439.5
1998-09-22,420.0,428.0,412.25,425.0
1998-09-21,408.25,415.25,405.05,412.25
1998-09-18,397.5,414.75,392.5,408.25
1998-09-17,408.0,408.75,403.5,408.0
1998-09-16,411.5,418.0,408.0,411.0
1998-09-15,409.0,411.75,405.75,411.5
1998-09-14,395.0,411.0,395.0,408.25
1998-09-11,390.5,403.5,389.0,396.5
1998-09-10,400.0,407.5,386.0,390.5
1998-09-09,401.5,405.5,396.0,399.0
1998-09-08,402.0,406.5,397.5,397.5
1998-09-07,385.0,405.0,385.0,403.5
1998-09-04,369.5,387.0,368.0,383.5
1998-09-03,369.25,373.25,364.5,368.5
1998-09-02,380.0,384.5,370.0,373.5
1998-09-01,370.25,375.0,358.0,370.25
1998-08-31,376.75,376.75,376.75,376.75
1998-08-28,381.0,390.0,361.5,376.75
1998-08-27,400.0,402.5,387.0,390.0
1998-08-26,410.0,411.75,401.5,401.5
1998-08-25,412.5,419.5,412.5,414.75
1998-08-24,412.5,417.25,409.5,415.5
1998-08-21,425.0,427.5,410.0,414.0
1998-08-20,428.5,431.25,425.75,427.25
1998-08-19,432.5,432.5,425.25,427.25
1998-08-18,434.5,434.5,426.0,431.75
1998-08-17,421.0,431.5,421.0,426.0
1998-08-14,400.16,432.0,400.16,427.0
1998-08-13,397.5,403.0,395.25,401.0
1998-08-12,409.75,414.25,396.0,397.0
1998-08-11,385.0,419.0,366.5,397.5
1998-08-10,401.5,401.5,382.5,386.5
1998-08-07,388.5,399.0,384.0,398.75
1998-08-06,395.0,397.0,381.0,385.5
1998-08-05,390.5,401.5,379.0,390.5
1998-08-04,405.0,411.0,401.0,406.0
1998-08-03,406.5,406.5,401.25,405.0
1998-07-31,414.5,418.38,401.5,406.5
1998-07-30,412.5,419.0,412.5,415.75
1998-07-29,411.0,416.5,410.5,411.5
1998-07-28,415.0,416.25,405.25,412.0
1998-07-27,409.75,417.5,409.75,412.0
1998-07-24,420.0,421.5,410.0,414.25
1998-07-23,424.0,426.75,421.25,423.25
1998-07-22,422.5,427.5,420.0,420.25
1998-07-21,422.5,433.25,420.75,423.75
1998-07-20,429.07,433.5,429.07,430.25
1998-07-17,429.07,434.5,428.0,431.0
1998-07-16,430.0,437.0,426.5,430.25
1998-07-15,430.5,434.75,428.0,429.75
1998-07-14,422.0,428.0,422.0,425.5
1998-07-13,434.0,435.5,423.0,424.25
1998-07-10,433.5,436.25,430.5,431.5
1998-07-09,442.5,450.0,437.0,437.5
1998-07-08,442.75,444.75,435.5,441.0
1998-07-07,450.0,452.0,441.0,444.0
1998-07-06,446.5,450.0,440.67,446.0
1998-07-03,451.5,459.25,445.0,450.0
1998-07-02,448.74,456.0,445.25,455.0
1998-07-01,440.0,451.0,438.25,448.5
1998-06-30,437.5,442.0,433.0,437.0
1998-06-29,443.0,447.0,436.5,442.0
1998-06-26,437.5,444.5,427.0,443.0
1998-06-25,442.5,445.0,435.5,437.5
1998-06-24,435.5,449.5,432.5,445.0
1998-06-23,425.0,434.5,425.0,433.75
1998-06-22,412.0,425.25,411.5,425.0
1998-06-19,429.25,429.5,415.5,415.5
1998-06-18,440.5,441.0,426.0,429.5
1998-06-17,434.25,438.0,431.75,437.5
1998-06-16,424.0,434.25,422.5,431.5
1998-06-15,434.25,434.25,418.0,429.0
1998-06-12,436.5,438.5,422.5,427.25
1998-06-11,448.5,452.5,437.25,437.25
1998-06-10,453.0,453.0,443.5,453.0
1998-06-09,462.13,462.13,451.75,454.75
1998-06-08,460.5,466.25,460.25,463.75
1998-06-05,445.44,460.0,445.44,459.0
1998-06-04,445.25,446.5,445.25,446.5
1998-06-03,442.5,449.5,438.25,441.25
1998-06-02,444.0,445.0,438.0,444.0
1998-06-01,448.5,449.5,440.5,444.0
1998-05-29,460.0,460.25,449.25,449.5
1998-05-28,460.25,462.25,455.0,458.0
1998-05-27,463.5,463.5,456.75,461.75
1998-05-26,454.8,467.5,454.8,464.5
1998-05-25,456.5,456.5,456.5,456.5
1998-05-22,461.0,463.5,452.75,456.5
1998-05-21,465.0,469.25,462.0,464.0
1998-05-20,467.5,474.0,464.25,465.0
1998-05-19,465.0,475.0,465.0,467.75
1998-05-18,481.38,481.38,466.5,469.0
1998-05-15,482.5,484.0,479.75,481.75
1998-05-14,481.5,487.88,479.5,484.25
1998-05-13,479.5,484.75,476.75,483.5
1998-05-12,474.0,478.0,471.0,477.0
1998-05-11,469.0,480.14,469.0,478.0
1998-05-08,469.0,475.5,467.0,474.5
1998-05-07,468.0,475.0,464.25,472.25
1998-05-06,468.0,475.0,464.25,475.0
1998-05-05,483.75,483.75,464.0,469.75
1998-05-04,476.5,476.5,476.5,476.5
1998-05-01,471.75,477.25,470.0,476.5
1998-04-30,462.5,475.0,460.0,472.25
1998-04-29,449.5,480.0,448.25,480.0
1998-04-28,447.5,457.5,447.5,449.5
1998-04-27,452.5,457.5,445.0,445.75
1998-04-24,463.7,463.7,452.5,457.5
1998-04-23,462.5,471.25,455.25,458.25
1998-04-22,461.25,468.0,459.0,466.25
1998-04-21,443.0,465.75,443.0,461.0
1998-04-20,446.5,449.5,441.25,443.75
1998-04-17,449.0,450.0,441.5,443.25
1998-04-16,439.5,442.5,432.75,441.75
1998-04-15,440.0,441.5,435.5,438.5
1998-04-14,446.0,451.0,438.0,439.0
1998-04-13,445.0,445.0,445.0,445.0
1998-04-10,445.0,445.0,445.0,445.0
1998-04-09,434.0,445.0,432.0,445.0
1998-04-08,442.5,444.25,432.5,434.0
1998-04-07,438.5,471.0,434.5,448.5
1998-04-06,439.63,441.5,435.0,440.25
1998-04-03,443.0,450.0,436.75,439.75
1998-04-02,431.0,442.25,431.0,441.5
1998-04-01,431.0,440.0,425.5,432.5
1998-03-31,436.0,447.0,426.0,431.0
1998-03-30,437.5,447.0,436.0,438.5
1998-03-27,437.75,448.25,435.5,440.0
1998-03-26,445.5,446.5,432.5,441.25
1998-03-25,450.0,450.0,437.0,447.0
1998-03-24,459.5,461.96,451.5,453.5
1998-03-23,458.0,479.5,452.5,466.75
1998-03-20,436.25,439.5,427.5,433.5
1998-03-19,414.31,437.5,412.0,434.5
1998-03-18,403.0,411.5,403.0,411.25
1998-03-17,406.0,439.0,406.0,406.75
1998-03-16,415.0,418.88,413.0,413.0
1998-03-13,415.0,418.88,407.5,410.0
1998-03-12,420.5,422.77,414.5,416.5
1998-03-11,423.25,424.18,415.0,418.5
1998-03-10,424.0,424.0,406.5,419.25
1998-03-09,419.0,419.0,419.0,419.0
1998-03-06,430.0,438.75,423.5,427.75
1998-03-05,430.75,432.5,426.0,429.5
1998-03-04,431.0,433.0,424.0,431.0
1998-03-03,431.0,436.0,424.89,430.5
1998-03-02,417.75,440.0,415.0,430.5
1998-02-27,414.0,421.5,411.0,419.0
1998-02-26,403.0,416.5,401.75,414.5
1998-02-25,400.41,404.5,399.25,403.0
1998-02-24,401.85,404.0,391.0,400.25
1998-02-23,408.5,410.75,397.0,402.5
1998-02-20,405.44,414.75,402.0,413.75
1998-02-19,403.5,408.5,401.0,403.0
1998-02-18,396.44,405.0,396.44,402.75
1998-02-17,395.25,400.0,393.25,397.75
1998-02-16,395.63,398.5,393.5,393.5
1998-02-13,392.0,399.0,391.0,397.5
1998-02-12,399.5,399.5,390.0,392.0
1998-02-11,397.75,404.5,390.5,396.5
1998-02-10,407.25,414.0,391.5,396.5
1998-02-09,409.22,414.5,406.0,407.0
1998-02-06,402.5,410.0,402.5,409.5
1998-02-05,410.23,414.0,402.0,404.75
1998-02-04,411.25,412.5,406.75,410.0
1998-02-03,407.5,412.5,405.5,412.5
1998-02-02,412.36,414.0,404.5,407.5
1998-01-30,401.5,414.5,398.38,413.5
1998-01-29,392.5,403.5,391.38,402.0
1998-01-28,392.0,396.5,389.5,391.75
1998-01-27,375.75,396.0,375.75,392.0
1998-01-26,375.0,380.0,372.25,376.5
1998-01-23,388.25,401.5,368.25,373.0
1998-01-22,405.75,409.5,385.5,389.5
1998-01-21,403.0,407.5,397.25,405.75
1998-01-20,404.0,408.75,396.5,400.5
1998-01-19,404.5,407.25,402.75,403.0
1998-01-16,408.0,415.0,405.25,407.75
1998-01-15,403.5,411.5,400.0,410.5
1998-01-14,395.5,406.5,395.5,401.25
1998-01-13,391.75,397.5,383.75,396.25
1998-01-12,391.0,391.0,382.5,386.25
1998-01-09,395.75,398.5,388.0,389.0
1998-01-08,387.75,399.75,386.88,395.0
1998-01-07,381.0,392.0,379.0,389.0
1998-01-06,403.0,405.0,379.5,382.5
1998-01-05,405.0,409.0,400.0,403.0
1998-01-02,400.0,405.5,400.0,404.0
1998-01-01,400.0,400.0,400.0,400.0
1997-12-31,400.75,405.0,400.0,400.0
1997-12-30,403.0,407.5,399.5,401.25
1997-12-29,396.75,405.0,396.75,402.5
1997-12-26,398.75,398.75,398.75,398.75
1997-12-25,398.75,398.75,398.75,398.75
1997-12-24,398.75,400.0,395.0,398.75
1997-12-23,402.5,402.5,394.75,398.5
1997-12-22,400.0,405.0,397.0,399.5
1997-12-19,408.75,408.75,396.0,399.0
1997-12-18,411.38,413.5,407.75,409.75
1997-12-17,408.19,413.5,408.19,410.5
1997-12-16,406.75,409.75,405.25,408.25
1997-12-15,409.5,409.75,406.0,407.25
1997-12-12,410.28,410.5,405.0,406.0
1997-12-11,414.0,420.75,404.5,407.5
1997-12-10,420.25,421.0,415.0,419.5
1997-12-09,429.75,432.0,422.5,423.75
1997-12-08,430.0,437.5,428.0,431.25
1997-12-05,421.5,429.0,410.0,427.0
1997-12-04,411.25,421.0,408.94,421.0
1997-12-03,406.13,409.5,404.75,409.0
1997-12-02,404.0,408.25,400.08,406.0
1997-12-01,409.5,409.5,403.0,405.0
1997-11-28,406.5,409.5,403.5,405.0
1997-11-27,404.73,414.5,404.5,406.0
1997-11-26,424.46,425.0,404.0,404.0
1997-11-25,432.94,436.25,417.5,423.25
1997-11-24,437.5,438.25,431.5,433.0
1997-11-21,439.5,442.0,436.0,438.75
1997-11-20,438.25,445.0,437.0,439.5
1997-11-19,438.5,442.5,432.0,437.0
1997-11-18,436.5,442.5,434.0,440.0
1997-11-17,423.0,437.5,416.5,437.0
1997-11-14,414.49,419.0,412.5,419.0
1997-11-13,415.25,417.5,411.0,415.0
1997-11-12,415.63,430.99,411.0,412.0
1997-11-11,416.0,417.5,412.0,416.0
1997-11-10,416.0,419.0,413.5,414.75
1997-11-07,426.5,427.5,412.5,418.25
1997-11-06,435.5,437.25,423.5,426.0
1997-11-05,445.0,447.5,431.75,435.5
1997-11-04,447.0,448.5,437.5,441.5
1997-11-03,448.25,450.25,436.0,446.75
1997-10-31,431.75,442.25,429.5,432.0
1997-10-30,431.25,435.0,425.0,432.75
1997-10-29,426.5,445.0,422.0,433.0
1997-10-28,402.25,426.0,375.0,422.5
1997-10-27,440.5,440.5,431.5,434.25
1997-10-24,443.25,460.25,438.0,442.5
1997-10-23,452.75,465.1,431.5,444.5
1997-10-22,469.0,469.75,455.0,457.25
1997-10-21,464.5,466.0,461.75,465.0
1997-10-20,458.75,467.0,457.5,460.75
1997-10-17,468.5,469.0,462.5,466.0
1997-10-16,461.0,468.5,460.0,466.5
1997-10-15,461.5,461.75,457.5,459.25
1997-10-14,461.0,464.5,460.0,462.0
1997-10-13,457.5,463.0,457.5,461.25
1997-10-10,457.5,462.0,456.5,458.5
1997-10-09,471.1,471.1,452.5,458.0
1997-10-08,470.0,477.0,460.0,463.0
1997-10-07,469.25,475.0,466.0,469.5
1997-10-06,466.14,471.0,463.5,469.5
1997-10-03,467.5,471.13,461.5,466.5
1997-10-02,473.0,475.5,465.5,466.25
1997-10-01,467.65,469.64,464.0,468.25
1997-09-30,477.5,479.25,467.5,467.75
1997-09-29,475.0,485.0,474.0,478.25
1997-09-26,461.5,475.5,457.5,475.25
1997-09-25,456.0,460.29,451.5,458.5
1997-09-24,447.5,456.0,447.0,455.75
1997-09-23,458.13,460.08,446.5,448.0
1997-09-22,458.2,460.0,453.5,458.25
1997-09-19,454.0,461.5,454.0,455.0
1997-09-18,449.0,456.0,448.5,454.25
1997-09-17,451.25,456.0,450.0,452.25
1997-09-16,435.0,444.0,432.0,443.25
1997-09-15,434.5,437.0,431.5,434.75
1997-09-12,438.5,440.0,428.88,431.75
1997-09-11,444.38,445.5,436.15,438.0
1997-09-10,451.5,453.5,443.0,444.5
1997-09-09,455.5,456.5,447.5,450.75
1997-09-08,462.5,462.5,454.5,457.75
1997-09-05,462.0,466.0,460.0,462.0
1997-09-04,457.75,463.0,455.5,462.0
1997-09-03,442.31,459.25,442.31,457.75
1997-09-02,438.5,450.0,438.5,449.5
1997-09-01,431.5,441.0,431.0,438.75
1997-08-29,438.5,440.5,429.0,431.25
1997-08-28,437.5,446.0,437.5,440.0
1997-08-27,435.0,438.5,429.5,437.75
1997-08-26,439.25,442.5,430.65,433.5
1997-08-25,438.25,438.25,438.25,438.25
1997-08-22,446.0,447.5,437.5,438.25
1997-08-21,447.0,449.5,447.0,449.5
1997-08-20,434.5,446.5,434.5,446.5
1997-08-19,419.13,429.5,419.13,429.5
1997-08-18,425.0,425.0,415.0,418.75
1997-08-15,438.5,441.5,425.0,425.25
1997-08-14,451.25,453.5,438.5,439.25
1997-08-13,455.38,462.24,450.0,451.0
1997-08-12,446.0,456.0,446.0,456.0
1997-08-11,440.0,444.75,440.0,444.75
1997-08-08,454.0,457.5,447.5,448.0
1997-08-07,446.0,459.5,445.5,456.75
1997-08-06,430.5,447.0,430.5,445.75
1997-08-05,430.75,431.5,427.5,430.75
1997-08-04,411.6,412.5,407.5,411.0
1997-08-01,419.5,419.5,407.5,409.25
1997-07-31,415.0,422.0,415.0,417.25
1997-07-30,411.5,417.5,411.0,417.25
1997-07-29,411.25,412.5,408.0,411.25
1997-07-28,407.25,409.0,405.0,407.0
1997-07-25,413.33,413.33,406.0,408.0
1997-07-24,413.26,414.0,409.0,409.75
1997-07-23,404.5,415.75,404.5,412.75
1997-07-22,404.5,406.0,402.5,405.0
1997-07-21,406.5,406.5,402.5,404.25
1997-07-18,403.5,413.0,402.23,406.5
1997-07-17,405.5,406.0,397.5,403.25
1997-07-16,399.0,404.5,397.5,404.25
1997-07-15,398.25,398.25,398.25,398.25
1997-07-14,392.0,395.0,389.5,394.75
1997-07-11,388.5,392.0,388.5,391.25
1997-07-10,387.5,391.5,386.0,388.25
1997-07-09,391.75,393.5,389.5,390.25
1997-07-08,388.99,393.0,387.5,392.0
1997-07-07,388.5,394.5,386.5,393.75
1997-07-04,388.2,396.5,388.2,389.25
1997-07-03,378.5,396.5,378.5,393.0
1997-07-02,378.38,382.5,377.19,381.5
1997-07-01,373.99,378.5,373.0,378.0
1997-06-30,372.2,377.5,372.2,373.25
1997-06-27,368.75,374.64,368.75,373.0
1997-06-26,356.32,371.0,356.32,368.75
1997-06-25,354.0,357.38,351.9,357.25
1997-06-24,353.0,355.5,348.5,353.75
1997-06-23,360.13,361.2,350.5,352.75
1997-06-20,361.5,364.75,355.38,355.5
1997-06-19,370.0,372.18,361.5,362.0
1997-06-18,372.63,374.0,367.5,369.75
1997-06-17,380.3,383.0,371.5,372.5
1997-06-16,378.5,381.5,376.5,379.75
1997-06-13,373.35,379.5,373.35,378.75
1997-06-12,370.5,374.5,369.88,372.5
1997-06-11,372.5,372.6,367.5,370.25
1997-06-10,371.0,373.25,370.5,371.75
1997-06-09,370.46,377.5,370.46,375.75
1997-06-06,367.5,376.13,365.7,375.75
1997-06-05,365.56,368.5,362.5,366.5
1997-06-04,365.75,365.75,365.75,365.75
1997-06-03,364.82,367.0,362.5,366.25
1997-06-02,362.08,367.5,361.66,363.0
1997-05-30,367.94,369.5,359.25,362.25
1997-05-29,369.87,370.5,366.0,368.0
1997-05-28,369.5,373.5,367.5,369.5
1997-05-27,368.0,370.5,366.5,369.75
1997-05-26,367.75,367.75,367.75,367.75
1997-05-23,366.73,370.0,366.0,367.75
1997-05-22,364.36,368.5,363.5,365.75
1997-05-21,362.5,364.0,360.0,363.5
1997-05-20,360.75,360.75,360.75,360.75
1997-05-19,363.75,364.0,359.0,359.5
1997-05-16,362.0,362.0,362.0,362.0
1997-05-15,362.25,362.25,362.25,362.25
1997-05-14,372.25,372.25,372.25,372.25
1997-05-13,371.25,371.25,371.25,371.25
1997-05-12,369.75,369.75,369.75,369.75
1997-05-09,367.0,367.0,367.0,367.0
1997-05-08,362.25,362.25,362.25,362.25
1997-05-07,364.25,364.25,364.25,364.25
1997-05-06,366.25,366.25,366.25,366.25
1997-05-05,351.75,351.75,351.75,351.75
1997-05-02,351.75,351.75,351.75,351.75
1997-05-01,353.25,353.25,353.25,353.25
1997-04-30,354.0,354.0,354.0,354.0
1997-04-29,353.0,353.0,353.0,353.0
1997-04-28,353.0,353.0,353.0,353.0
1997-04-25,355.75,355.75,355.75,355.75
1997-04-24,356.75,356.75,356.75,356.75
1997-04-23,357.75,357.75,357.75,357.75
1997-04-22,352.0,352.0,352.0,352.0
1997-04-21,345.75,345.75,345.75,345.75
1997-04-18,341.75,341.75,341.75,341.75
1997-04-17,341.5,341.5,341.5,341.5
1997-04-16,342.75,342.75,342.75,342.75
1997-04-15,347.25,347.25,347.25,347.25
1997-04-14,343.25,343.25,343.25,343.25
1997-04-11,343.75,343.75,343.75,343.75
1997-04-10,347.75,347.75,347.75,347.75
1997-04-09,346.75,346.75,346.75,346.75
1997-04-08,341.5,341.5,341.5,341.5
1997-04-07,339.25,339.25,339.25,339.25
1997-04-04,335.25,335.25,335.25,335.25
1997-04-03,341.75,341.75,341.75,341.75
1997-04-02,348.0,348.0,348.0,348.0
1997-04-01,352.75,352.75,352.75,352.75
1997-03-31,353.25,353.25,353.25,353.25
1997-03-28,353.25,353.25,353.25,353.25
1997-03-27,353.25,353.25,353.25,353.25
1997-03-26,352.25,352.25,352.25,352.25
1997-03-25,349.25,349.25,349.25,349.25
1997-03-24,351.75,351.75,351.75,351.75
1997-03-21,349.75,349.75,349.75,349.75
1997-03-20,352.75,352.75,352.75,352.75
1997-03-19,352.75,352.75,352.75,352.75
1997-03-18,354.75,354.75,354.75,354.75
1997-03-17,351.5,351.5,351.5,351.5
1997-03-14,348.25,348.25,348.25,348.25
1997-03-13,347.25,347.25,347.25,347.25
1997-03-12,351.25,351.25,351.25,351.25
1997-03-11,355.25,355.25,355.25,355.25
1997-03-10,358.5,358.5,358.5,358.5
1997-03-07,357.0,357.0,357.0,357.0
1997-03-06,350.75,350.75,350.75,350.75
1997-03-05,346.25,346.25,346.25,346.25
1997-03-04,343.75,343.75,343.75,343.75
1997-03-03,338.5,338.5,338.5,338.5
1997-02-28,339.75,339.75,339.75,339.75
1997-02-27,342.75,342.75,342.75,342.75
1997-02-26,338.75,338.75,338.75,338.75
1997-02-25,331.75,331.75,331.75,331.75
1997-02-24,337.25,337.25,337.25,337.25
1997-02-21,341.75,341.75,341.75,341.75
1997-02-20,342.25,342.25,342.25,342.25
1997-02-19,342.0,342.0,342.0,342.0
1997-02-18,343.25,343.25,343.25,343.25
1997-02-17,345.25,345.25,345.25,345.25
1997-02-14,343.75,343.75,343.75,343.75
1997-02-13,347.25,347.25,347.25,347.25
1997-02-12,350.25,350.25,350.25,350.25
1997-02-11,347.0,347.0,347.0,347.0
1997-02-10,360.5,360.5,360.5,360.5
1997-02-07,368.25,368.25,368.25,368.25
1997-02-06,370.75,370.75,370.75,370.75
1997-02-05,374.0,374.0,374.0,374.0
1997-02-04,374.25,374.25,374.25,374.25
1997-02-03,370.5,370.5,370.5,370.5
1997-01-31,367.75,367.75,367.75,367.75
1997-01-30,361.75,361.75,361.75,361.75
1997-01-29,361.25,361.25,361.25,361.25
1997-01-28,351.5,368.25,351.5,364.25
1997-01-27,363.02,374.0,355.5,359.5
1997-01-24,355.5,369.5,355.0,360.0
1997-01-23,364.3,369.0,357.0,368.25
1997-01-22,357.5,366.5,356.5,363.25
1997-01-21,358.0,362.5,356.0,362.0
1997-01-20,356.0,359.5,350.0,358.0
1997-01-17,355.5,357.75,343.25,356.75
1997-01-16,353.5,365.0,350.0,357.25
1997-01-15,353.25,359.75,350.0,353.25
1997-01-14,356.75,357.5,345.5,356.75
1997-01-13,351.0,359.0,339.5,358.5
1997-01-10,345.25,355.25,339.5,351.0
1997-01-09,347.5,349.0,344.0,348.75
1997-01-08,347.0,349.0,339.5,347.0
1997-01-07,341.0,353.5,339.5,345.75
1997-01-06,341.75,343.5,339.0,341.0
1997-01-03,342.25,346.75,339.0,340.5
1997-01-02,344.5,351.25,341.0,342.25
1997-01-01,350.25,350.25,350.25,350.25
1996-12-31,349.0,352.0,348.75,350.25
1996-12-30,348.0,351.5,345.75,350.75
1996-12-27,348.25,349.5,345.75,347.5
1996-12-26,346.5,346.5,346.5,346.5
1996-12-25,346.5,346.5,346.5,346.5
1996-12-24,346.5,347.0,343.5,346.5
1996-12-23,346.0,346.0,346.0,346.0
1996-12-20,338.88,350.5,334.0,347.0
1996-12-19,337.0,342.5,331.75,341.5
1996-12-18,336.5,336.5,336.5,336.5
1996-12-17,332.75,332.75,332.75,332.75
1996-12-16,334.0,334.0,334.0,334.0
1996-12-13,330.0,344.0,323.5,330.5
1996-12-12,337.5,345.0,327.75,329.25
1996-12-11,333.75,345.0,331.5,333.75
1996-12-10,343.0,345.5,338.0,343.0
1996-12-09,331.5,344.0,330.0,342.75
1996-12-06,344.5,346.0,328.5,337.5
1996-12-05,340.5,345.5,337.0,341.25
1996-12-04,343.0,346.0,340.0,341.75
1996-12-03,343.0,351.0,337.0,344.25
1996-12-02,341.25,345.0,335.0,340.5
1996-11-29,343.0,351.0,333.5,343.25
1996-11-28,344.0,351.0,341.0,344.0
1996-11-27,346.5,351.0,343.0,343.75
1996-11-26,350.0,352.5,344.0,345.5
1996-11-25,346.0,352.5,342.5,346.0
1996-11-22,340.0,348.5,339.0,348.25
1996-11-21,343.0,344.5,337.25,339.0
1996-11-20,343.0,345.0,341.0,342.25
1996-11-19,335.5,346.0,330.5,343.0
1996-11-18,331.5,338.5,327.5,337.5
1996-11-15,328.0,335.5,327.5,335.0
1996-11-14,327.0,332.0,325.0,327.75
1996-11-13,329.5,329.5,325.0,326.0
1996-11-12,321.5,329.5,321.5,329.0
1996-11-11,322.5,326.0,318.5,325.25
1996-11-08,317.5,324.0,315.5,322.5
1996-11-07,318.0,321.5,315.0,317.0
1996-11-06,317.75,323.5,316.5,317.75
1996-11-05,318.5,327.0,315.5,320.25
1996-11-04,326.05,329.5,318.0,319.25
1996-11-01,330.5,333.34,320.0,323.0
1996-10-31,327.0,333.25,326.5,330.5
1996-10-30,331.5,335.0,328.0,328.5
1996-10-29,332.25,335.0,330.5,331.75
1996-10-28,334.63,344.5,331.75,333.5
1996-10-25,337.8,346.0,332.5,334.25
1996-10-24,344.5,348.63,334.5,335.0
1996-10-23,344.0,347.0,341.38,344.0
1996-10-22,342.75,345.0,339.5,342.75
1996-10-21,339.25,339.25,339.25,339.25
1996-10-18,338.75,349.0,337.0,339.25
1996-10-17,337.75,343.5,336.0,338.75
1996-10-16,348.0,349.0,336.5,337.0
1996-10-15,348.5,348.5,339.5,342.0
1996-10-14,346.5,350.0,339.5,347.75
1996-10-11,343.5,350.75,340.25,348.25
1996-10-10,349.5,350.5,339.38,343.25
1996-10-09,350.75,351.02,343.0,344.25
1996-10-08,349.5,352.0,338.0,349.75
1996-10-07,349.75,353.0,337.0,349.75
1996-10-04,337.88,344.5,335.0,343.75
1996-10-03,338.5,344.5,336.5,338.5
1996-10-02,327.5,345.25,327.5,342.75
1996-10-01,336.5,336.5,326.5,336.5
1996-09-30,327.8,331.5,326.5,331.5
1996-09-27,323.0,329.5,318.0,327.25
1996-09-26,318.8,325.0,317.5,324.0
1996-09-25,318.89,325.0,316.25,319.75
1996-09-24,320.75,325.0,316.0,317.75
1996-09-23,325.5,325.5,316.0,317.0
1996-09-20,321.5,327.0,316.5,322.0
1996-09-19,322.25,327.5,321.5,323.0
1996-09-18,327.5,329.0,321.0,323.25
1996-09-17,327.0,332.5,321.5,323.75
1996-09-16,328.5,332.5,322.5,326.5
1996-09-13,322.5,330.5,316.5,327.75
1996-09-12,322.31,331.5,313.5,323.75
1996-09-11,316.5,323.5,316.0,323.0
1996-09-10,316.5,320.0,315.0,318.5
1996-09-09,315.0,319.5,310.0,316.75
1996-09-06,313.5,315.0,310.0,314.75
1996-09-05,313.39,318.5,310.0,313.25
1996-09-04,315.0,320.0,309.5,312.0
1996-09-03,318.5,320.0,309.5,314.25
1996-09-02,311.25,316.88,308.5,316.25
1996-08-30,311.0,317.5,308.5,310.25
1996-08-29,313.5,317.5,309.5,310.75
1996-08-28,313.0,317.0,312.5,312.75
1996-08-27,316.89,317.5,312.5,312.75
1996-08-26,317.0,317.0,317.0,317.0
1996-08-23,316.5,317.5,314.5,317.0
1996-08-22,313.0,316.5,313.0,316.0
1996-08-21,314.75,317.25,310.0,313.75
1996-08-20,316.0,318.5,313.5,314.5
1996-08-19,317.0,317.5,314.0,315.5
1996-08-16,309.13,317.5,308.06,314.5
1996-08-15,310.0,311.0,307.0,309.0
1996-08-14,305.5,309.0,305.0,307.75
1996-08-13,306.75,307.5,305.75,307.0
1996-08-12,305.0,307.5,301.5,306.75
1996-08-09,302.5,307.75,301.36,306.75
1996-08-08,302.0,304.25,300.0,302.0
1996-08-07,302.0,304.75,299.0,303.25
1996-08-06,296.0,305.0,295.0,301.5
1996-08-05,293.0,298.5,289.5,298.0
1996-08-02,292.5,295.75,291.09,295.5
1996-08-01,291.19,293.5,289.25,293.25
1996-07-31,288.88,291.5,287.5,291.25
1996-07-30,288.0,291.0,288.0,288.75
1996-07-29,289.0,293.75,287.5,289.5
1996-07-26,293.0,294.0,288.0,289.75
1996-07-25,290.5,295.0,290.5,292.75
1996-07-24,291.75,295.14,290.0,293.25
1996-07-23,291.75,297.0,291.5,295.0
1996-07-22,292.0,296.5,291.75,291.75
1996-07-19,296.88,297.5,293.38,293.75
1996-07-18,295.0,299.5,294.5,297.25
1996-07-17,295.0,298.25,292.0,296.25
1996-07-16,300.5,300.5,291.0,292.5
1996-07-15,299.0,300.5,296.0,296.5
1996-07-12,297.5,299.59,297.0,299.0
1996-07-11,298.5,301.5,297.5,298.75
1996-07-10,299.5,301.0,297.75,298.75
1996-07-09,298.5,301.0,295.5,298.75
1996-07-08,294.0,298.25,292.5,297.75
1996-07-05,298.0,300.0,292.5,295.5
1996-07-04,291.0,297.0,290.0,296.5
1996-07-03,289.0,291.5,288.5,291.25
1996-07-02,286.5,290.0,285.28,289.25
1996-07-01,282.0,286.0,281.5,285.25
1996-06-28,280.0,283.5,279.0,282.25
1996-06-27,280.5,281.5,278.5,279.25
1996-06-26,279.0,281.66,277.5,280.5
1996-06-25,277.38,280.5,276.0,278.0
1996-06-24,281.5,281.5,278.5,279.0
1996-06-21,277.5,281.0,277.5,279.75
1996-06-20,278.63,283.63,277.38,277.75
1996-06-19,280.0,282.0,278.0,279.0
1996-06-18,282.5,283.0,281.0,281.75
1996-06-17,280.0,281.5,278.5,279.75
1996-06-14,284.0,286.5,281.0,281.5
1996-06-13,286.0,286.5,283.5,285.5
1996-06-12,282.0,287.5,281.34,287.0
1996-06-11,281.5,284.0,278.5,283.25
1996-06-10,280.5,281.5,278.13,280.25
1996-06-07,279.0,281.5,276.0,278.25
1996-06-06,280.0,283.5,279.25,281.75
1996-06-05,281.5,281.5,277.5,280.75
1996-06-04,278.63,282.5,277.72,281.25
1996-06-03,276.0,283.25,276.0,279.25
1996-05-31,279.5,281.25,277.0,277.75
1996-05-30,281.75,288.5,278.0,279.25
1996-05-29,283.56,284.75,280.13,281.25
1996-05-28,286.5,288.0,283.5,283.75
1996-05-27,287.0,287.0,287.0,287.0
1996-05-24,287.38,288.89,283.5,287.0
1996-05-23,287.5,287.5,287.5,287.5
1996-05-22,286.5,289.25,286.0,287.75
1996-05-21,285.0,293.63,284.0,289.25
1996-05-20,286.5,289.0,273.0,284.75
1996-05-17,284.25,287.5,282.5,287.25
1996-05-16,289.0,292.5,283.0,284.25
1996-05-15,284.88,290.0,283.0,289.75
1996-05-14,280.0,284.5,279.5,283.5
1996-05-13,280.0,283.5,277.0,278.5
1996-05-10,285.0,285.0,281.0,281.5
1996-05-09,281.88,284.5,281.0,284.5
1996-05-08,281.25,281.5,281.25,281.25
1996-05-07,286.0,292.5,284.0,284.5
1996-05-06,291.0,291.0,291.0,291.0
1996-05-03,289.5,295.11,289.0,291.0
1996-05-02,294.0,297.5,291.0,292.5
1996-05-01,299.09,299.5,296.0,296.0
1996-04-30,297.63,301.5,296.75,299.75
1996-04-29,297.0,298.5,296.0,298.0
1996-04-26,295.5,297.5,295.5,297.25
1996-04-25,293.0,297.0,292.0,295.75
1996-04-24,296.5,297.0,292.5,293.0
1996-04-23,294.06,295.0,292.5,294.5
1996-04-22,293.5,295.0,292.5,294.5
1996-04-19,290.88,294.5,288.5,294.25
1996-04-18,291.5,293.5,290.0,290.25
1996-04-17,301.5,301.5,292.5,292.86
1996-04-16,300.0,300.0,297.5,299.2
1996-04-15,296.5,299.25,296.5,298.25
1996-04-12,295.5,300.0,295.5,298.69
1996-04-11,292.13,296.0,292.0,294.84
1996-04-10,288.25,293.5,288.0,292.38
1996-04-09,289.0,290.13,284.0,288.75
1996-04-08,288.5,288.5,288.5,288.5
1996-04-05,288.5,288.5,288.5,288.5
1996-04-04,287.0,289.08,283.0,288.5
1996-04-03,286.5,289.0,285.42,286.5
1996-04-02,288.19,299.0,285.0,286.75
1996-04-01,285.5,298.5,284.5,287.5
1996-03-29,283.0,287.0,277.5,286.75
1996-03-28,288.75,290.5,281.5,283.5
1996-03-27,284.5,291.0,280.81,288.0
1996-03-26,277.81,285.0,269.0,285.0
1996-03-25,278.0,278.0,278.0,278.0
1996-03-22,280.78,283.5,276.5,278.16
1996-03-21,283.5,284.5,280.5,280.75
1996-03-20,287.13,289.25,281.5,282.0
1996-03-19,280.0,287.5,277.5,287.0
1996-03-18,280.0,281.19,279.25,279.25
1996-03-15,276.0,277.5,261.0,276.25
1996-03-14,273.25,276.0,271.13,272.5
1996-03-13,265.69,275.0,264.88,274.0
1996-03-12,264.88,269.0,264.75,265.75
1996-03-11,265.0,272.0,261.5,265.75
1996-03-08,273.34,275.5,262.88,268.5
1996-03-07,270.0,274.0,269.75,273.5
1996-03-06,270.81,272.5,269.5,270.5
1996-03-05,273.0,274.5,270.0,270.39
1996-03-04,273.25,273.25,273.25,273.25
1996-03-01,269.63,273.5,268.72,272.5
1996-02-29,264.5,271.0,261.56,269.39
1996-02-28,262.5,266.66,262.5,264.5
1996-02-27,261.75,262.25,260.0,260.75
1996-02-26,262.5,265.0,261.0,261.25
1996-02-23,263.75,265.38,262.5,263.75
1996-02-22,263.25,263.25,263.25,263.25
1996-02-21,260.5,262.5,256.5,262.0
1996-02-20,260.5,260.5,260.5,260.5
1996-02-19,264.5,267.5,258.5,258.5
1996-02-16,264.75,271.75,263.5,264.75
1996-02-15,270.25,270.5,265.5,267.0
1996-02-14,269.0,271.0,267.0,270.5
1996-02-13,272.25,276.0,266.5,268.25
1996-02-12,270.0,273.0,268.25,272.5
1996-02-09,265.5,269.5,263.5,269.0
1996-02-08,266.0,267.0,262.5,265.0
1996-02-07,267.75,268.5,264.5,265.5
1996-02-06,268.5,269.25,265.5,267.0
1996-02-05,268.5,272.47,267.5,268.25
1996-02-02,266.25,271.5,264.25,271.0
1996-02-01,266.0,267.5,263.5,267.0
1996-01-31,265.5,265.5,263.0,264.5
1996-01-30,263.5,265.0,261.67,264.0
1996-01-29,260.0,264.0,259.33,263.0
1996-01-26,259.13,262.5,257.5,260.25
1996-01-25,259.0,262.5,256.5,260.63
1996-01-24,257.5,260.0,256.5,259.25
1996-01-23,260.0,262.0,256.0,257.25
1996-01-22,265.75,265.75,259.0,259.5
1996-01-19,263.0,267.0,262.0,263.0
1996-01-18,263.75,267.0,262.2,263.25
1996-01-17,261.5,261.5,257.0,260.5
1996-01-16,256.5,262.5,256.5,261.25
1996-01-15,261.0,263.5,258.5,259.0
1996-01-12,259.75,264.0,259.75,263.0
1996-01-11,269.2,271.0,258.5,260.25
1996-01-10,269.5,274.91,265.0,267.0
1996-01-09,274.0,276.0,272.0,274.13
1996-01-08,271.5,276.0,270.0,275.0
1996-01-05,268.25,270.0,266.5,269.75
1996-01-04,269.0,275.28,267.5,268.5
1996-01-03,269.0,286.25,268.0,271.0
1996-01-02,269.5,271.25,266.5,268.5
1996-01-01,269.5,269.5,269.5,269.5
1995-12-29,271.0,274.0,268.5,269.25
1995-12-28,272.19,274.0,269.0,271.0
1995-12-27,269.5,274.0,267.0,272.0
1995-12-26,267.5,267.5,267.5,267.5
1995-12-25,267.5,267.5,267.5,267.5
1995-12-22,267.5,268.5,265.5,267.5
1995-12-21,263.63,267.5,263.5,266.5
1995-12-20,263.5,265.0,259.63,263.83
1995-12-19,262.31,267.5,257.5,259.5
1995-12-18,267.0,271.0,262.0,263.5
1995-12-15,266.75,272.5,266.0,266.75
1995-12-14,271.0,272.38,271.0,271.25
1995-12-13,267.5,269.75,265.5,268.0
1995-12-12,262.63,267.5,262.63,266.75
1995-12-11,262.75,262.75,262.75,262.75
1995-12-08,264.0,264.5,262.63,262.63
1995-12-07,261.88,264.0,257.25,263.75
1995-12-06,259.0,262.0,256.5,261.75
1995-12-05,266.0,266.5,256.5,259.0
1995-12-04,266.0,266.0,265.0,265.0
1995-12-01,256.5,263.5,254.0,262.5
1995-11-30,257.25,257.25,257.25,257.25
1995-11-29,251.0,255.5,251.0,254.0
1995-11-28,251.0,252.5,251.0,251.5
1995-11-27,252.5,254.5,251.0,253.5
1995-11-24,252.75,255.0,250.0,252.75
1995-11-23,253.5,253.5,251.0,252.0
1995-11-22,251.5,254.0,247.84,251.0
1995-11-21,247.78,249.5,245.0,249.25
1995-11-20,248.0,249.5,244.36,248.0
1995-11-17,243.75,246.0,242.5,245.0
1995-11-16,245.0,247.5,243.0,244.0
1995-11-15,246.0,247.0,240.75,245.38
1995-11-14,239.38,245.0,239.38,244.25
1995-11-13,237.0,240.5,236.0,240.5
1995-11-10,237.0,238.0,235.0,237.0
1995-11-09,237.0,238.0,232.5,237.27
1995-11-08,234.63,234.86,232.0,234.31
1995-11-07,233.5,239.75,230.0,234.5
1995-11-06,232.5,235.0,232.5,234.5
1995-11-03,233.25,236.25,231.5,232.75
1995-11-02,236.5,238.5,232.25,235.38
1995-11-01,232.69,236.5,231.5,235.5
1995-10-31,231.5,234.0,231.0,232.75
1995-10-30,230.5,234.25,230.5,231.0
1995-10-27,231.5,234.25,229.5,230.5
1995-10-26,238.0,238.13,234.0,235.0
1995-10-25,239.0,239.5,237.5,238.5
1995-10-24,235.73,239.0,234.0,238.25
1995-10-23,235.0,237.0,233.75,235.0
1995-10-20,239.75,241.0,235.0,236.75
1995-10-19,242.0,242.0,239.0,239.75
1995-10-18,237.5,242.5,237.5,241.25
1995-10-17,234.5,238.5,233.75,238.0
1995-10-16,236.0,236.75,233.53,234.5
1995-10-13,236.0,236.75,232.27,234.5
1995-10-12,231.0,233.5,229.0,233.0
1995-10-11,231.34,232.5,227.83,229.25
1995-10-10,234.5,238.11,227.5,229.5
1995-10-09,238.75,239.25,233.5,234.25
1995-10-06,239.5,242.5,238.0,239.5
1995-10-05,241.0,243.5,238.25,242.5
1995-10-04,240.25,241.0,238.0,240.25
1995-10-03,238.0,243.5,237.0,238.25
1995-10-02,236.5,238.0,236.5,237.5
1995-09-29,234.5,238.5,234.0,236.42
1995-09-28,235.5,237.5,233.5,234.33
1995-09-27,236.5,239.0,234.0,234.5
1995-09-26,238.0,240.0,238.0,238.25
1995-09-25,241.5,243.5,238.0,238.25
1995-09-22,244.5,248.38,242.0,242.5
1995-09-21,246.5,250.75,245.0,246.0
1995-09-20,249.5,249.67,247.0,247.0
1995-09-19,247.5,250.0,247.0,249.0
1995-09-18,247.5,250.0,247.0,247.5
1995-09-15,248.0,250.0,247.5,249.0
1995-09-14,248.5,250.0,247.0,247.5
1995-09-13,245.5,249.75,245.5,248.5
1995-09-12,245.0,247.73,243.5,246.0
1995-09-11,244.0,246.5,244.0,246.25
1995-09-08,245.25,248.5,243.5,244.75
1995-09-07,247.0,249.5,243.5,246.0
1995-09-06,250.0,251.5,244.75,248.5
1995-09-05,247.5,249.5,247.5,248.75
1995-09-04,245.5,248.5,243.0,248.25
1995-09-01,241.75,246.0,240.0,245.75
1995-08-31,241.5,252.0,239.0,242.0
1995-08-30,246.5,246.5,240.7,241.0
1995-08-29,242.0,244.0,239.5,242.25
1995-08-28,242.75,242.75,242.75,242.75
1995-08-25,243.5,244.5,242.5,243.0
1995-08-24,244.0,244.0,244.0,244.0
1995-08-23,242.5,244.5,240.5,241.0
1995-08-22,243.0,245.0,241.5,242.5
1995-08-21,240.0,245.0,238.5,242.75
1995-08-18,237.5,240.44,237.14,239.5
1995-08-17,235.0,239.5,235.0,237.0
1995-08-16,237.88,240.36,235.0,236.3
1995-08-15,243.5,243.5,235.0,240.25
1995-08-14,240.0,243.0,238.0,238.5
1995-08-11,240.69,244.0,239.25,243.25
1995-08-10,238.25,242.5,235.0,242.25
1995-08-09,236.5,239.0,236.5,238.5
1995-08-08,234.69,240.0,234.69,236.75
1995-08-07,234.5,235.5,232.5,235.0
1995-08-04,235.5,236.72,234.5,234.75
1995-08-03,238.5,239.0,233.5,235.0
1995-08-02,239.0,239.0,239.0,239.0
1995-08-01,236.5,236.5,236.5,236.5
1995-07-31,239.0,239.5,236.5,236.75
1995-07-28,239.5,240.59,236.91,238.5
1995-07-27,235.5,239.5,234.5,237.75
1995-07-26,233.5,235.5,233.0,234.5
1995-07-25,233.5,234.0,232.25,233.0
1995-07-24,230.5,240.0,229.0,232.0
1995-07-21,229.0,231.5,227.5,230.5
1995-07-20,225.5,228.5,225.0,228.0
1995-07-19,226.75,228.5,225.5,227.0
1995-07-18,227.5,230.75,222.64,228.0
1995-07-17,228.5,231.09,228.5,229.5
1995-07-14,230.5,231.67,228.0,229.5
1995-07-13,231.0,232.5,230.0,231.0
1995-07-12,231.0,232.5,229.0,230.75
1995-07-11,230.0,231.0,230.0,230.5
1995-07-10,227.5,231.0,225.0,230.75
1995-07-07,227.5,231.0,225.0,230.75
1995-07-06,227.0,228.0,224.5,224.5
1995-07-05,227.5,228.0,225.0,226.75
1995-07-04,223.25,226.5,222.5,226.0
1995-07-03,225.0,225.75,223.5,225.0
1995-06-30,224.25,226.0,224.0,225.25
1995-06-29,221.0,226.5,221.0,225.0
1995-06-28,222.75,223.75,220.5,222.0
1995-06-27,221.25,223.5,220.5,222.5
1995-06-26,225.0,229.5,221.0,222.75
1995-06-23,225.0,226.0,221.97,224.5
1995-06-22,225.5,228.0,221.5,224.0
1995-06-21,229.0,231.0,225.0,225.25
1995-06-20,230.25,230.25,230.25,230.25
1995-06-19,228.0,231.0,227.25,229.92
1995-06-16,227.39,227.63,224.0,227.0
1995-06-15,221.75,226.0,221.75,225.5
1995-06-14,224.25,233.25,221.5,221.75
1995-06-13,222.5,224.0,221.25,223.5
1995-06-12,219.0,222.5,219.0,222.25
1995-06-09,223.0,223.5,220.0,221.59
1995-06-08,221.75,227.64,221.5,222.75
1995-06-07,223.0,224.13,221.0,222.5
1995-06-06,222.5,224.0,221.5,223.0
1995-06-05,221.5,223.0,221.0,222.25
1995-06-02,223.5,224.0,221.5,222.75
1995-06-01,224.75,225.5,221.75,223.25
1995-05-31,222.25,225.63,221.0,221.75
1995-05-30,222.5,224.5,222.0,222.5
1995-05-29,223.0,223.0,223.0,223.0
1995-05-26,224.25,224.5,222.0,223.0
1995-05-25,227.63,229.0,224.0,224.5
1995-05-24,225.5,228.0,225.0,227.5
1995-05-23,225.5,225.5,225.5,225.5
1995-05-22,224.75,229.75,223.5,225.25
1995-05-19,224.0,228.5,222.5,223.25
1995-05-18,229.5,233.5,222.5,225.75
1995-05-17,231.0,233.5,229.5,230.0
1995-05-16,231.0,231.0,231.0,231.0
1995-05-15,228.0,230.67,228.0,230.0
1995-05-12,235.0,235.5,230.0,230.75
1995-05-11,234.0,236.0,232.5,234.5
1995-05-10,233.5,233.5,228.5,232.75
1995-05-09,229.0,232.0,227.5,231.25
1995-05-08,227.75,227.75,227.75,227.75
1995-05-05,227.5,231.5,227.0,228.0
1995-05-04,229.0,231.0,228.5,229.5
1995-05-03,228.14,229.5,227.0,228.38
1995-05-02,226.0,229.5,222.5,228.5
1995-05-01,222.5,227.88,222.5,226.0
1995-04-28,224.5,225.5,223.5,223.75
1995-04-27,226.25,226.5,223.0,223.5
1995-04-26,225.5,227.5,224.0,225.72
1995-04-25,228.75,230.0,225.0,226.0
1995-04-24,225.0,227.5,224.0,227.25
1995-04-21,221.0,227.0,218.0,226.22
1995-04-20,218.0,222.0,217.0,221.5
1995-04-19,216.06,218.75,216.0,218.0
1995-04-18,216.5,219.0,216.0,216.5
1995-04-17,218.0,218.0,218.0,218.0
1995-04-14,218.0,218.0,218.0,218.0
1995-04-13,219.5,220.5,217.0,218.0
1995-04-12,217.5,221.5,217.0,220.5
1995-04-11,219.0,220.0,217.0,217.75
1995-04-10,216.0,218.5,215.0,218.0
1995-04-07,212.5,218.5,212.5,215.5
1995-04-06,216.5,218.5,213.5,214.75
1995-04-05,217.19,220.0,211.75,216.5
1995-04-04,215.63,219.0,215.0,218.25
1995-04-03,215.0,218.5,213.88,215.5
1995-03-31,214.5,214.5,214.5,214.5
1995-03-30,217.75,217.75,217.75,217.75
1995-03-29,214.75,214.75,214.75,214.75
1995-03-28,213.0,213.0,213.0,213.0
1995-03-27,213.0,213.0,213.0,213.0
1995-03-24,213.0,213.0,213.0,213.0
1995-03-23,212.0,212.0,212.0,212.0
1995-03-22,210.5,210.5,210.5,210.5
1995-03-21,210.5,210.5,210.5,210.5
1995-03-20,208.75,208.75,208.75,208.75
1995-03-17,205.0,205.0,205.0,205.0
1995-03-16,205.75,205.75,205.75,205.75
1995-03-15,201.75,201.75,201.75,201.75
1995-03-14,202.75,202.75,202.75,202.75
1995-03-13,201.0,201.0,201.0,201.0
1995-03-10,201.75,201.75,201.75,201.75
1995-03-09,198.75,198.75,198.75,198.75
1995-03-08,198.0,198.0,198.0,198.0
1995-03-07,199.0,199.0,199.0,199.0
1995-03-06,198.25,198.25,198.25,198.25
1995-03-03,199.75,199.75,199.75,199.75
1995-03-02,197.25,197.25,197.25,197.25
1995-03-01,199.5,199.5,199.5,199.5
1995-02-28,198.0,198.0,198.0,198.0
1995-02-27,201.0,201.0,201.0,201.0
1995-02-24,202.0,202.0,202.0,202.0
1995-02-23,205.75,205.75,205.75,205.75
1995-02-22,205.25,205.25,205.25,205.25
1995-02-21,205.5,205.5,205.5,205.5
1995-02-20,205.0,205.0,205.0,205.0
1995-02-17,206.75,206.75,206.75,206.75
1995-02-16,206.0,206.0,206.0,206.0
1995-02-15,208.75,208.75,208.75,208.75
1995-02-14,209.5,209.5,209.5,209.5
1995-02-13,213.0,213.0,213.0,213.0
1995-02-10,212.75,212.75,212.75,212.75
1995-02-09,210.75,210.75,210.75,210.75
1995-02-08,209.75,209.75,209.75,209.75
1995-02-07,209.5,209.5,209.5,209.5
1995-02-06,209.25,209.25,209.25,209.25
1995-02-03,210.75,210.75,210.75,210.75
1995-02-02,209.25,209.25,209.25,209.25
1995-02-01,205.5,205.5,205.5,205.5
1995-01-31,204.75,204.75,204.75,204.75
1995-01-30,204.75,204.75,204.75,204.75
1995-01-27,206.5,206.5,206.5,206.5
1995-01-26,205.75,205.75,205.75,205.75
1995-01-25,205.0,205.0,205.0,205.0
1995-01-24,204.75,204.75,204.75,204.75
1995-01-23,204.0,204.0,204.0,204.0
1995-01-20,206.75,206.75,206.75,206.75
1995-01-19,209.5,209.5,209.5,209.5
1995-01-18,210.25,210.25,210.25,210.25
1995-01-17,212.25,212.25,212.25,212.25
1995-01-16,211.25,211.25,211.25,211.25
1995-01-13,208.5,208.5,208.5,208.5
1995-01-12,207.5,207.5,207.5,207.5
1995-01-11,207.25,207.25,207.25,207.25
1995-01-10,212.5,212.5,212.5,212.5
1995-01-09,213.0,213.0,213.0,213.0
1995-01-06,215.5,215.5,215.5,215.5
1995-01-05,212.25,212.25,212.25,212.25
1995-01-04,211.25,211.25,211.25,211.25
1995-01-03,212.75,212.75,212.75,212.75
1995-01-02,212.75,212.75,212.75,212.75
1994-12-30,212.75,212.75,212.75,212.75
1994-12-29,213.5,213.5,213.5,213.5
1994-12-28,215.5,215.5,215.5,215.5
1994-12-27,215.0,215.0,215.0,215.0
1994-12-26,215.0,215.0,215.0,215.0
1994-12-23,215.0,215.0,215.0,215.0
1994-12-22,216.0,216.0,216.0,216.0
1994-12-21,214.75,214.75,214.75,214.75
1994-12-20,213.5,213.5,213.5,213.5
1994-12-19,212.5,212.5,212.5,212.5
1994-12-16,210.75,210.75,210.75,210.75
1994-12-15,207.25,207.25,207.25,207.25
1994-12-14,206.25,206.25,206.25,206.25
1994-12-13,201.75,201.75,201.75,201.75
1994-12-12,200.75,200.75,200.75,200.75
1994-12-09,201.25,201.25,201.25,201.25
1994-12-08,203.5,203.5,203.5,203.5
1994-12-07,203.5,203.5,203.5,203.5
1994-12-06,205.25,205.25,205.25,205.25
1994-12-05,207.0,207.0,207.0,207.0
1994-12-02,208.5,208.5,208.5,208.5
1994-12-01,210.0,210.0,210.0,210.0
1994-11-30,212.25,212.25,212.25,212.25
1994-11-29,211.25,211.25,211.25,211.25
1994-11-28,209.25,209.25,209.25,209.25
1994-11-25,208.5,208.5,208.5,208.5
1994-11-24,207.75,207.75,207.75,207.75
1994-11-23,205.25,205.25,205.25,205.25
1994-11-22,206.5,206.5,206.5,206.5
1994-11-21,211.25,211.25,211.25,211.25
1994-11-18,212.75,212.75,212.75,212.75
1994-11-17,213.5,213.5,213.5,213.5
1994-11-16,213.75,213.75,213.75,213.75
1994-11-15,213.75,213.75,213.75,213.75
1994-11-14,209.25,209.25,209.25,209.25
1994-11-11,207.25,207.25,207.25,207.25
1994-11-10,211.25,211.25,211.25,211.25
1994-11-09,212.0,212.0,212.0,212.0
1994-11-08,208.25,208.25,208.25,208.25
1994-11-07,208.0,208.0,208.0,208.0
1994-11-04,213.75,213.75,213.75,213.75
1994-11-03,214.75,214.75,214.75,214.75
1994-11-02,211.75,211.75,211.75,211.75
1994-11-01,213.0,213.0,213.0,213.0
1994-10-31,217.5,217.5,217.5,217.5
1994-10-28,214.25,214.25,214.25,214.25
1994-10-27,207.75,207.75,207.75,207.75
1994-10-26,206.75,206.75,206.75,206.75
1994-10-25,205.5,205.5,205.5,205.5
1994-10-24,205.25,205.25,205.25,205.25
1994-10-21,204.0,204.0,204.0,204.0
1994-10-20,201.5,201.5,201.5,201.5
1994-10-19,203.75,203.75,203.75,203.75
1994-10-18,207.0,207.0,207.0,207.0
1994-10-17,210.75,210.75,210.75,210.75
1994-10-14,211.25,211.25,211.25,211.25
1994-10-13,211.5,211.5,211.5,211.5
1994-10-12,210.25,210.25,210.25,210.25
1994-10-11,210.25,210.25,210.25,210.25
1994-10-10,209.25,209.25,209.25,209.25
1994-10-07,207.75,207.75,207.75,207.75
1994-10-06,203.25,203.25,203.25,203.25
1994-10-05,201.25,201.25,201.25,201.25
1994-10-04,202.25,202.25,202.25,202.25
1994-10-03,199.75,199.75,199.75,199.75
1994-09-30,199.75,199.75,199.75,199.75
1994-09-29,196.5,196.5,196.5,196.5
1994-09-28,199.0,199.0,199.0,199.0
1994-09-27,199.5,199.5,199.5,199.5
1994-09-26,200.5,200.5,200.5,200.5
1994-09-23,199.0,199.0,199.0,199.0
1994-09-22,201.0,201.0,201.0,201.0
1994-09-21,203.0,203.0,203.0,203.0
1994-09-20,205.0,205.0,205.0,205.0
1994-09-19,208.5,208.5,208.5,208.5
1994-09-16,206.75,206.75,206.75,206.75
1994-09-15,210.25,210.25,210.25,210.25
1994-09-14,208.75,208.75,208.75,208.75
1994-09-13,208.25,208.25,208.25,208.25
1994-09-12,207.25,207.25,207.25,207.25
1994-09-09,209.0,209.0,209.0,209.0
1994-09-08,210.0,210.0,210.0,210.0
1994-09-07,211.0,211.0,211.0,211.0
1994-09-06,209.0,209.0,209.0,209.0
1994-09-05,211.0,211.0,211.0,211.0
1994-09-02,208.5,208.5,208.5,208.5
1994-09-01,204.5,204.5,204.5,204.5
1994-08-31,207.0,207.0,207.0,207.0
1994-08-30,207.25,207.25,207.25,207.25
1994-08-29,207.0,207.0,207.0,207.0
1994-08-26,207.0,207.0,207.0,207.0
1994-08-25,206.25,206.25,206.25,206.25
1994-08-24,206.0,206.0,206.0,206.0
1994-08-23,203.0,203.0,203.0,203.0
1994-08-22,202.75,202.75,202.75,202.75
1994-08-19,204.75,204.75,204.75,204.75
1994-08-18,204.0,204.0,204.0,204.0
1994-08-17,205.5,205.5,205.5,205.5
1994-08-16,206.5,206.5,206.5,206.5
1994-08-15,206.0,206.0,206.0,206.0
1994-08-12,205.0,205.0,205.0,205.0
1994-08-11,204.25,204.25,204.25,204.25
1994-08-10,205.5,205.5,205.5,205.5
1994-08-09,204.25,204.25,204.25,204.25
1994-08-08,202.75,202.75,202.75,202.75
1994-08-05,204.5,204.5,204.5,204.5
1994-08-04,202.0,202.0,202.0,202.0
1994-08-03,205.25,205.25,205.25,205.25
1994-08-02,209.25,209.25,209.25,209.25
1994-08-01,205.75,205.75,205.75,205.75
1994-07-29,206.25,206.25,206.25,206.25
1994-07-28,204.25,204.25,204.25,204.25
1994-07-27,205.75,205.75,205.75,205.75
1994-07-26,206.0,206.0,206.0,206.0
1994-07-25,206.5,206.5,206.5,206.5
1994-07-22,206.25,206.25,206.25,206.25
1994-07-21,204.0,204.0,204.0,204.0
1994-07-20,202.75,202.75,202.75,202.75
1994-07-19,203.75,203.75,203.75,203.75
1994-07-18,201.25,201.25,201.25,201.25
1994-07-15,200.0,200.0,200.0,200.0
1994-07-14,201.0,201.0,201.0,201.0
1994-07-13,197.75,197.75,197.75,197.75
1994-07-12,192.25,192.25,192.25,192.25
1994-07-11,190.0,190.0,190.0,190.0
1994-07-08,192.5,192.5,192.5,192.5
1994-07-07,193.25,193.25,193.25,193.25
1994-07-06,192.75,192.75,192.75,192.75
1994-07-05,195.0,195.0,195.0,195.0
1994-07-04,197.0,197.0,197.0,197.0
1994-07-01,196.0,196.0,196.0,196.0
1994-06-30,194.75,194.75,194.75,194.75
1994-06-29,197.75,197.75,197.75,197.75
1994-06-28,197.5,197.5,197.5,197.5
1994-06-27,197.5,197.5,197.5,197.5
1994-06-24,198.0,198.0,198.0,198.0
1994-06-23,202.25,202.25,202.25,202.25
1994-06-22,201.25,201.25,201.25,201.25
1994-06-21,199.25,199.25,199.25,199.25
1994-06-20,202.0,202.0,202.0,202.0
1994-06-17,205.75,205.75,205.75,205.75
1994-06-16,204.25,204.25,204.25,204.25
1994-06-15,202.5,202.5,202.5,202.5
1994-06-14,203.0,203.0,203.0,203.0
1994-06-13,195.5,195.5,195.5,195.5
1994-06-10,194.5,194.5,194.5,194.5
1994-06-09,188.5,188.5,188.5,188.5
1994-06-08,188.5,188.5,188.5,188.5
1994-06-07,190.0,190.0,190.0,190.0
1994-06-06,191.5,191.5,191.5,191.5
1994-06-03,192.25,192.25,192.25,192.25
1994-06-02,192.0,192.0,192.0,192.0
1994-06-01,192.0,192.0,192.0,192.0
1994-05-31,192.75,192.75,192.75,192.75
1994-05-30,193.0,193.0,193.0,193.0
1994-05-27,193.0,193.0,193.0,193.0
1994-05-26,197.25,197.25,197.25,197.25
1994-05-25,197.0,197.0,197.0,197.0
1994-05-24,200.25,200.25,200.25,200.25
1994-05-23,198.75,198.75,198.75,198.75
1994-05-20,197.25,197.25,197.25,197.25
1994-05-19,196.5,196.5,196.5,196.5
1994-05-18,197.0,197.0,197.0,197.0
1994-05-17,201.0,201.0,201.0,201.0
1994-05-16,200.75,200.75,200.75,200.75
1994-05-13,203.0,203.0,203.0,203.0
1994-05-12,202.0,202.0,202.0,202.0
1994-05-11,202.5,202.5,202.5,202.5
1994-05-10,204.25,204.25,204.25,204.25
1994-05-09,204.75,204.75,204.75,204.75
1994-05-06,201.5,201.5,201.5,201.5
1994-05-05,199.75,199.75,199.75,199.75
1994-05-04,191.5,191.5,191.5,191.5
1994-05-03,191.0,191.0,191.0,191.0
1994-05-02,193.0,193.0,193.0,193.0
1994-04-29,193.0,193.0,193.0,193.0
1994-04-28,195.5,195.5,195.5,195.5
1994-04-27,199.5,199.5,199.5,199.5
1994-04-26,195.0,195.0,195.0,195.0
1994-04-25,194.0,194.0,194.0,194.0
1994-04-22,192.75,192.75,192.75,192.75
1994-04-21,188.25,188.25,188.25,188.25
1994-04-20,190.0,190.0,190.0,190.0
1994-04-19,193.0,193.0,193.0,193.0
1994-04-18,193.0,193.0,193.0,193.0
1994-04-15,195.0,195.0,195.0,195.0
1994-04-14,188.25,188.25,188.25,188.25
1994-04-13,185.75,185.75,185.75,185.75
1994-04-12,186.5,186.5,186.5,186.5
1994-04-11,187.0,187.0,187.0,187.0
1994-04-08,186.5,186.5,186.5,186.5
1994-04-07,185.5,185.5,185.5,185.5
1994-04-06,178.5,178.5,178.5,178.5
1994-04-05,175.0,175.0,175.0,175.0
1994-04-04,174.5,174.5,174.5,174.5
1994-04-01,174.5,174.5,174.5,174.5
1994-03-31,174.5,174.5,174.5,174.5
1994-03-30,174.5,174.5,174.5,174.5
1994-03-29,178.25,178.25,178.25,178.25
1994-03-28,183.0,183.0,183.0,183.0
1994-03-25,186.5,186.5,186.5,186.5
1994-03-24,186.0,186.0,186.0,186.0
1994-03-23,188.75,188.75,188.75,188.75
1994-03-22,188.75,188.75,188.75,188.75
1994-03-21,185.5,185.5,185.5,185.5
1994-03-18,183.75,183.75,183.75,183.75
1994-03-17,184.5,184.5,184.5,184.5
1994-03-16,180.25,180.25,180.25,180.25
1994-03-15,180.5,180.5,180.5,180.5
1994-03-14,179.5,179.5,179.5,179.5
1994-03-11,175.5,175.5,175.5,175.5
1994-03-10,176.0,176.0,176.0,176.0
1994-03-09,176.75,176.75,176.75,176.75
1994-03-08,181.5,181.5,181.5,181.5
1994-03-07,183.5,183.5,183.5,183.5
1994-03-04,181.5,181.5,181.5,181.5
1994-03-03,178.0,178.0,178.0,178.0
1994-03-02,176.25,176.25,176.25,176.25
1994-03-01,179.5,179.5,179.5,179.5
1994-02-28,183.75,183.75,183.75,183.75
1994-02-25,182.0,182.0,182.0,182.0
1994-02-24,179.75,179.75,179.75,179.75
1994-02-23,184.5,184.5,184.5,184.5
1994-02-22,183.0,183.0,183.0,183.0
1994-02-21,181.75,181.75,181.75,181.75
1994-02-18,180.5,180.5,180.5,180.5
1994-02-17,183.0,183.0,183.0,183.0
1994-02-16,183.0,183.0,183.0,183.0
1994-02-15,183.25,183.25,183.25,183.25
1994-02-14,185.0,185.0,185.0,185.0
1994-02-11,187.5,187.5,187.5,187.5
1994-02-10,193.0,193.0,193.0,193.0
1994-02-09,195.25,195.25,195.25,195.25
1994-02-08,192.5,192.5,192.5,192.5
1994-02-07,189.0,189.0,189.0,189.0
1994-02-04,190.75,190.75,190.75,190.75
1994-02-03,191.25,191.25,191.25,191.25
1994-02-02,190.75,190.75,190.75,190.75
1994-02-01,187.75,187.75,187.75,187.75
1994-01-31,189.25,189.25,189.25,189.25
1994-01-28,183.5,183.5,183.5,183.5
1994-01-27,182.5,182.5,182.5,182.5
1994-01-26,184.5,184.5,184.5,184.5
1994-01-25,184.25,184.25,184.25,184.25
1994-01-24,187.25,187.25,187.25,187.25
1994-01-21,189.25,189.25,189.25,189.25
1994-01-20,186.0,186.0,186.0,186.0
1994-01-19,184.25,184.25,184.25,184.25
1994-01-18,182.75,182.75,182.75,182.75
1994-01-17,182.75,182.75,182.75,182.75
1994-01-14,183.25,183.25,183.25,183.25
1994-01-13,179.5,179.5,179.5,179.5
1994-01-12,181.25,181.25,181.25,181.25
1994-01-11,182.75,182.75,182.75,182.75
1994-01-10,184.0,184.0,184.0,184.0
1994-01-07,186.25,186.25,186.25,186.25
1994-01-06,185.5,185.5,185.5,185.5
1994-01-05,177.5,177.5,177.5,177.5
1994-01-04,176.5,176.5,176.5,176.5
1994-01-03,180.25,180.25,180.25,180.25
1993-12-31,180.25,180.25,180.25,180.25
1993-12-30,182.25,182.25,182.25,182.25
1993-12-29,181.5,181.5,181.5,181.5
1993-12-28,180.5,180.5,180.5,180.5
1993-12-27,180.5,180.5,180.5,180.5
1993-12-24,180.5,180.5,180.5,180.5
1993-12-23,180.0,180.0,180.0,180.0
1993-12-22,177.5,177.5,177.5,177.5
1993-12-21,178.0,178.0,178.0,178.0
1993-12-20,178.5,178.5,178.5,178.5
1993-12-17,174.0,174.0,174.0,174.0
1993-12-16,171.25,171.25,171.25,171.25
1993-12-15,166.5,166.5,166.5,166.5
1993-12-14,163.25,163.25,163.25,163.25
1993-12-13,162.0,162.0,162.0,162.0
1993-12-10,157.5,157.5,157.5,157.5
1993-12-09,160.25,160.25,160.25,160.25
1993-12-08,165.0,165.0,165.0,165.0
1993-12-07,165.0,165.0,165.0,165.0
1993-12-06,163.75,163.75,163.75,163.75
1993-12-03,166.0,166.0,166.0,166.0
1993-12-02,167.75,167.75,167.75,167.75
1993-12-01,168.75,168.75,168.75,168.75
1993-11-30,166.75,166.75,166.75,166.75
1993-11-29,165.25,165.25,165.25,165.25
1993-11-26,166.25,166.25,166.25,166.25
1993-11-25,171.0,171.0,171.0,171.0
1993-11-24,171.5,171.5,171.5,171.5
1993-11-23,171.75,171.75,171.75,171.75
1993-11-22,169.5,169.5,169.5,169.5
1993-11-19,170.5,170.5,170.5,170.5
1993-11-18,172.0,172.0,172.0,172.0
1993-11-17,171.75,171.75,171.75,171.75
1993-11-16,170.75,170.75,170.75,170.75
1993-11-15,176.0,176.0,176.0,176.0
1993-11-12,178.5,178.5,178.5,178.5
1993-11-11,179.75,179.75,179.75,179.75
1993-11-10,178.75,178.75,178.75,178.75
1993-11-09,180.0,180.0,180.0,180.0
1993-11-08,176.0,176.0,176.0,176.0
1993-11-05,175.25,175.25,175.25,175.25
1993-11-04,178.25,178.25,178.25,178.25
1993-11-03,173.5,173.5,173.5,173.5
1993-11-02,176.25,176.25,176.25,176.25
1993-11-01,176.25,176.25,176.25,176.25
1993-10-29,174.75,174.75,174.75,174.75
1993-10-28,172.75,172.75,172.75,172.75
1993-10-27,168.0,168.0,168.0,168.0
1993-10-26,168.5,168.5,168.5,168.5
1993-10-25,169.75,169.75,169.75,169.75
1993-10-22,172.0,172.0,172.0,172.0
1993-10-21,172.0,172.0,172.0,172.0
1993-10-20,169.75,169.75,169.75,169.75
1993-10-19,166.75,166.75,166.75,166.75
1993-10-18,164.5,164.5,164.5,164.5
1993-10-15,163.25,163.25,163.25,163.25
1993-10-14,162.5,162.5,162.5,162.5
1993-10-13,161.75,161.75,161.75,161.75
1993-10-12,162.25,162.25,162.25,162.25
1993-10-11,161.25,161.25,161.25,161.25
1993-10-08,161.5,161.5,161.5,161.5
1993-10-07,162.75,162.75,162.75,162.75
1993-10-06,163.25,163.25,163.25,163.25
1993-10-05,160.5,160.5,160.5,160.5
1993-10-04,164.25,164.25,164.25,164.25
1993-10-01,164.75,164.75,164.75,164.75
1993-09-30,162.25,162.25,162.25,162.25
1993-09-29,158.0,158.0,158.0,158.0
1993-09-28,156.75,156.75,156.75,156.75
1993-09-27,156.5,156.5,156.5,156.5
1993-09-24,151.0,151.0,151.0,151.0
1993-09-23,150.75,150.75,150.75,150.75
1993-09-22,151.25,151.25,151.25,151.25
1993-09-21,150.5,150.5,150.5,150.5
1993-09-20,147.75,147.75,147.75,147.75
1993-09-17,148.25,148.25,148.25,148.25
1993-09-16,151.75,151.75,151.75,151.75
1993-09-15,150.0,150.0,150.0,150.0
1993-09-14,152.0,152.0,152.0,152.0
1993-09-13,150.5,150.5,150.5,150.5
1993-09-10,149.75,149.75,149.75,149.75
1993-09-09,149.75,149.75,149.75,149.75
1993-09-08,149.75,149.75,149.75,149.75
1993-09-07,153.5,153.5,153.5,153.5
1993-09-06,153.5,153.5,153.5,153.5
1993-09-03,154.5,154.5,154.5,154.5
1993-09-02,156.5,156.5,156.5,156.5
1993-09-01,156.0,156.0,156.0,156.0
1993-08-31,158.25,158.25,158.25,158.25
1993-08-30,160.0,160.0,160.0,160.0
1993-08-27,160.0,160.0,160.0,160.0
1993-08-26,160.5,160.5,160.5,160.5
1993-08-25,158.75,158.75,158.75,158.75
1993-08-24,152.75,152.75,152.75,152.75
1993-08-23,149.25,149.25,149.25,149.25
1993-08-20,149.25,149.25,149.25,149.25
1993-08-19,151.0,151.0,151.0,151.0
1993-08-18,151.0,151.0,151.0,151.0
1993-08-17,150.75,150.75,150.75,150.75
1993-08-16,151.75,151.75,151.75,151.75
1993-08-13,152.75,152.75,152.75,152.75
1993-08-12,153.25,153.25,153.25,153.25
1993-08-11,152.75,152.75,152.75,152.75
1993-08-10,154.5,154.5,154.5,154.5
1993-08-09,155.25,155.25,155.25,155.25
1993-08-06,154.5,154.5,154.5,154.5
1993-08-05,153.0,153.0,153.0,153.0
1993-08-04,151.75,151.75,151.75,151.75
1993-08-03,153.25,153.25,153.25,153.25
1993-08-02,155.25,155.25,155.25,155.25
1993-07-30,154.25,154.25,154.25,154.25
1993-07-29,153.5,153.5,153.5,153.5
1993-07-28,149.5,149.5,149.5,149.5
1993-07-27,149.75,149.75,149.75,149.75
1993-07-26,147.25,147.25,147.25,147.25
1993-07-23,147.0,147.0,147.0,147.0
1993-07-22,145.0,145.0,145.0,145.0
1993-07-21,143.75,143.75,143.75,143.75
1993-07-20,143.25,143.25,143.25,143.25
1993-07-19,142.75,142.75,142.75,142.75
1993-07-16,146.0,146.0,146.0,146.0
1993-07-15,146.25,146.25,146.25,146.25
1993-07-14,149.25,149.25,149.25,149.25
1993-07-13,149.5,149.5,149.5,149.5
1993-07-12,149.5,149.5,149.5,149.5
1993-07-09,148.75,148.75,148.75,148.75
1993-07-08,146.5,146.5,146.5,146.5
1993-07-07,146.75,146.75,146.75,146.75
1993-07-06,147.0,147.0,147.0,147.0
1993-07-05,146.75,146.75,146.75,146.75
1993-07-02,148.0,148.0,148.0,148.0
1993-07-01,152.75,152.75,152.75,152.75
1993-06-30,154.25,154.25,154.25,154.25
1993-06-29,152.0,152.0,152.0,152.0
1993-06-28,151.75,151.75,151.75,151.75
1993-06-25,152.75,152.75,152.75,152.75
1993-06-24,152.25,152.25,152.25,152.25
1993-06-23,155.75,155.75,155.75,155.75
1993-06-22,156.75,156.75,156.75,156.75
1993-06-21,156.25,156.25,156.25,156.25
1993-06-18,154.5,154.5,154.5,154.5
1993-06-17,155.0,155.0,155.0,155.0
1993-06-16,154.75,154.75,154.75,154.75
1993-06-15,153.75,153.75,153.75,153.75
1993-06-14,155.0,155.0,155.0,155.0
1993-06-11,157.0,157.0,157.0,157.0
1993-06-10,157.25,157.25,157.25,157.25
1993-06-09,155.0,155.0,155.0,155.0
1993-06-08,154.0,154.0,154.0,154.0
1993-06-07,154.25,154.25,154.25,154.25
1993-06-04,153.75,153.75,153.75,153.75
1993-06-03,154.0,154.0,154.0,154.0
1993-06-02,153.25,153.25,153.25,153.25
1993-06-01,152.25,152.25,152.25,152.25
1993-05-31,153.75,153.75,153.75,153.75
1993-05-28,153.75,153.75,153.75,153.75
1993-05-27,155.25,155.25,155.25,155.25
1993-05-26,156.0,156.0,156.0,156.0
1993-05-25,153.25,153.25,153.25,153.25
1993-05-24,153.5,153.5,153.5,153.5
1993-05-21,153.75,153.75,153.75,153.75
1993-05-20,153.75,153.75,153.75,153.75
1993-05-19,153.75,153.75,153.75,153.75
1993-05-18,157.5,157.5,157.5,157.5
1993-05-17,158.25,158.25,158.25,158.25
1993-05-14,160.25,160.25,160.25,160.25
1993-05-13,162.5,162.5,162.5,162.5
1993-05-12,158.25,158.25,158.25,158.25
1993-05-11,154.5,154.5,154.5,154.5
1993-05-10,155.5,155.5,155.5,155.5
1993-05-07,153.25,153.25,153.25,153.25
1993-05-06,153.0,153.0,153.0,153.0
1993-05-05,148.0,148.0,148.0,148.0
1993-05-04,147.0,147.0,147.0,147.0
1993-05-03,146.25,146.25,146.25,146.25
1993-04-30,146.25,146.25,146.25,146.25
1993-04-29,142.75,142.75,142.75,142.75
1993-04-28,140.75,140.75,140.75,140.75
1993-04-27,142.0,142.0,142.0,142.0
1993-04-26,141.75,141.75,141.75,141.75
1993-04-23,144.75,144.75,144.75,144.75
1993-04-22,150.0,150.0,150.0,150.0
1993-04-21,151.0,151.0,151.0,151.0
1993-04-20,151.0,151.0,151.0,151.0
1993-04-19,151.75,151.75,151.75,151.75
1993-04-16,152.5,152.5,152.5,152.5
1993-04-15,150.5,150.5,150.5,150.5
1993-04-14,150.5,150.5,150.5,150.5
1993-04-13,152.25,152.25,152.25,152.25
1993-04-12,152.5,152.5,152.5,152.5
1993-04-09,152.5,152.5,152.5,152.5
1993-04-08,152.5,152.5,152.5,152.5
1993-04-07,153.0,153.0,153.0,153.0
1993-04-06,153.25,153.25,153.25,153.25
1993-04-05,150.75,150.75,150.75,150.75
1993-04-02,150.0,150.0,150.0,150.0
1993-04-01,148.75,148.75,148.75,148.75
1993-03-31,151.75,151.75,151.75,151.75
1993-03-30,155.5,155.5,155.5,155.5
1993-03-29,154.25,154.25,154.25,154.25
1993-03-26,152.25,152.25,152.25,152.25
1993-03-25,149.5,149.5,149.5,149.5
1993-03-24,149.5,149.5,149.5,149.5
1993-03-23,150.0,150.0,150.0,150.0
1993-03-22,150.25,150.25,150.25,150.25
1993-03-19,149.75,149.75,149.75,149.75
1993-03-18,149.75,149.75,149.75,149.75
1993-03-17,152.25,152.25,152.25,152.25
1993-03-16,147.5,147.5,147.5,147.5
1993-03-15,143.0,143.0,143.0,143.0
1993-03-12,140.25,140.25,140.25,140.25
1993-03-11,143.0,143.0,143.0,143.0
1993-03-10,144.0,144.0,144.0,144.0
1993-03-09,143.75,143.75,143.75,143.75
1993-03-08,145.0,145.0,145.0,145.0
1993-03-05,145.0,145.0,145.0,145.0
1993-03-04,144.0,144.0,144.0,144.0
1993-03-03,144.5,144.5,144.5,144.5
1993-03-02,141.25,141.25,141.25,141.25
1993-03-01,137.5,137.5,137.5,137.5
1993-02-26,138.25,138.25,138.25,138.25
1993-02-25,137.75,137.75,137.75,137.75
1993-02-24,137.75,137.75,137.75,137.75
1993-02-23,138.0,138.0,138.0,138.0
1993-02-22,135.0,135.0,135.0,135.0
1993-02-19,132.75,132.75,132.75,132.75
1993-02-18,131.25,131.25,131.25,131.25
1993-02-17,130.5,130.5,130.5,130.5
1993-02-16,131.0,131.0,131.0,131.0
1993-02-15,133.5,133.5,133.5,133.5
1993-02-12,136.75,136.75,136.75,136.75
1993-02-11,138.75,138.75,138.75,138.75
1993-02-10,133.0,133.0,133.0,133.0
1993-02-09,135.5,135.5,135.5,135.5
1993-02-08,133.75,133.75,133.75,133.75
1993-02-05,133.5,133.5,133.5,133.5
1993-02-04,134.25,134.25,134.25,134.25
1993-02-03,132.75,132.75,132.75,132.75
1993-02-02,128.5,128.5,128.5,128.5
1993-02-01,127.0,127.0,127.0,127.0
1993-01-29,122.75,122.75,122.75,122.75
1993-01-28,118.75,118.75,118.75,118.75
1993-01-27,120.75,120.75,120.75,120.75
1993-01-26,120.75,120.75,120.75,120.75
1993-01-25,115.75,115.75,115.75,115.75
1993-01-22,115.5,115.5,115.5,115.5
1993-01-21,115.5,115.5,115.5,115.5
1993-01-20,115.25,115.25,115.25,115.25
1993-01-19,115.0,115.0,115.0,115.0
1993-01-18,115.25,115.25,115.25,115.25
1993-01-15,114.25,114.25,114.25,114.25
1993-01-14,116.25,116.25,116.25,116.25
1993-01-13,118.75,118.75,118.75,118.75
1993-01-12,118.5,118.5,118.5,118.5
1993-01-11,118.0,118.0,118.0,118.0
1993-01-08,118.25,118.25,118.25,118.25
1993-01-07,118.0,118.0,118.0,118.0
1993-01-06,119.0,119.0,119.0,119.0
1993-01-05,118.25,118.25,118.25,118.25
1993-01-04,123.0,123.0,123.0,123.0
1993-01-01,124.25,124.25,124.25,124.25
1992-12-31,124.25,124.25,124.25,124.25
1992-12-30,122.0,122.0,122.0,122.0
1992-12-29,122.5,122.5,122.5,122.5
1992-12-28,120.75,120.75,120.75,120.75
1992-12-25,120.75,120.75,120.75,120.75
1992-12-24,120.75,120.75,120.75,120.75
1992-12-23,118.75,118.75,118.75,118.75
1992-12-22,117.25,117.25,117.25,117.25
1992-12-21,114.5,114.5,114.5,114.5
1992-12-18,114.5,114.5,114.5,114.5
1992-12-17,111.5,111.5,111.5,111.5
1992-12-16,111.5,111.5,111.5,111.5
1992-12-15,112.0,112.0,112.0,112.0
1992-12-14,112.0,112.0,112.0,112.0
1992-12-11,111.0,111.0,111.0,111.0
1992-12-10,110.75,110.75,110.75,110.75
1992-12-09,111.25,111.25,111.25,111.25
1992-12-08,112.0,112.0,112.0,112.0
1992-12-07,114.0,114.0,114.0,114.0
1992-12-04,114.25,114.25,114.25,114.25
1992-12-03,114.75,114.75,114.75,114.75
1992-12-02,116.75,116.75,116.75,116.75
1992-12-01,118.5,118.5,118.5,118.5
1992-11-30,116.75,116.75,116.75,116.75
1992-11-27,115.75,115.75,115.75,115.75
1992-11-26,115.0,115.0,115.0,115.0
1992-11-25,113.75,113.75,113.75,113.75
1992-11-24,115.5,115.5,115.5,115.5
1992-11-23,116.25,116.25,116.25,116.25
1992-11-20,116.0,116.0,116.0,116.0
1992-11-19,114.75,114.75,114.75,114.75
1992-11-18,114.75,114.75,114.75,114.75
1992-11-17,113.75,113.75,113.75,113.75
1992-11-16,114.75,114.75,114.75,114.75
1992-11-13,116.25,116.25,116.25,116.25
1992-11-12,119.0,119.0,119.0,119.0
1992-11-11,118.0,118.0,118.0,118.0
1992-11-10,118.25,118.25,118.25,118.25
1992-11-09,114.0,114.0,114.0,114.0
1992-11-06,112.75,112.75,112.75,112.75
1992-11-05,112.5,112.5,112.5,112.5
1992-11-04,111.5,111.5,111.5,111.5
1992-11-03,116.0,116.0,116.0,116.0
1992-11-02,117.25,117.25,117.25,117.25
1992-10-30,116.75,116.75,116.75,116.75
1992-10-29,115.75,115.75,115.75,115.75
1992-10-28,117.5,117.5,117.5,117.5
1992-10-27,117.75,117.75,117.75,117.75
1992-10-26,117.5,117.5,117.5,117.5
1992-10-23,117.5,117.5,117.5,117.5
1992-10-22,116.25,116.25,116.25,116.25
1992-10-21,116.75,116.75,116.75,116.75
1992-10-20,118.25,118.25,118.25,118.25
1992-10-19,115.0,115.0,115.0,115.0
1992-10-16,111.25,111.25,111.25,111.25
1992-10-15,109.5,109.5,109.5,109.5
1992-10-14,109.0,109.0,109.0,109.0
1992-10-13,109.5,109.5,109.5,109.5
1992-10-12,108.75,108.75,108.75,108.75
1992-10-09,107.25,107.25,107.25,107.25
1992-10-08,109.0,109.0,109.0,109.0
1992-10-07,109.0,109.0,109.0,109.0
1992-10-06,107.75,107.75,107.75,107.75
1992-10-05,105.5,105.5,105.5,105.5
1992-10-02,110.25,110.25,110.25,110.25
1992-10-01,109.25,109.25,109.25,109.25
1992-09-30,107.25,107.25,107.25,107.25
1992-09-29,106.75,106.75,106.75,106.75
1992-09-28,108.75,108.75,108.75,108.75
1992-09-25,110.75,110.75,110.75,110.75
1992-09-24,111.75,111.75,111.75,111.75
1992-09-23,110.5,110.5,110.5,110.5
1992-09-22,109.5,109.5,109.5,109.5
1992-09-21,109.25,109.25,109.25,109.25
1992-09-18,107.25,107.25,107.25,107.25
1992-09-17,106.0,106.0,106.0,106.0
1992-09-16,105.25,105.25,105.25,105.25
1992-09-15,101.25,101.25,101.25,101.25
1992-09-14,102.25,102.25,102.25,102.25
1992-09-11,98.75,98.75,98.75,98.75
1992-09-10,96.0,96.0,96.0,96.0
1992-09-09,96.0,96.0,96.0,96.0
1992-09-08,96.5,96.5,96.5,96.5
1992-09-07,97.5,97.5,97.5,97.5
1992-09-04,98.0,98.0,98.0,98.0
1992-09-03,100.5,100.5,100.5,100.5
1992-09-02,97.75,97.75,97.75,97.75
1992-09-01,97.75,97.75,97.75,97.75
1992-08-31,96.75,96.75,96.75,96.75
1992-08-28,96.75,96.75,96.75,96.75
1992-08-27,96.25,96.25,96.25,96.25
1992-08-26,92.75,92.75,92.75,92.75
1992-08-25,92.0,92.0,92.0,92.0
1992-08-24,92.5,92.5,92.5,92.5
1992-08-21,95.0,95.0,95.0,95.0
1992-08-20,96.5,96.5,96.5,96.5
1992-08-19,96.25,96.25,96.25,96.25
1992-08-18,94.75,94.75,94.75,94.75
1992-08-17,95.75,95.75,95.75,95.75
1992-08-14,93.75,93.75,93.75,93.75
1992-08-13,93.75,93.75,93.75,93.75
1992-08-12,94.5,94.5,94.5,94.5
1992-08-11,94.75,94.75,94.75,94.75
1992-08-10,93.75,93.75,93.75,93.75
1992-08-07,92.75,92.75,92.75,92.75
1992-08-06,98.25,98.25,98.25,98.25
1992-08-05,103.25,103.25,103.25,103.25
1992-08-04,105.5,105.5,105.5,105.5
1992-08-03,106.25,106.25,106.25,106.25
1992-07-31,106.25,106.25,106.25,106.25
1992-07-30,107.0,107.0,107.0,107.0
1992-07-29,108.25,108.25,108.25,108.25
1992-07-28,104.0,104.0,104.0,104.0
1992-07-27,102.5,102.5,102.5,102.5
1992-07-24,103.5,103.5,103.5,103.5
1992-07-23,103.5,103.5,103.5,103.5
1992-07-22,101.0,101.0,101.0,101.0
1992-07-21,101.5,101.5,101.5,101.5
1992-07-20,100.0,100.0,100.0,100.0
1992-07-17,99.75,99.75,99.75,99.75
1992-07-16,103.5,103.5,103.5,103.5
1992-07-15,105.25,105.25,105.25,105.25
1992-07-14,103.75,103.75,103.75,103.75
1992-07-13,100.5,100.5,100.5,100.5
1992-07-10,101.75,101.75,101.75,101.75
1992-07-09,104.75,104.75,104.75,104.75
1992-07-08,105.5,105.5,105.5,105.5
1992-07-07,107.0,107.0,107.0,107.0
1992-07-06,105.0,105.0,105.0,105.0
1992-07-03,104.5,104.5,104.5,104.5
1992-07-02,105.5,105.5,105.5,105.5
1992-07-01,104.5,104.5,104.5,104.5
1992-06-30,101.75,101.75,101.75,101.75
1992-06-29,100.0,100.0,100.0,100.0
1992-06-26,104.5,104.5,104.5,104.5
1992-06-25,121.5,121.5,121.5,121.5
1992-06-24,119.0,119.0,119.0,119.0
1992-06-23,122.0,122.0,122.0,122.0
1992-06-22,122.5,122.5,122.5,122.5
1992-06-19,125.5,125.5,125.5,125.5
1992-06-18,124.25,124.25,124.25,124.25
1992-06-17,126.75,126.75,126.75,126.75
1992-06-16,129.0,129.0,129.0,129.0
1992-06-15,129.75,129.75,129.75,129.75
1992-06-12,130.5,130.5,130.5,130.5
1992-06-11,135.5,135.5,135.5,135.5
1992-06-10,136.0,136.0,136.0,136.0
1992-06-09,137.25,137.25,137.25,137.25
1992-06-08,137.25,137.25,137.25,137.25
1992-06-05,137.75,137.75,137.75,137.75
1992-06-04,135.5,135.5,135.5,135.5
1992-06-03,134.0,134.0,134.0,134.0
1992-06-02,135.25,135.25,135.25,135.25
1992-06-01,136.0,136.0,136.0,136.0
1992-05-29,136.75,136.75,136.75,136.75
1992-05-28,136.0,136.0,136.0,136.0
1992-05-27,137.0,137.0,137.0,137.0
1992-05-26,136.0,136.0,136.0,136.0
1992-05-25,131.0,131.0,131.0,131.0
1992-05-22,131.0,131.0,131.0,131.0
1992-05-21,129.5,129.5,129.5,129.5
1992-05-20,130.5,130.5,130.5,130.5
1992-05-19,128.0,128.0,128.0,128.0
1992-05-18,128.5,128.5,128.5,128.5
1992-05-15,125.25,125.25,125.25,125.25
1992-05-14,126.5,126.5,126.5,126.5
1992-05-13,127.25,127.25,127.25,127.25
1992-05-12,128.5,128.5,128.5,128.5
1992-05-11,126.0,126.0,126.0,126.0
1992-05-08,125.75,125.75,125.75,125.75
1992-05-07,129.75,129.75,129.75,129.75
1992-05-06,131.0,131.0,131.0,131.0
1992-05-05,131.75,131.75,131.75,131.75
1992-05-04,135.0,135.0,135.0,135.0
1992-05-01,135.0,135.0,135.0,135.0
1992-04-30,134.0,134.0,134.0,134.0
1992-04-29,133.0,133.0,133.0,133.0
1992-04-28,131.75,131.75,131.75,131.75
1992-04-27,128.0,128.0,128.0,128.0
1992-04-24,123.5,123.5,123.5,123.5
1992-04-23,124.75,124.75,124.75,124.75
1992-04-22,127.0,127.0,127.0,127.0
1992-04-21,128.5,128.5,128.5,128.5
1992-04-20,129.5,129.5,129.5,129.5
1992-04-17,129.5,129.5,129.5,129.5
1992-04-16,129.5,129.5,129.5,129.5
1992-04-15,128.5,128.5,128.5,128.5
1992-04-14,126.0,126.0,126.0,126.0
1992-04-13,125.5,125.5,125.5,125.5
1992-04-10,125.0,125.0,125.0,125.0
1992-04-09,124.0,124.0,124.0,124.0
1992-04-08,122.75,122.75,122.75,122.75
1992-04-07,126.0,126.0,126.0,126.0
1992-04-06,127.25,127.25,127.25,127.25
1992-04-03,121.25,121.25,121.25,121.25
1992-04-02,123.0,123.0,123.0,123.0
1992-04-01,124.5,124.5,124.5,124.5
1992-03-31,127.5,127.5,127.5,127.5
1992-03-30,128.0,128.0,128.0,128.0
1992-03-27,127.5,127.5,127.5,127.5
1992-03-26,127.0,127.0,127.0,127.0
1992-03-25,126.25,126.25,126.25,126.25
1992-03-24,127.5,127.5,127.5,127.5
1992-03-23,129.0,129.0,129.0,129.0
1992-03-20,131.0,131.0,131.0,131.0
1992-03-19,132.0,132.0,132.0,132.0
1992-03-18,132.5,132.5,132.5,132.5
1992-03-17,133.25,133.25,133.25,133.25
1992-03-16,133.25,133.25,133.25,133.25
1992-03-13,131.5,131.5,131.5,131.5
1992-03-12,130.5,130.5,130.5,130.5
1992-03-11,131.5,131.5,131.5,131.5
1992-03-10,134.25,134.25,134.25,134.25
1992-03-09,132.25,132.25,132.25,132.25
1992-03-06,131.0,131.0,131.0,131.0
1992-03-05,132.5,132.5,132.5,132.5
1992-03-04,134.75,134.75,134.75,134.75
1992-03-03,134.0,134.0,134.0,134.0
1992-03-02,133.0,133.0,133.0,133.0
1992-02-28,133.0,133.0,133.0,133.0
1992-02-27,133.5,133.5,133.5,133.5
1992-02-26,132.25,132.25,132.25,132.25
1992-02-25,129.5,129.5,129.5,129.5
1992-02-24,129.0,129.0,129.0,129.0
1992-02-21,129.25,129.25,129.25,129.25
1992-02-20,127.0,127.0,127.0,127.0
1992-02-19,125.5,125.5,125.5,125.5
1992-02-18,132.5,132.5,132.5,132.5
1992-02-17,131.5,131.5,131.5,131.5
1992-02-14,134.0,134.0,134.0,134.0
1992-02-13,137.0,137.0,137.0,137.0
1992-02-12,142.0,142.0,142.0,142.0
1992-02-11,142.75,142.75,142.75,142.75
1992-02-10,142.5,142.5,142.5,142.5
1992-02-07,137.5,137.5,137.5,137.5
1992-02-06,138.0,138.0,138.0,138.0
1992-02-05,139.25,139.25,139.25,139.25
1992-02-04,142.0,142.0,142.0,142.0
1992-02-03,143.0,143.0,143.0,143.0
1992-01-31,143.5,143.5,143.5,143.5
1992-01-30,143.5,143.5,143.5,143.5
1992-01-29,144.5,144.5,144.5,144.5
1992-01-28,145.0,145.0,145.0,145.0
1992-01-27,143.5,143.5,143.5,143.5
1992-01-24,142.5,142.5,142.5,142.5
1992-01-23,144.25,144.25,144.25,144.25
1992-01-22,143.0,143.0,143.0,143.0
1992-01-21,146.5,146.5,146.5,146.5
1992-01-20,145.75,145.75,145.75,145.75
1992-01-17,142.0,142.0,142.0,142.0
1992-01-16,146.0,146.0,146.0,146.0
1992-01-15,147.75,147.75,147.75,147.75
1992-01-14,147.0,147.0,147.0,147.0
1992-01-13,143.0,143.0,143.0,143.0
1992-01-10,141.0,141.0,141.0,141.0
1992-01-09,141.75,141.75,141.75,141.75
1992-01-08,137.0,137.0,137.0,137.0
1992-01-07,138.0,138.0,138.0,138.0
1992-01-06,139.0,139.0,139.0,139.0
1992-01-03,145.25,145.25,145.25,145.25
1992-01-02,145.5,145.5,145.5,145.5
1992-01-01,146.5,146.5,146.5,146.5
1991-12-31,146.5,146.5,146.5,146.5
1991-12-30,139.5,139.5,139.5,139.5
1991-12-27,138.5,138.5,138.5,138.5
1991-12-26,139.5,139.5,139.5,139.5
1991-12-25,139.5,139.5,139.5,139.5
1991-12-24,139.5,139.5,139.5,139.5
1991-12-23,138.0,138.0,138.0,138.0
1991-12-20,139.5,139.5,139.5,139.5
1991-12-19,145.5,145.5,145.5,145.5
1991-12-18,148.0,148.0,148.0,148.0
1991-12-17,150.0,150.0,150.0,150.0
1991-12-16,149.5,149.5,149.5,149.5
1991-12-13,148.75,148.75,148.75,148.75
1991-12-12,144.0,144.0,144.0,144.0
1991-12-11,142.0,142.0,142.0,142.0
1991-12-10,144.0,144.0,144.0,144.0
1991-12-09,146.0,146.0,146.0,146.0
1991-12-06,145.5,145.5,145.5,145.5
1991-12-05,148.5,148.5,148.5,148.5
1991-12-04,150.0,150.0,150.0,150.0
1991-12-03,150.5,150.5,150.5,150.5
1991-12-02,152.0,152.0,152.0,152.0
1991-11-29,151.0,151.0,151.0,151.0
1991-11-28,152.0,152.0,152.0,152.0
1991-11-27,153.25,153.25,153.25,153.25
1991-11-26,154.75,154.75,154.75,154.75
1991-11-25,157.0,157.0,157.0,157.0
1991-11-22,155.5,155.5,155.5,155.5
1991-11-21,157.0,157.0,157.0,157.0
1991-11-20,157.25,157.25,157.25,157.25
1991-11-19,157.0,157.0,157.0,157.0
1991-11-18,159.0,159.0,159.0,159.0
1991-11-15,162.0,162.0,162.0,162.0
1991-11-14,161.0,161.0,161.0,161.0
1991-11-13,161.75,161.75,161.75,161.75
1991-11-12,165.75,165.75,165.75,165.75
1991-11-11,164.25,164.25,164.25,164.25
1991-11-08,166.25,166.25,166.25,166.25
1991-11-07,162.5,162.5,162.5,162.5
1991-11-06,165.0,165.0,165.0,165.0
1991-11-05,165.0,165.0,165.0,165.0
1991-11-04,162.5,162.5,162.5,162.5
1991-11-01,164.0,164.0,164.0,164.0
1991-10-31,163.75,163.75,163.75,163.75
1991-10-30,166.0,166.0,166.0,166.0
1991-10-29,167.5,167.5,167.5,167.5
1991-10-28,168.5,168.5,168.5,168.5
1991-10-25,165.5,165.5,165.5,165.5
1991-10-24,168.25,168.25,168.25,168.25
1991-10-23,173.5,173.5,173.5,173.5
1991-10-22,172.75,172.75,172.75,172.75
1991-10-21,174.0,174.0,174.0,174.0
1991-10-18,176.0,176.0,176.0,176.0
1991-10-17,177.0,177.0,177.0,177.0
1991-10-16,176.0,176.0,176.0,176.0
1991-10-15,173.5,173.5,173.5,173.5
1991-10-14,171.0,171.0,171.0,171.0
1991-10-11,170.5,170.5,170.5,170.5
1991-10-10,169.5,169.5,169.5,169.5
1991-10-09,170.25,170.25,170.25,170.25
1991-10-08,170.5,170.5,170.5,170.5
1991-10-07,169.5,169.5,169.5,169.5
1991-10-04,169.5,169.5,169.5,169.5
1991-10-03,168.0,168.0,168.0,168.0
1991-10-02,168.0,168.0,168.0,168.0
1991-10-01,171.0,171.0,171.0,171.0
1991-09-30,169.0,169.0,169.0,169.0
1991-09-27,168.25,168.25,168.25,168.25
1991-09-26,168.0,168.0,168.0,168.0
1991-09-25,165.0,165.0,165.0,165.0
1991-09-24,164.5,164.5,164.5,164.5
1991-09-23,164.5,164.5,164.5,164.5
1991-09-20,165.5,165.5,165.5,165.5
1991-09-19,166.25,166.25,166.25,166.25
1991-09-18,164.75,164.75,164.75,164.75
1991-09-17,164.0,164.0,164.0,164.0
1991-09-16,166.0,166.0,166.0,166.0
1991-09-13,168.5,168.5,168.5,168.5
1991-09-12,171.0,171.0,171.0,171.0
1991-09-11,171.25,171.25,171.25,171.25
1991-09-10,171.5,171.5,171.5,171.5
1991-09-09,172.0,172.0,172.0,172.0
1991-09-06,173.0,173.0,173.0,173.0
1991-09-05,174.0,174.0,174.0,174.0
1991-09-04,174.0,174.0,174.0,174.0
1991-09-03,174.75,174.75,174.75,174.75
1991-09-02,177.0,177.0,177.0,177.0
1991-08-30,176.25,176.25,176.25,176.25
1991-08-29,174.75,174.75,174.75,174.75
1991-08-28,172.0,172.0,172.0,172.0
1991-08-27,173.0,173.0,173.0,173.0
1991-08-26,173.5,173.5,173.5,173.5
1991-08-23,173.5,173.5,173.5,173.5
1991-08-22,168.5,168.5,168.5,168.5
1991-08-21,169.5,169.5,169.5,169.5
1991-08-20,169.5,169.5,169.5,169.5
1991-08-19,166.25,166.25,166.25,166.25
1991-08-16,166.0,166.0,166.0,166.0
1991-08-15,165.5,165.5,165.5,165.5
1991-08-14,168.0,168.0,168.0,168.0
1991-08-13,168.5,168.5,168.5,168.5
1991-08-12,168.0,168.0,168.0,168.0
1991-08-09,167.75,167.75,167.75,167.75
1991-08-08,171.0,171.0,171.0,171.0
1991-08-07,171.75,171.75,171.75,171.75
1991-08-06,170.25,170.25,170.25,170.25
1991-08-05,171.5,171.5,171.5,171.5
1991-08-02,173.25,173.25,173.25,173.25
1991-08-01,172.75,172.75,172.75,172.75
1991-07-31,172.0,172.0,172.0,172.0
1991-07-30,173.0,173.0,173.0,173.0
1991-07-29,173.5,173.5,173.5,173.5
1991-07-26,171.5,171.5,171.5,171.5
1991-07-25,172.0,172.0,172.0,172.0
1991-07-24,172.75,172.75,172.75,172.75
1991-07-23,173.75,173.75,173.75,173.75
1991-07-22,174.25,174.25,174.25,174.25
1991-07-19,173.5,173.5,173.5,173.5
1991-07-18,177.25,177.25,177.25,177.25
1991-07-17,177.5,177.5,177.5,177.5
1991-07-16,174.5,174.5,174.5,174.5
1991-07-15,175.25,175.25,175.25,175.25
1991-07-12,173.0,173.0,173.0,173.0
1991-07-11,172.5,172.5,172.5,172.5
1991-07-10,171.5,171.5,171.5,171.5
1991-07-09,169.5,169.5,169.5,169.5
1991-07-08,167.0,167.0,167.0,167.0
1991-07-05,168.75,168.75,168.75,168.75
1991-07-04,166.5,166.5,166.5,166.5
1991-07-03,164.0,164.0,164.0,164.0
1991-07-02,166.75,166.75,166.75,166.75
1991-07-01,164.75,164.75,164.75,164.75
1991-06-28,163.75,163.75,163.75,163.75
1991-06-27,164.75,164.75,164.75,164.75
1991-06-26,164.0,164.0,164.0,164.0
1991-06-25,166.0,166.0,166.0,166.0
1991-06-24,165.5,165.5,165.5,165.5
1991-06-21,167.0,167.0,167.0,167.0
1991-06-20,166.0,166.0,166.0,166.0
1991-06-19,166.0,166.0,166.0,166.0
1991-06-18,168.75,168.75,168.75,168.75
1991-06-17,170.0,170.0,170.0,170.0
1991-06-14,167.0,167.0,167.0,167.0
1991-06-13,165.5,165.5,165.5,165.5
1991-06-12,167.0,167.0,167.0,167.0
1991-06-11,169.5,169.5,169.5,169.5
1991-06-10,167.5,167.5,167.5,167.5
1991-06-07,168.0,168.0,168.0,168.0
1991-06-06,168.0,168.0,168.0,168.0
1991-06-05,167.5,167.5,167.5,167.5
1991-06-04,169.0,169.0,169.0,169.0
1991-06-03,169.0,169.0,169.0,169.0
1991-05-31,166.5,166.5,166.5,166.5
1991-05-30,165.0,165.0,165.0,165.0
1991-05-29,162.0,162.0,162.0,162.0
1991-05-28,160.5,160.5,160.5,160.5
1991-05-27,160.0,160.0,160.0,160.0
1991-05-24,160.0,160.0,160.0,160.0
1991-05-23,161.0,161.0,161.0,161.0
1991-05-22,162.5,162.5,162.5,162.5
1991-05-21,164.0,164.0,164.0,164.0
1991-05-20,160.5,160.5,160.5,160.5
1991-05-17,161.0,161.0,161.0,161.0
1991-05-16,162.5,162.5,162.5,162.5
1991-05-15,162.75,162.75,162.75,162.75
1991-05-14,165.0,165.0,165.0,165.0
1991-05-13,167.0,167.0,167.0,167.0
1991-05-10,172.0,172.0,172.0,172.0
1991-05-09,173.0,173.0,173.0,173.0
1991-05-08,171.5,171.5,171.5,171.5
1991-05-07,177.0,177.0,177.0,177.0
1991-05-06,177.5,177.5,177.5,177.5
1991-05-03,177.5,177.5,177.5,177.5
1991-05-02,178.5,178.5,178.5,178.5
1991-05-01,175.5,175.5,175.5,175.5
1991-04-30,172.0,172.0,172.0,172.0
1991-04-29,175.0,175.0,175.0,175.0
1991-04-26,173.0,173.0,173.0,173.0
1991-04-25,173.0,173.0,173.0,173.0
1991-04-24,174.75,174.75,174.75,174.75
1991-04-23,177.0,177.0,177.0,177.0
1991-04-22,174.5,174.5,174.5,174.5
1991-04-19,175.25,175.25,175.25,175.25
1991-04-18,176.5,176.5,176.5,176.5
1991-04-17,178.5,178.5,178.5,178.5
1991-04-16,176.25,176.25,176.25,176.25
1991-04-15,177.5,177.5,177.5,177.5
1991-04-12,174.5,174.5,174.5,174.5
1991-04-11,170.75,170.75,170.75,170.75
1991-04-10,166.75,166.75,166.75,166.75
1991-04-09,166.5,166.5,166.5,166.5
1991-04-08,167.0,167.0,167.0,167.0
1991-04-05,167.5,167.5,167.5,167.5
1991-04-04,165.5,165.5,165.5,165.5
1991-04-03,165.5,165.5,165.5,165.5
1991-04-02,166.5,166.5,166.5,166.5
1991-04-01,167.0,167.0,167.0,167.0
1991-03-29,167.0,167.0,167.0,167.0
1991-03-28,167.0,167.0,167.0,167.0
1991-03-27,167.75,167.75,167.75,167.75
1991-03-26,165.5,165.5,165.5,165.5
1991-03-25,166.5,166.5,166.5,166.5
1991-03-22,166.25,166.25,166.25,166.25
1991-03-21,169.5,169.5,169.5,169.5
1991-03-20,167.25,167.25,167.25,167.25
1991-03-19,166.5,166.5,166.5,166.5
1991-03-18,166.5,166.5,166.5,166.5
1991-03-15,166.5,166.5,166.5,166.5
1991-03-14,169.0,169.0,169.0,169.0
1991-03-13,168.5,168.5,168.5,168.5
1991-03-12,173.5,173.5,173.5,173.5
1991-03-11,172.0,172.0,172.0,172.0
1991-03-08,172.0,172.0,172.0,172.0
1991-03-07,167.5,167.5,167.5,167.5
1991-03-06,167.5,167.5,167.5,167.5
1991-03-05,167.75,167.75,167.75,167.75
1991-03-04,166.5,166.5,166.5,166.5
1991-03-01,166.5,166.5,166.5,166.5
1991-02-28,166.25,166.25,166.25,166.25
1991-02-27,163.5,163.5,163.5,163.5
1991-02-26,160.0,160.0,160.0,160.0
1991-02-25,160.5,160.5,160.5,160.5
1991-02-22,162.0,162.0,162.0,162.0
1991-02-21,161.5,161.5,161.5,161.5
1991-02-20,159.5,159.5,159.5,159.5
1991-02-19,159.0,159.0,159.0,159.0
1991-02-18,156.0,156.0,156.0,156.0
1991-02-15,153.25,153.25,153.25,153.25
1991-02-14,154.0,154.0,154.0,154.0
1991-02-13,154.5,154.5,154.5,154.5
1991-02-12,157.0,157.0,157.0,157.0
1991-02-11,159.0,159.0,159.0,159.0
1991-02-08,158.0,158.0,158.0,158.0
1991-02-07,160.5,160.5,160.5,160.5
1991-02-06,154.5,154.5,154.5,154.5
1991-02-05,152.5,152.5,152.5,152.5
1991-02-04,151.0,151.0,151.0,151.0
1991-02-01,151.5,151.5,151.5,151.5
1991-01-31,152.5,152.5,152.5,152.5
1991-01-30,150.5,150.5,150.5,150.5
1991-01-29,150.0,150.0,150.0,150.0
1991-01-28,150.0,150.0,150.0,150.0
1991-01-25,149.25,149.25,149.25,149.25
1991-01-24,149.5,149.5,149.5,149.5
1991-01-23,149.5,149.5,149.5,149.5
1991-01-22,150.5,150.5,150.5,150.5
1991-01-21,148.0,148.0,148.0,148.0
1991-01-18,152.0,152.0,152.0,152.0
1991-01-17,154.5,154.5,154.5,154.5
1991-01-16,159.0,159.0,159.0,159.0
1991-01-15,161.5,161.5,161.5,161.5
1991-01-14,162.5,162.5,162.5,162.5
1991-01-11,160.5,160.5,160.5,160.5
1991-01-10,158.5,158.5,158.5,158.5
1991-01-09,159.5,159.5,159.5,159.5
1991-01-08,161.5,161.5,161.5,161.5
1991-01-07,162.5,162.5,162.5,162.5
1991-01-04,161.5,161.5,161.5,161.5
1991-01-03,164.0,164.0,164.0,164.0
1991-01-02,167.5,167.5,167.5,167.5
1991-01-01,167.0,167.0,167.0,167.0
1990-12-31,167.0,167.0,167.0,167.0
1990-12-28,168.0,168.0,168.0,168.0
1990-12-27,169.5,169.5,169.5,169.5
1990-12-26,169.5,169.5,169.5,169.5
1990-12-25,169.5,169.5,169.5,169.5
1990-12-24,169.5,169.5,169.5,169.5
1990-12-21,167.5,167.5,167.5,167.5
1990-12-20,166.0,166.0,166.0,166.0
1990-12-19,166.75,166.75,166.75,166.75
1990-12-18,166.0,166.0,166.0,166.0
1990-12-17,163.5,163.5,163.5,163.5
1990-12-14,163.0,163.0,163.0,163.0
1990-12-13,160.25,160.25,160.25,160.25
1990-12-12,161.5,161.5,161.5,161.5
1990-12-11,162.0,162.0,162.0,162.0
1990-12-10,163.75,163.75,163.75,163.75
1990-12-07,165.5,165.5,165.5,165.5
1990-12-06,165.0,165.0,165.0,165.0
1990-12-05,169.5,169.5,169.5,169.5
1990-12-04,171.25,171.25,171.25,171.25
1990-12-03,172.5,172.5,172.5,172.5
1990-11-30,173.5,173.5,173.5,173.5
1990-11-29,172.5,172.5,172.5,172.5
1990-11-28,171.0,171.0,171.0,171.0
1990-11-27,172.0,172.0,172.0,172.0
1990-11-26,169.5,169.5,169.5,169.5
1990-11-23,167.5,167.5,167.5,167.5
1990-11-22,166.0,166.0,166.0,166.0
1990-11-21,165.0,165.0,165.0,165.0
1990-11-20,165.0,165.0,165.0,165.0
1990-11-19,162.5,162.5,162.5,162.5
1990-11-16,162.5,162.5,162.5,162.5
1990-11-15,164.0,164.0,164.0,164.0
1990-11-14,164.5,164.5,164.5,164.5
1990-11-13,166.75,166.75,166.75,166.75
1990-11-12,168.0,168.0,168.0,168.0
1990-11-09,168.5,168.5,168.5,168.5
1990-11-08,167.0,167.0,167.0,167.0
1990-11-07,169.0,169.0,169.0,169.0
1990-11-06,169.25,169.25,169.25,169.25
1990-11-05,170.0,170.0,170.0,170.0
1990-11-02,167.5,167.5,167.5,167.5
1990-11-01,167.0,167.0,167.0,167.0
1990-10-31,167.0,167.0,167.0,167.0
1990-10-30,167.5,167.5,167.5,167.5
1990-10-29,169.0,169.0,169.0,169.0
1990-10-26,169.75,169.75,169.75,169.75
1990-10-25,170.5,170.5,170.5,170.5
1990-10-24,169.25,169.25,169.25,169.25
1990-10-23,170.0,170.0,170.0,170.0
1990-10-22,169.0,169.0,169.0,169.0
1990-10-19,168.5,168.5,168.5,168.5
1990-10-18,169.0,169.0,169.0,169.0
1990-10-17,169.0,169.0,169.0,169.0
1990-10-16,169.5,169.5,169.5,169.5
1990-10-15,171.5,171.5,171.5,171.5
1990-10-12,174.5,174.5,174.5,174.5
1990-10-11,177.0,177.0,177.0,177.0
1990-10-10,179.5,179.5,179.5,179.5
1990-10-09,178.75,178.75,178.75,178.75
1990-10-08,179.25,179.25,179.25,179.25
1990-10-05,179.5,179.5,179.5,179.5
1990-10-04,176.0,176.0,176.0,176.0
1990-10-03,173.5,173.5,173.5,173.5
1990-10-02,172.5,172.5,172.5,172.5
1990-10-01,173.5,173.5,173.5,173.5
1990-09-28,172.5,172.5,172.5,172.5
1990-09-27,174.5,174.5,174.5,174.5
1990-09-26,176.5,176.5,176.5,176.5
1990-09-25,180.0,180.0,180.0,180.0
1990-09-24,182.0,182.0,182.0,182.0
1990-09-21,184.25,184.25,184.25,184.25
1990-09-20,183.5,183.5,183.5,183.5
1990-09-19,183.25,183.25,183.25,183.25
1990-09-18,183.0,183.0,183.0,183.0
1990-09-17,182.5,182.5,182.5,182.5
1990-09-14,183.25,183.25,183.25,183.25
1990-09-13,184.5,184.5,184.5,184.5
1990-09-12,185.25,185.25,185.25,185.25
1990-09-11,184.5,184.5,184.5,184.5
1990-09-10,183.5,183.5,183.5,183.5
1990-09-07,184.5,184.5,184.5,184.5
1990-09-06,185.5,185.5,185.5,185.5
1990-09-05,185.0,185.0,185.0,185.0
1990-09-04,184.5,184.5,184.5,184.5
1990-09-03,185.0,185.0,185.0,185.0
1990-08-31,182.0,182.0,182.0,182.0
1990-08-30,178.0,178.0,178.0,178.0
1990-08-29,175.5,175.5,175.5,175.5
1990-08-28,174.5,174.5,174.5,174.5
1990-08-27,177.0,177.0,177.0,177.0
1990-08-24,177.0,177.0,177.0,177.0
1990-08-23,179.5,179.5,179.5,179.5
1990-08-22,182.0,182.0,182.0,182.0
1990-08-21,183.5,183.5,183.5,183.5
1990-08-20,184.25,184.25,184.25,184.25
1990-08-17,188.0,188.0,188.0,188.0
1990-08-16,184.0,184.0,184.0,184.0
1990-08-15,179.5,179.5,179.5,179.5
1990-08-14,181.75,181.75,181.75,181.75
1990-08-13,179.5,179.5,179.5,179.5
1990-08-10,180.5,180.5,180.5,180.5
1990-08-09,179.5,179.5,179.5,179.5
1990-08-08,182.0,182.0,182.0,182.0
1990-08-07,181.0,181.0,181.0,181.0
1990-08-06,183.5,183.5,183.5,183.5
1990-08-03,182.5,182.5,182.5,182.5
1990-08-02,180.5,180.5,180.5,180.5
1990-08-01,170.0,170.0,170.0,170.0
1990-07-31,166.5,166.5,166.5,166.5
1990-07-30,166.25,166.25,166.25,166.25
1990-07-27,168.25,168.25,168.25,168.25
1990-07-26,169.25,169.25,169.25,169.25
1990-07-25,171.5,171.5,171.5,171.5
1990-07-24,170.0,170.0,170.0,170.0
1990-07-23,166.5,166.5,166.5,166.5
1990-07-20,167.25,167.25,167.25,167.25
1990-07-19,163.5,163.5,163.5,163.5
1990-07-18,164.5,164.5,164.5,164.5
1990-07-17,165.5,165.5,165.5,165.5
1990-07-16,168.0,168.0,168.0,168.0
1990-07-13,168.0,168.0,168.0,168.0
1990-07-12,164.0,164.0,164.0,164.0
1990-07-11,160.5,160.5,160.5,160.5
1990-07-10,158.5,158.5,158.5,158.5
1990-07-09,160.5,160.5,160.5,160.5
1990-07-06,159.75,159.75,159.75,159.75
1990-07-05,158.5,158.5,158.5,158.5
1990-07-04,159.0,159.0,159.0,159.0
1990-07-03,159.25,159.25,159.25,159.25
1990-07-02,159.5,159.5,159.5,159.5
1990-06-29,160.0,160.0,160.0,160.0
1990-06-28,158.25,158.25,158.25,158.25
1990-06-27,160.5,160.5,160.5,160.5
1990-06-26,163.5,163.5,163.5,163.5
1990-06-25,163.5,163.5,163.5,163.5
1990-06-22,162.25,162.25,162.25,162.25
1990-06-21,163.0,163.0,163.0,163.0
1990-06-20,162.5,162.5,162.5,162.5
1990-06-19,162.5,162.5,162.5,162.5
1990-06-18,161.5,161.5,161.5,161.5
1990-06-15,162.75,162.75,162.75,162.75
1990-06-14,163.0,163.0,163.0,163.0
1990-06-13,162.75,162.75,162.75,162.75
1990-06-12,161.0,161.0,161.0,161.0
1990-06-11,159.25,159.25,159.25,159.25
1990-06-08,159.25,159.25,159.25,159.25
1990-06-07,159.0,159.0,159.0,159.0
1990-06-06,159.5,159.5,159.5,159.5
1990-06-05,163.0,163.0,163.0,163.0
1990-06-04,166.0,166.0,166.0,166.0
1990-06-01,166.0,166.0,166.0,166.0
1990-05-31,164.75,164.75,164.75,164.75
1990-05-30,164.0,164.0,164.0,164.0
1990-05-29,160.0,160.0,160.0,160.0
1990-05-28,158.5,158.5,158.5,158.5
1990-05-25,158.5,158.5,158.5,158.5
1990-05-24,158.0,158.0,158.0,158.0
1990-05-23,161.5,161.5,161.5,161.5
1990-05-22,162.5,162.5,162.5,162.5
1990-05-21,158.25,158.25,158.25,158.25
1990-05-18,161.0,161.0,161.0,161.0
1990-05-17,165.0,165.0,165.0,165.0
1990-05-16,162.0,162.0,162.0,162.0
1990-05-15,159.0,159.0,159.0,159.0
1990-05-14,159.5,159.5,159.5,159.5
1990-05-11,154.25,154.25,154.25,154.25
1990-05-10,155.0,155.0,155.0,155.0
1990-05-09,158.0,158.0,158.0,158.0
1990-05-08,160.0,160.0,160.0,160.0
1990-05-07,160.0,160.0,160.0,160.0
1990-05-04,160.0,160.0,160.0,160.0
1990-05-03,156.25,156.25,156.25,156.25
1990-05-02,154.0,154.0,154.0,154.0
1990-05-01,152.5,152.5,152.5,152.5
1990-04-30,152.0,152.0,152.0,152.0
1990-04-27,153.0,153.0,153.0,153.0
1990-04-26,155.5,155.5,155.5,155.5
1990-04-25,156.5,156.5,156.5,156.5
1990-04-24,158.0,158.0,158.0,158.0
1990-04-23,157.25,157.25,157.25,157.25
1990-04-20,158.25,158.25,158.25,158.25
1990-04-19,157.5,157.5,157.5,157.5
1990-04-18,158.5,158.5,158.5,158.5
1990-04-17,159.5,159.5,159.5,159.5
1990-04-16,158.5,158.5,158.5,158.5
1990-04-13,158.5,158.5,158.5,158.5
1990-04-12,158.5,158.5,158.5,158.5
1990-04-11,157.25,157.25,157.25,157.25
1990-04-10,158.5,158.5,158.5,158.5
1990-04-09,159.25,159.25,159.25,159.25
1990-04-06,158.5,158.5,158.5,158.5
1990-04-05,159.25,159.25,159.25,159.25
1990-04-04,160.75,160.75,160.75,160.75
1990-04-03,162.25,162.25,162.25,162.25
1990-04-02,161.75,161.75,161.75,161.75
1990-03-30,164.25,164.25,164.25,164.25
1990-03-29,167.0,167.0,167.0,167.0
1990-03-28,168.5,168.5,168.5,168.5
1990-03-27,167.75,167.75,167.75,167.75
1990-03-26,169.0,169.0,169.0,169.0
1990-03-23,168.5,168.5,168.5,168.5
1990-03-22,167.0,167.0,167.0,167.0
1990-03-21,166.0,166.0,166.0,166.0
1990-03-20,167.0,167.0,167.0,167.0
1990-03-19,167.25,167.25,167.25,167.25
1990-03-16,170.0,170.0,170.0,170.0
1990-03-15,167.5,167.5,167.5,167.5
1990-03-14,166.5,166.5,166.5,166.5
1990-03-13,165.5,165.5,165.5,165.5
1990-03-12,166.5,166.5,166.5,166.5
1990-03-09,168.0,168.0,168.0,168.0
1990-03-08,170.5,170.5,170.5,170.5
1990-03-07,169.5,169.5,169.5,169.5
1990-03-06,167.5,167.5,167.5,167.5
1990-03-05,169.0,169.0,169.0,169.0
1990-03-02,170.0,170.0,170.0,170.0
1990-03-01,168.0,168.0,168.0,168.0
1990-02-28,168.5,168.5,168.5,168.5
1990-02-27,168.25,168.25,168.25,168.25
1990-02-26,166.75,166.75,166.75,166.75
1990-02-23,168.0,168.0,168.0,168.0
1990-02-22,170.5,170.5,170.5,170.5
1990-02-21,169.5,169.5,169.5,169.5
1990-02-20,172.0,172.0,172.0,172.0
1990-02-19,173.25,173.25,173.25,173.25
1990-02-16,174.25,174.25,174.25,174.25
1990-02-15,173.25,173.25,173.25,173.25
1990-02-14,171.5,171.5,171.5,171.5
1990-02-13,169.5,169.5,169.5,169.5
1990-02-12,168.75,168.75,168.75,168.75
1990-02-09,170.75,170.75,170.75,170.75
1990-02-08,171.5,171.5,171.5,171.5
1990-02-07,170.5,170.5,170.5,170.5
1990-02-06,172.0,172.0,172.0,172.0
1990-02-05,173.5,173.5,173.5,173.5
1990-02-02,174.0,174.0,174.0,174.0
1990-02-01,172.5,172.5,172.5,172.5
1990-01-31,170.5,170.5,170.5,170.5
1990-01-30,167.0,167.0,167.0,167.0
1990-01-29,167.0,167.0,167.0,167.0
1990-01-26,166.0,166.0,166.0,166.0
1990-01-25,161.0,161.0,161.0,161.0
1990-01-24,157.5,157.5,157.5,157.5
1990-01-23,159.0,159.0,159.0,159.0
1990-01-22,160.5,160.5,160.5,160.5
1990-01-19,164.0,164.0,164.0,164.0
1990-01-18,163.5,163.5,163.5,163.5
1990-01-17,166.0,166.0,166.0,166.0
1990-01-16,164.5,164.5,164.5,164.5
1990-01-15,164.5,164.5,164.5,164.5
1990-01-12,165.5,165.5,165.5,165.5
1990-01-11,168.0,168.0,168.0,168.0
1990-01-10,165.5,165.5,165.5,165.5
1990-01-09,168.0,168.0,168.0,168.0
1990-01-08,168.5,168.5,168.5,168.5
1990-01-05,169.5,169.5,169.5,169.5
1990-01-04,169.5,169.5,169.5,169.5
1990-01-03,169.5,169.5,169.5,169.5
1990-01-02,169.5,169.5,169.5,169.5
1990-01-01,169.0,169.0,169.0,169.0
1989-12-29,169.0,169.0,169.0,169.0
1989-12-28,167.5,167.5,167.5,167.5
1989-12-27,167.0,167.0,167.0,167.0
1989-12-26,163.5,163.5,163.5,163.5
1989-12-25,163.5,163.5,163.5,163.5
1989-12-22,163.5,163.5,163.5,163.5
1989-12-21,164.0,164.0,164.0,164.0
1989-12-20,166.0,166.0,166.0,166.0
1989-12-19,163.5,163.5,163.5,163.5
1989-12-18,163.75,163.75,163.75,163.75
1989-12-15,164.75,164.75,164.75,164.75
1989-12-14,165.5,165.5,165.5,165.5
1989-12-13,170.5,170.5,170.5,170.5
1989-12-12,166.5,166.5,166.5,166.5
1989-12-11,164.5,164.5,164.5,164.5
1989-12-08,166.25,166.25,166.25,166.25
1989-12-07,161.5,161.5,161.5,161.5
1989-12-06,159.25,159.25,159.25,159.25
1989-12-05,158.0,158.0,158.0,158.0
1989-12-04,156.0,156.0,156.0,156.0
1989-12-01,156.25,156.25,156.25,156.25
1989-11-30,154.75,154.75,154.75,154.75
1989-11-29,154.75,154.75,154.75,154.75
1989-11-28,155.25,155.25,155.25,155.25
1989-11-27,155.5,155.5,155.5,155.5
1989-11-24,154.5,154.5,154.5,154.5
1989-11-23,154.75,154.75,154.75,154.75
1989-11-22,151.5,151.5,151.5,151.5
1989-11-21,150.25,150.25,150.25,150.25
1989-11-20,149.0,149.0,149.0,149.0
1989-11-17,149.5,149.5,149.5,149.5
1989-11-16,147.75,147.75,147.75,147.75
1989-11-15,147.25,147.25,147.25,147.25
1989-11-14,147.75,147.75,147.75,147.75
1989-11-13,147.0,147.0,147.0,147.0
1989-11-10,150.5,150.5,150.5,150.5
1989-11-09,148.5,148.5,148.5,148.5
1989-11-08,150.25,150.25,150.25,150.25
1989-11-07,149.25,149.25,149.25,149.25
1989-11-06,149.0,149.0,149.0,149.0
1989-11-03,149.0,149.0,149.0,149.0
1989-11-02,148.5,148.5,148.5,148.5
1989-11-01,148.5,148.5,148.5,148.5
1989-10-31,148.0,148.0,148.0,148.0
1989-10-30,146.0,146.0,146.0,146.0
1989-10-27,143.0,143.0,143.0,143.0
1989-10-26,144.5,144.5,144.5,144.5
1989-10-25,147.5,147.5,147.5,147.5
1989-10-24,147.0,147.0,147.0,147.0
1989-10-23,149.75,149.75,149.75,149.75
1989-10-20,149.5,149.5,149.5,149.5
1989-10-19,149.5,149.5,149.5,149.5
1989-10-18,148.75,148.75,148.75,148.75
1989-10-17,146.0,146.0,146.0,146.0
1989-10-16,149.5,149.5,149.5,149.5
1989-10-13,154.0,154.0,154.0,154.0
1989-10-12,153.75,153.75,153.75,153.75
1989-10-11,153.25,153.25,153.25,153.25
1989-10-10,151.0,151.0,151.0,151.0
1989-10-09,151.0,151.0,151.0,151.0
1989-10-06,150.75,150.75,150.75,150.75
1989-10-05,151.0,151.0,151.0,151.0
1989-10-04,153.0,153.0,153.0,153.0
1989-10-03,153.5,153.5,153.5,153.5
1989-10-02,151.0,151.0,151.0,151.0
1989-09-29,149.25,149.25,149.25,149.25
1989-09-28,149.0,149.0,149.0,149.0
1989-09-27,152.5,152.5,152.5,152.5
1989-09-26,153.0,153.0,153.0,153.0
1989-09-25,154.25,154.25,154.25,154.25
1989-09-22,156.5,156.5,156.5,156.5
1989-09-21,158.0,158.0,158.0,158.0
1989-09-20,157.5,157.5,157.5,157.5
1989-09-19,158.25,158.25,158.25,158.25
1989-09-18,159.25,159.25,159.25,159.25
1989-09-15,157.5,157.5,157.5,157.5
1989-09-14,160.0,160.0,160.0,160.0
1989-09-13,162.5,162.5,162.5,162.5
1989-09-12,159.0,159.0,159.0,159.0
1989-09-11,158.5,158.5,158.5,158.5
1989-09-08,159.5,159.5,159.5,159.5
1989-09-07,154.75,154.75,154.75,154.75
1989-09-06,153.25,153.25,153.25,153.25
1989-09-05,155.0,155.0,155.0,155.0
1989-09-04,152.75,152.75,152.75,152.75
1989-09-01,152.75,152.75,152.75,152.75
1989-08-31,151.75,151.75,151.75,151.75
1989-08-30,151.25,151.25,151.25,151.25
1989-08-29,151.25,151.25,151.25,151.25
1989-08-28,152.75,152.75,152.75,152.75
1989-08-25,152.75,152.75,152.75,152.75
1989-08-24,150.25,150.25,150.25,150.25
1989-08-23,147.25,147.25,147.25,147.25
1989-08-22,145.75,145.75,145.75,145.75
1989-08-21,146.75,146.75,146.75,146.75
1989-08-18,147.25,147.25,147.25,147.25
1989-08-17,147.25,147.25,147.25,147.25
1989-08-16,147.75,147.75,147.75,147.75
1989-08-15,147.25,147.25,147.25,147.25
1989-08-14,147.25,147.25,147.25,147.25
1989-08-11,150.25,150.25,150.25,150.25
1989-08-10,148.0,148.0,148.0,148.0
1989-08-09,148.75,148.75,148.75,148.75
1989-08-08,149.25,149.25,149.25,149.25
1989-08-07,150.5,150.5,150.5,150.5
1989-08-04,149.5,149.5,149.5,149.5
1989-08-03,147.0,147.0,147.0,147.0
1989-08-02,148.25,148.25,148.25,148.25
1989-08-01,148.25,148.25,148.25,148.25
1989-07-31,149.5,149.5,149.5,149.5
1989-07-28,151.0,151.0,151.0,151.0
1989-07-27,150.5,150.5,150.5,150.5
1989-07-26,150.25,150.25,150.25,150.25
1989-07-25,151.75,151.75,151.75,151.75
1989-07-24,152.75,152.75,152.75,152.75
1989-07-21,153.75,153.75,153.75,153.75
1989-07-20,154.5,154.5,154.5,154.5
1989-07-19,154.25,154.25,154.25,154.25
1989-07-18,152.5,152.5,152.5,152.5
1989-07-17,152.25,152.25,152.25,152.25
1989-07-14,150.5,150.5,150.5,150.5
1989-07-13,149.75,149.75,149.75,149.75
1989-07-12,150.25,150.25,150.25,150.25
1989-07-11,150.5,150.5,150.5,150.5
1989-07-10,148.0,148.0,148.0,148.0
1989-07-07,148.5,148.5,148.5,148.5
1989-07-06,146.5,146.5,146.5,146.5
1989-07-05,147.5,147.5,147.5,147.5
1989-07-04,149.75,149.75,149.75,149.75
1989-07-03,149.75,149.75,149.75,149.75
1989-06-30,148.25,148.25,148.25,148.25
1989-06-29,148.5,148.5,148.5,148.5
1989-06-28,151.0,151.0,151.0,151.0
1989-06-27,150.0,150.0,150.0,150.0
1989-06-26,148.0,148.0,148.0,148.0
1989-06-23,146.5,146.5,146.5,146.5
1989-06-22,147.0,147.0,147.0,147.0
1989-06-21,146.75,146.75,146.75,146.75
1989-06-20,146.0,146.0,146.0,146.0
1989-06-19,147.0,147.0,147.0,147.0
1989-06-16,147.0,147.0,147.0,147.0
1989-06-15,147.75,147.75,147.75,147.75
1989-06-14,147.5,147.5,147.5,147.5
1989-06-13,147.5,147.5,147.5,147.5
1989-06-12,147.75,147.75,147.75,147.75
1989-06-09,144.75,144.75,144.75,144.75
1989-06-08,144.75,144.75,144.75,144.75
1989-06-07,143.75,143.75,143.75,143.75
1989-06-06,144.0,144.0,144.0,144.0
1989-06-05,142.75,142.75,142.75,142.75
1989-06-02,143.75,143.75,143.75,143.75
1989-06-01,145.0,145.0,145.0,145.0
1989-05-31,144.75,144.75,144.75,144.75
1989-05-30,144.5,144.5,144.5,144.5
1989-05-29,144.0,144.0,144.0,144.0
1989-05-26,144.0,144.0,144.0,144.0
1989-05-25,143.5,143.5,143.5,143.5
1989-05-24,143.0,143.0,143.0,143.0
1989-05-23,142.75,142.75,142.75,142.75
1989-05-22,143.0,143.0,143.0,143.0
1989-05-19,144.25,144.25,144.25,144.25
1989-05-18,143.5,143.5,143.5,143.5
1989-05-17,142.5,142.5,142.5,142.5
1989-05-16,140.75,140.75,140.75,140.75
1989-05-15,141.5,141.5,141.5,141.5
1989-05-12,141.0,141.0,141.0,141.0
1989-05-11,139.25,139.25,139.25,139.25
1989-05-10,139.25,139.25,139.25,139.25
1989-05-09,140.75,140.75,140.75,140.75
1989-05-08,141.0,141.0,141.0,141.0
1989-05-05,142.0,142.0,142.0,142.0
1989-05-04,141.25,141.25,141.25,141.25
1989-05-03,143.0,143.0,143.0,143.0
1989-05-02,143.75,143.75,143.75,143.75
1989-05-01,145.0,145.0,145.0,145.0
1989-04-28,145.0,145.0,145.0,145.0
1989-04-27,145.0,145.0,145.0,145.0
1989-04-26,142.25,142.25,142.25,142.25
1989-04-25,142.0,142.0,142.0,142.0
1989-04-24,141.75,141.75,141.75,141.75
1989-04-21,141.5,141.5,141.5,141.5
1989-04-20,141.25,141.25,141.25,141.25
1989-04-19,141.75,141.75,141.75,141.75
1989-04-18,139.5,139.5,139.5,139.5
1989-04-17,139.0,139.0,139.0,139.0
1989-04-14,137.25,137.25,137.25,137.25
1989-04-13,134.25,134.25,134.25,134.25
1989-04-12,137.25,137.25,137.25,137.25
1989-04-11,137.5,137.5,137.5,137.5
1989-04-10,137.5,137.5,137.5,137.5
1989-04-07,138.75,138.75,138.75,138.75
1989-04-06,139.75,139.75,139.75,139.75
1989-04-05,142.25,142.25,142.25,142.25
1989-04-04,142.0,142.0,142.0,142.0
1989-04-03,143.0,143.0,143.0,143.0
1989-03-31,143.25,143.25,143.25,143.25
1989-03-30,141.0,141.0,141.0,141.0
1989-03-29,144.5,144.5,144.5,144.5
1989-03-28,145.25,145.25,145.25,145.25
1989-03-27,144.75,144.75,144.75,144.75
1989-03-24,144.75,144.75,144.75,144.75
1989-03-23,144.75,144.75,144.75,144.75
1989-03-22,144.0,144.0,144.0,144.0
1989-03-21,145.0,145.0,145.0,145.0
1989-03-20,144.5,144.5,144.5,144.5
1989-03-17,146.75,146.75,146.75,146.75
1989-03-16,146.5,146.5,146.5,146.5
1989-03-15,143.5,143.5,143.5,143.5
1989-03-14,139.5,139.5,139.5,139.5
1989-03-13,137.75,137.75,137.75,137.75
1989-03-10,135.25,135.25,135.25,135.25
1989-03-09,138.0,138.0,138.0,138.0
1989-03-08,137.25,137.25,137.25,137.25
1989-03-07,138.0,138.0,138.0,138.0
1989-03-06,134.5,134.5,134.5,134.5
1989-03-03,132.0,132.0,132.0,132.0
1989-03-02,131.0,131.0,131.0,131.0
1989-03-01,129.75,129.75,129.75,129.75
1989-02-28,129.25,129.25,129.25,129.25
1989-02-27,130.75,130.75,130.75,130.75
1989-02-24,136.25,136.25,136.25,136.25
1989-02-23,135.25,135.25,135.25,135.25
1989-02-22,136.0,136.0,136.0,136.0
1989-02-21,137.0,137.0,137.0,137.0
1989-02-20,137.0,137.0,137.0,137.0
1989-02-17,136.0,136.0,136.0,136.0
1989-02-16,135.75,135.75,135.75,135.75
1989-02-15,137.5,137.5,137.5,137.5
1989-02-14,137.5,137.5,137.5,137.5
1989-02-13,136.25,136.25,136.25,136.25
1989-02-10,136.75,136.75,136.75,136.75
1989-02-09,137.25,137.25,137.25,137.25
1989-02-08,137.5,137.5,137.5,137.5
1989-02-07,137.0,137.0,137.0,137.0
1989-02-06,135.75,135.75,135.75,135.75
1989-02-03,138.0,138.0,138.0,138.0
1989-02-02,137.25,137.25,137.25,137.25
1989-02-01,139.25,139.25,139.25,139.25
1989-01-31,140.75,140.75,140.75,140.75
1989-01-30,138.5,138.5,138.5,138.5
1989-01-27,136.0,136.0,136.0,136.0
1989-01-26,134.25,134.25,134.25,134.25
1989-01-25,133.0,133.0,133.0,133.0
1989-01-24,133.5,133.5,133.5,133.5
1989-01-23,134.25,134.25,134.25,134.25
1989-01-20,134.5,134.5,134.5,134.5
1989-01-19,132.5,132.5,132.5,132.5
1989-01-18,129.5,129.5,129.5,129.5
1989-01-17,128.5,128.5,128.5,128.5
1989-01-16,129.75,129.75,129.75,129.75
1989-01-13,128.25,128.25,128.25,128.25
1989-01-12,128.5,128.5,128.5,128.5
1989-01-11,127.0,127.0,127.0,127.0
1989-01-10,126.5,126.5,126.5,126.5
1989-01-09,126.5,126.5,126.5,126.5
1989-01-06,125.5,125.5,125.5,125.5
1989-01-05,124.5,124.5,124.5,124.5
1989-01-04,125.0,125.0,125.0,125.0
1989-01-03,126.0,126.0,126.0,126.0
1989-01-02,124.5,124.5,124.5,124.5
1988-12-30,124.5,124.5,124.5,124.5
1988-12-29,125.75,125.75,125.75,125.75
1988-12-28,125.75,125.75,125.75,125.75
1988-12-27,125.0,125.0,125.0,125.0
1988-12-26,125.0,125.0,125.0,125.0
1988-12-23,125.0,125.0,125.0,125.0
1988-12-22,124.75,124.75,124.75,124.75
1988-12-21,127.0,127.0,127.0,127.0
1988-12-20,128.0,128.0,128.0,128.0
1988-12-19,128.25,128.25,128.25,128.25
1988-12-16,129.75,129.75,129.75,129.75
1988-12-15,128.5,128.5,128.5,128.5
1988-12-14,129.5,129.5,129.5,129.5
1988-12-13,126.5,126.5,126.5,126.5
1988-12-12,125.25,125.25,125.25,125.25
1988-12-09,124.0,124.0,124.0,124.0
1988-12-08,122.0,122.0,122.0,122.0
1988-12-07,122.75,122.75,122.75,122.75
1988-12-06,122.5,122.5,122.5,122.5
1988-12-05,121.75,121.75,121.75,121.75
1988-12-02,121.5,121.5,121.5,121.5
1988-12-01,122.25,122.25,122.25,122.25
1988-11-30,122.75,122.75,122.75,122.75
1988-11-29,122.5,122.5,122.5,122.5
1988-11-28,123.0,123.0,123.0,123.0
1988-11-25,123.75,123.75,123.75,123.75
1988-11-24,125.0,125.0,125.0,125.0
1988-11-23,123.5,123.5,123.5,123.5
1988-11-22,122.75,122.75,122.75,122.75
1988-11-21,121.5,121.5,121.5,121.5
1988-11-18,123.5,123.5,123.5,123.5
1988-11-17,123.75,123.75,123.75,123.75
1988-11-16,122.5,122.5,122.5,122.5
1988-11-15,122.75,122.75,122.75,122.75
1988-11-14,123.25,123.25,123.25,123.25
1988-11-11,123.5,123.5,123.5,123.5
1988-11-10,125.75,125.75,125.75,125.75
1988-11-09,124.5,124.5,124.5,124.5
1988-11-08,125.0,125.0,125.0,125.0
1988-11-07,123.0,123.0,123.0,123.0
1988-11-04,123.5,123.5,123.5,123.5
1988-11-03,122.5,122.5,122.5,122.5
1988-11-02,122.25,122.25,122.25,122.25
1988-11-01,122.0,122.0,122.0,122.0
1988-10-31,121.75,121.75,121.75,121.75
1988-10-28,122.5,122.5,122.5,122.5
1988-10-27,122.0,122.0,122.0,122.0
1988-10-26,122.0,122.0,122.0,122.0
1988-10-25,121.5,121.5,121.5,121.5
1988-10-24,120.75,120.75,120.75,120.75
1988-10-21,121.5,121.5,121.5,121.5
1988-10-20,122.25,122.25,122.25,122.25
1988-10-19,123.0,123.0,123.0,123.0
1988-10-18,123.5,123.5,123.5,123.5
1988-10-17,123.0,123.0,123.0,123.0
1988-10-14,121.0,121.0,121.0,121.0
1988-10-13,117.75,117.75,117.75,117.75
1988-10-12,117.25,117.25,117.25,117.25
1988-10-11,119.0,119.0,119.0,119.0
1988-10-10,119.75,119.75,119.75,119.75
1988-10-07,120.25,120.25,120.25,120.25
1988-10-06,121.0,121.0,121.0,121.0
1988-10-05,119.25,119.25,119.25,119.25
1988-10-04,118.5,118.5,118.5,118.5
1988-10-03,118.5,118.5,118.5,118.5
1988-09-30,121.25,121.25,121.25,121.25
1988-09-29,123.0,123.0,123.0,123.0
1988-09-28,121.0,121.0,121.0,121.0
1988-09-27,124.0,124.0,124.0,124.0
1988-09-26,123.5,123.5,123.5,123.5
1988-09-23,123.5,123.5,123.5,123.5
1988-09-22,124.0,124.0,124.0,124.0
1988-09-21,124.25,124.25,124.25,124.25
1988-09-20,123.25,123.25,123.25,123.25
1988-09-19,123.0,123.0,123.0,123.0
1988-09-16,123.5,123.5,123.5,123.5
1988-09-15,123.0,123.0,123.0,123.0
1988-09-14,120.25,120.25,120.25,120.25
1988-09-13,120.25,120.25,120.25,120.25
1988-09-12,119.25,119.25,119.25,119.25
1988-09-09,118.25,118.25,118.25,118.25
1988-09-08,118.75,118.75,118.75,118.75
1988-09-07,119.5,119.5,119.5,119.5
1988-09-06,122.75,122.75,122.75,122.75
1988-09-05,122.75,122.75,122.75,122.75
1988-09-02,121.25,121.25,121.25,121.25
1988-09-01,119.0,119.0,119.0,119.0
1988-08-31,119.25,119.25,119.25,119.25
1988-08-30,119.25,119.25,119.25,119.25
1988-08-29,119.5,119.5,119.5,119.5
1988-08-26,119.5,119.5,119.5,119.5
1988-08-25,120.25,120.25,120.25,120.25
1988-08-24,123.0,123.0,123.0,123.0
1988-08-23,124.0,124.0,124.0,124.0
1988-08-22,124.75,124.75,124.75,124.75
1988-08-19,125.0,125.0,125.0,125.0
1988-08-18,123.5,123.5,123.5,123.5
1988-08-17,123.5,123.5,123.5,123.5
1988-08-16,123.5,123.5,123.5,123.5
1988-08-15,123.5,123.5,123.5,123.5
1988-08-12,129.5,129.5,129.5,129.5
1988-08-11,129.5,129.5,129.5,129.5
1988-08-10,127.75,127.75,127.75,127.75
1988-08-09,130.0,130.0,130.0,130.0
1988-08-08,128.5,128.5,128.5,128.5
1988-08-05,129.0,129.0,129.0,129.0
1988-08-04,129.5,129.5,129.5,129.5
1988-08-03,129.75,129.75,129.75,129.75
1988-08-02,129.5,129.5,129.5,129.5
1988-08-01,130.0,130.0,130.0,130.0
1988-07-29,129.75,129.75,129.75,129.75
1988-07-28,128.75,128.75,128.75,128.75
1988-07-27,129.0,129.0,129.0,129.0
1988-07-26,128.5,128.5,128.5,128.5
1988-07-25,129.0,129.0,129.0,129.0
1988-07-22,128.5,128.5,128.5,128.5
1988-07-21,131.0,131.0,131.0,131.0
1988-07-20,132.5,132.5,132.5,132.5
1988-07-19,129.0,129.0,129.0,129.0
1988-07-18,130.0,130.0,130.0,130.0
1988-07-15,129.0,129.0,129.0,129.0
1988-07-14,129.0,129.0,129.0,129.0
1988-07-13,130.0,130.0,130.0,130.0
1988-07-12,130.0,130.0,130.0,130.0
1988-07-11,132.5,132.5,132.5,132.5
1988-07-08,132.5,132.5,132.5,132.5
1988-07-07,130.5,130.5,130.5,130.5
1988-07-06,131.5,131.5,131.5,131.5
1988-07-05,128.0,128.0,128.0,128.0
1988-07-04,126.0,126.0,126.0,126.0
1988-07-01,126.0,126.0,126.0,126.0
