designation,parallax,ag_gspphot,ag_gspphot_lower,ag_gspphot_upper,target_id,target_ra,target_dec,target_parallax,target_pm_ra,target_pm_dec,target_radial_velocity,epoch,target_separation (deg)
Gaia DR3 51460756250025088,7.274832361141681,0.3694,0.3145,0.4341,Gaia DR3 51460756250025088,59.27159729774465,20.737765944610018,7.2748,17.8701,-44.3687,0.0,2016.0,1.3756806966055326E-14
Gaia DR3 51616268426009472,7.435143270986129,1.7871,1.7743,1.7998,Gaia DR3 51616268426009472,58.42931576767859,20.83327996686479,7.4351,19.8516,-45.5223,15.4159,2016.0,0.0
Gaia DR3 51619120284286976,7.312472679577789,0.5984,0.5783,0.6111,Gaia DR3 51619120284286976,58.370325759330775,20.907165340115196,7.3125,19.219,-44.5841,-5.8158,2016.0,1.3742378762347665E-14
Gaia DR3 51677669278703104,7.545966627408137,0.6029,0.5961,0.6099,Gaia DR3 51677669278703104,59.09302532017071,21.12119347943441,7.546,19.2877,-46.8227,0.0,2016.0,1.3723990703538256E-14
Gaia DR3 51694746068624128,7.336126720514977,0.1916,0.1872,0.2075,Gaia DR3 51694746068624128,59.590166928688234,21.25746893772874,7.3361,17.6643,-44.9402,7.0878,2016.0,6.6219784488025185E-15
Gaia DR3 51750748145042176,7.7338647880270175,0.5779,0.5629,0.5944,Gaia DR3 51750748145042176,58.76511398735089,21.51922943290343,7.7339,20.8379,-49.0239,0.0,2016.0,7.105427357601002E-15
Gaia DR3 51765595848971648,7.206987481677237,0.6878,0.6751,0.6997,Gaia DR3 51765595848971648,59.29092419571437,21.60740677159657,7.207,18.3159,-43.9548,0.0,2016.0,3.552713678800501E-15
Gaia DR3 53212205256173824,7.165017013439219,0.7313,0.7168,0.7465,Gaia DR3 53212205256173824,59.872244943099595,21.66544844649711,7.165,17.9599,-43.0346,0.0,2016.0,0.0
Gaia DR3 53296592774129920,7.344856422396257,0.5318,0.4995,0.5542,Gaia DR3 53296592774129920,59.45576360635641,22.141790980091187,7.3449,19.2693,-47.2083,0.0,2016.0,6.5814302995497135E-15
Gaia DR3 53335045618385536,7.460595639590168,0.1533,0.1485,0.1579,Gaia DR3 53335045618385536,59.84548312183911,22.57116993056076,7.4606,17.9526,-45.4821,-2.3927,2016.0,6.5611762765019286E-15
Gaia DR3 53465573967635456,7.519127412921546,1.7383,1.7207,1.7557,Gaia DR3 53465573967635456,60.46233984710201,22.98754147358761,7.5191,19.0722,-46.847,0.0,2016.0,1.308236780300898E-14
Gaia DR3 58259414601023744,7.4466370369517705,0.6522,0.6377,0.6679,Gaia DR3 58259414601023744,54.2953225979299,21.20261253435869,7.4466,21.3899,-44.7065,0.0,2016.0,6.6244418742141696E-15
Gaia DR3 61554650949438208,7.557450189996425,0.1367,0.131,0.1431,Gaia DR3 61554650949438208,53.2743726860314,22.13404726062533,7.5575,22.1827,-45.9754,5.7336,2016.0,0.0
Gaia DR3 63144716561596288,7.454719787942149,0.1679,0.1625,0.173,Gaia DR3 63144716561596288,55.62454628502239,20.149791610366815,7.4547,20.002,-44.8083,6.6084,2016.0,3.552713678800501E-15
Gaia DR3 63289920816208768,7.33271113773573,0.2813,0.2754,0.2867,Gaia DR3 63289920816208768,56.5806826142567,20.879588727250898,7.3327,20.2612,-44.1498,8.3321,2016.0,6.638824606708291E-15
Gaia DR3 63378981257953152,7.324592059063448,0.0867,0.0809,0.0933,Gaia DR3 63378981257953152,56.18698962050891,20.74779526765138,7.3246,21.1586,-43.0328,10.3654,2016.0,3.552713678800501E-15
Gaia DR3 63391178965446656,7.478133274099747,0.7025,0.6913,0.7135,Gaia DR3 63391178965446656,55.62382697122326,20.810895062445955,7.4781,19.6353,-46.7462,0.0,2016.0,7.532332033987586E-15
Gaia DR3 63410622280810368,7.484052999092938,0.8512,0.7445,0.8864,Gaia DR3 63410622280810368,55.212854271741854,20.687988090540305,7.4841,19.5559,-45.2139,0.0,2016.0,3.552713678800501E-15
Gaia DR3 63436396380626688,7.589501273110353,0.691,0.6818,0.6997,Gaia DR3 63436396380626688,55.14725093305028,20.965557633826194,7.5895,21.3916,-45.2077,27.1723,2016.0,0.0
Gaia DR3 63449521800719488,7.661183575372759,0.6901,0.6717,0.7047,Gaia DR3 63449521800719488,55.77398249072309,21.030219725596368,7.6612,19.3687,-46.2832,0.0,2016.0,7.52376952056713E-15
Gaia DR3 63478654562505344,7.505853364929359,0.2329,0.1539,0.2921,Gaia DR3 63478654562505344,56.16601868534902,20.911617070719334,7.5059,20.5991,-47.9216,0.0,2016.0,3.552713678800501E-15
Gaia DR3 63502259702709888,7.7480712178475075,,,,Gaia DR3 63502259702709888,56.383382651277834,21.246480352393984,7.7481,20.6528,-47.7621,1.5677,2016.0,6.622472397237775E-15
Gaia DR3 63502745034164736,7.30186058491228,0.6713,0.6057,0.7088,Gaia DR3 63502745034164736,56.29806820079618,21.241338325221804,7.3019,20.3664,-46.219,0.0,2016.0,3.552713678800501E-15
Gaia DR3 63507860340462208,7.589614071222587,0.4308,0.3608,0.4991,Gaia DR3 63507860340462208,56.5930615707514,21.088765008123044,7.5896,20.472,-46.5523,0.0,2016.0,9.717912971769701E-15
Gaia DR3 63527827643105408,7.234548479116474,0.1807,0.122,0.2439,Gaia DR3 63527827643105408,56.53254973940973,21.345158750529677,7.2345,19.0091,-45.0636,0.0,2016.0,6.6180279738905535E-15
Gaia DR3 63547270960574336,7.436217258402496,0.546,0.5402,0.5525,Gaia DR3 63547270960574336,56.002772277578515,21.281872338918273,7.4362,20.1479,-46.0196,11.3832,2016.0,9.712011022879744E-15
Gaia DR3 63547378335443200,7.693350581828351,0.1662,0.152,0.1841,Gaia DR3 63547378335443200,55.81130298910235,21.15257986214585,7.6934,21.8184,-47.0068,6.4288,2016.0,0.0
Gaia DR3 63585036608738048,7.786119609386528,0.7017,0.6898,0.7131,Gaia DR3 63585036608738048,56.22036355889966,21.57101441962209,7.7861,21.3184,-47.1284,0.0,2016.0,0.0
Gaia DR3 63589743893287936,7.549210863325092,0.7537,0.7007,0.7934,Gaia DR3 63589743893287936,56.56707190515839,21.685964591098188,7.5492,20.5544,-44.1,0.0,2016.0,6.6025273663421996E-15
Gaia DR3 63627264728628224,7.287873038911874,,,,Gaia DR3 63627264728628224,57.81933478424535,21.059534771691627,7.2879,19.4787,-44.7289,0.0,2016.0,0.0
Gaia DR3 63632178171114624,7.384702800891043,0.6806,0.6726,0.6893,Gaia DR3 63632178171114624,57.46000788790077,20.96651689252344,7.3847,19.6407,-45.2354,0.0,2016.0,0.0
Gaia DR3 63705433133130368,7.137253476855223,,,,Gaia DR3 63705433133130368,57.20100053548862,21.41108489367433,7.1373,19.1694,-43.504,0.0,2016.0,6.615047755759132E-15
Gaia DR3 63717665199974016,7.557019272421872,0.7188,0.7079,0.7293,Gaia DR3 63717665199974016,57.34390172015998,21.632098141735444,7.557,20.4081,-46.356,0.0,2016.0,3.552713678800501E-15
Gaia DR3 63773774653147904,7.149206756696743,0.6857,0.6796,0.6917,Gaia DR3 63773774653147904,58.19032854954304,21.688685952062063,7.1492,17.8754,-44.3711,0.0,2016.0,0.0
Gaia DR3 63786625195137664,7.640420083089255,,,,Gaia DR3 63786625195137664,58.267618809481064,21.88980803819835,7.6404,19.8774,-47.9577,0.0,2016.0,1.3656499859390639E-14
Gaia DR3 63795455648004608,7.257017840659242,0.5137,0.4937,0.5326,Gaia DR3 63795455648004608,58.645059539912566,21.88371044606809,7.257,18.8709,-44.5501,22.4802,2016.0,1.318685262950118E-14
Gaia DR3 63824901943723392,7.3591452377643,0.8115,0.7945,0.8272,Gaia DR3 63824901943723392,58.01832823927351,21.760705033269936,7.3591,18.177,-44.5229,0.0,2016.0,3.552713678800501E-15
Gaia DR3 63826070174824192,7.520908413838251,0.6375,0.6279,0.646,Gaia DR3 63826070174824192,57.96492519317743,21.821211162958722,7.5209,20.6843,-45.1161,0.0,2016.0,0.0
Gaia DR3 63826448131945984,7.463877991507574,0.6309,0.6204,0.644,Gaia DR3 63826448131945984,57.9663345193002,21.822564566552924,7.4639,20.3863,-45.6428,0.0,2016.0,0.0
Gaia DR3 63849572235829248,7.293487191777333,0.4228,0.206,0.4886,Gaia DR3 63849572235829248,57.849549024507716,22.11318468183651,7.2935,18.7209,-44.617,5.5823,2016.0,6.582766552850728E-15
Gaia DR3 63884584809145600,7.425312317573574,0.5942,0.5877,0.6006,Gaia DR3 63884584809145600,58.23743741144484,22.43351088238098,7.4253,18.8121,-45.9708,-7.837,2016.0,7.46703340924833E-15
Gaia DR3 63889085934846208,7.639202700746432,0.7461,0.7189,0.7749,Gaia DR3 63889085934846208,58.472251631731964,22.510271900178736,7.6392,20.7539,-47.2662,0.0,2016.0,7.463833248327036E-15
Gaia DR3 63892006512622848,7.4162821627048805,0.6198,0.6135,0.6256,Gaia DR3 63892006512622848,58.21556121209022,22.525604769152533,7.4163,18.9984,-46.564,0.0,2016.0,3.552713678800501E-15
Gaia DR3 63916431989200256,7.637128618750358,0.1118,0.1063,0.1178,Gaia DR3 63916431989200256,56.89244333570318,21.746606304672703,7.6371,19.0647,-46.1621,7.1419,2016.0,3.552713678800501E-15
Gaia DR3 63923205154013312,7.718484158889624,0.7686,0.7313,0.8034,Gaia DR3 63923205154013312,56.9207509878919,21.817916787557156,7.7185,20.9733,-46.9808,0.0,2016.0,3.552713678800501E-15
Gaia DR3 63937700667501184,7.744726504099485,0.7096,0.6949,0.7233,Gaia DR3 63937700667501184,57.26243407904011,21.91285584411192,7.7447,20.125,-48.4267,0.0,2016.0,3.552713678800501E-15
Gaia DR3 63940208928422656,7.693911888971305,0.7494,0.7314,0.7718,Gaia DR3 63940208928422656,57.42386029705321,21.938530141788128,7.6939,18.4963,-45.1321,0.0,2016.0,0.0
Gaia DR3 63953819680971008,7.598022917417946,0.6297,0.6194,0.6402,Gaia DR3 63953819680971008,57.07348073664716,22.066808749749143,7.598,20.284,-45.302,0.0,2016.0,7.482183459362542E-15
Gaia DR3 63959351598814336,6.972454206976809,0.6424,0.6345,0.6528,Gaia DR3 63959351598814336,57.451898858678085,22.17997112385835,6.9725,18.3935,-42.2956,0.0,2016.0,3.552713678800501E-15
Gaia DR3 63989691247627776,7.595165178454831,0.72,0.6981,0.7441,Gaia DR3 63989691247627776,56.413086086113154,22.072941790439312,7.5952,20.3007,-45.655,0.0,2016.0,3.552713678800501E-15
Gaia DR3 63995562466405760,7.066697909247392,0.7166,0.6996,0.7369,Gaia DR3 63995562466405760,56.70921754523774,22.211633483804448,7.0667,20.7403,-44.1409,0.0,2016.0,0.0
Gaia DR3 63999999169130112,7.432473633593599,0.8291,0.8128,0.8695,Gaia DR3 63999999169130112,56.630577272862354,22.305310419986274,7.4325,19.5437,-46.4129,0.0,2016.0,6.5737605210234986E-15
Gaia DR3 64001339197473408,7.598836153417365,,,,Gaia DR3 64001339197473408,56.99190698106537,22.113993975562888,7.5988,19.9835,-46.4998,0.0,2016.0,3.552713678800501E-15
Gaia DR3 64006905476619776,7.121282586312011,0.087,0.0662,0.1027,Gaia DR3 64006905476619776,56.84689444035548,22.244354276021415,7.1213,19.5652,-44.0755,1.1517,2016.0,0.0
Gaia DR3 64007244778181248,7.267899589037527,0.8483,0.7817,0.9691,Gaia DR3 64007244778181248,56.93617517454737,22.212093026243476,7.2679,19.7448,-44.9063,0.0,2016.0,3.552713678800501E-15
Gaia DR3 64021714523841280,7.3267714619524815,0.7913,0.7792,0.808,Gaia DR3 64021714523841280,56.83519780827224,22.365563362379287,7.3268,19.4719,-46.2543,0.0,2016.0,7.469857819135086E-15
Gaia DR3 64024081049308800,7.389174547498765,0.792,0.76,0.8521,Gaia DR3 64024081049308800,56.66922521710204,22.367526920156397,7.3892,19.2357,-44.282,0.0,2016.0,6.570828229114868E-15
Gaia DR3 64027143362491008,7.551832932850046,0.7005,0.6887,0.7211,Gaia DR3 64027143362491008,56.93624264298835,22.397962763767943,7.5518,21.0571,-46.6731,0.0,2016.0,3.552713678800501E-15
Gaia DR3 64032503481665280,7.412149673861739,0.6831,0.6687,0.6973,Gaia DR3 64032503481665280,56.843674396417384,22.519560464164275,7.4121,20.5745,-45.5204,0.0,2016.0,0.0
Gaia DR3 64037588724758400,6.946839356563111,0.6508,0.64,0.6652,Gaia DR3 64037588724758400,57.633191798463365,22.146378224514084,6.9468,18.114,-41.3626,0.0,2016.0,0.0
Gaia DR3 64040818540162304,7.282447165460064,0.1168,0.1126,0.1217,Gaia DR3 64040818540162304,57.595542606765434,22.188131148359005,7.2824,17.1543,-46.2665,2.4559,2016.0,0.0
Gaia DR3 64050645425295872,7.434510624162738,0.5575,0.5526,0.5624,Gaia DR3 64050645425295872,57.76638978663602,22.404544971048768,7.4345,19.3421,-45.9964,9.1435,2016.0,7.105427357601002E-15
Gaia DR3 64057895330132224,7.124079011263999,0.8902,0.8698,0.9144,Gaia DR3 64057895330132224,57.356540141478256,22.312209187153343,7.1241,19.5567,-44.4279,0.0,2016.0,9.679729109769206E-15
Gaia DR3 64059407158605568,7.399756837891425,0.7319,0.7126,0.7538,Gaia DR3 64059407158605568,57.39781407380614,22.39046720119339,7.3998,19.4713,-45.0015,0.0,2016.0,6.5697450879952725E-15
Gaia DR3 64064011363520512,7.127754129770755,0.6775,0.6683,0.6869,Gaia DR3 64064011363520512,57.65595238915255,22.468747646826063,7.1278,19.8999,-44.3445,0.0,2016.0,3.552713678800501E-15
Gaia DR3 64066107307543296,7.265606256190289,0.2194,0.2046,0.2363,Gaia DR3 64066107307543296,57.7244693872803,22.547865345919984,7.2656,17.8734,-45.1225,4.6151,2016.0,0.0
Gaia DR3 64073597730589952,6.975558093691786,0.5302,0.5202,0.5407,Gaia DR3 64073597730589952,58.14369484776731,22.50195524647832,6.9756,19.2108,-42.477,-22.3794,2016.0,0.0
Gaia DR3 64078167575681152,7.516364021774598,0.509,0.5049,0.5132,Gaia DR3 64078167575681152,58.02330445629013,22.5818520695269,7.5164,18.648,-45.6305,25.0137,2016.0,7.460840103596687E-15
Gaia DR3 64092907903452800,7.500111920385244,0.6984,0.6843,0.712,Gaia DR3 64092907903452800,57.77559689630136,22.633376347393465,7.5001,20.8825,-45.9054,0.0,2016.0,3.552713678800501E-15
Gaia DR3 64094041774819328,7.3085612644205,0.7106,0.6621,0.7509,Gaia DR3 64094041774819328,57.71451144364131,22.665930023557202,7.3086,18.1731,-45.3361,0.0,2016.0,7.457313312432263E-15
Gaia DR3 64095656682494720,7.284987335263736,0.1633,0.1095,0.1819,Gaia DR3 64095656682494720,57.91274273726911,22.750074669732147,7.285,19.6045,-45.5967,6.2061,2016.0,3.552713678800501E-15
Gaia DR3 64103009666497024,7.430605491985016,0.4439,0.4383,0.4487,Gaia DR3 64103009666497024,57.849313048424804,22.841272958150647,7.4306,19.6418,-44.989,8.1789,2016.0,0.0
Gaia DR3 64104933811828480,7.315539042944565,0.622,0.6161,0.6284,Gaia DR3 64104933811828480,57.96086681799793,22.89551471851388,7.3155,18.2409,-44.8732,0.0,2016.0,7.447622310302974E-15
Gaia DR3 64109915973846528,7.295865291844413,0.1659,0.1602,0.1712,Gaia DR3 64109915973846528,57.409171523077866,22.53328562479943,7.2959,18.2184,-44.5688,0.0,2016.0,7.462871867107482E-15
Gaia DR3 64114245300877184,7.455976057919426,0.4848,0.4804,0.4909,Gaia DR3 64114245300877184,57.29700152037766,22.609258005731753,7.456,21.0572,-47.3095,5.3181,2016.0,3.552713678800501E-15
Gaia DR3 64117062799542016,7.159865534412515,0.6595,0.6513,0.6677,Gaia DR3 64117062799542016,57.591906954505056,22.62549947941777,7.1599,18.443,-42.4443,0.0,2016.0,3.552713678800501E-15
Gaia DR3 64117784354039040,6.984690129678826,0.5324,0.5152,0.5503,Gaia DR3 64117784354039040,57.60500935965606,22.675354364650342,6.9847,17.9061,-43.8248,0.0,2016.0,0.0
Gaia DR3 64128294135554688,7.267997117214958,0.6334,0.6211,0.6432,Gaia DR3 64128294135554688,57.02388607490692,22.635778085249903,7.268,19.4822,-45.4455,0.0,2016.0,6.558096755016304E-15
Gaia DR3 64129294866302336,7.334420448765222,0.6791,0.6642,0.6952,Gaia DR3 64129294866302336,56.97574688018189,22.656941491685657,7.3344,21.157,-46.7833,0.0,2016.0,6.557086196501867E-15
Gaia DR3 64136063734692224,7.470198853658967,0.6152,0.604,0.6274,Gaia DR3 64136063734692224,57.361046520859134,22.848352698939507,7.4702,19.0374,-45.8792,0.0,2016.0,1.35691579512869E-14
Gaia DR3 64157023175179776,7.370749551185829,0.7518,0.7346,0.7687,Gaia DR3 64157023175179776,57.83246207983878,23.067645295503368,7.3707,19.2327,-43.4137,0.0,2016.0,6.537298005334648E-15
Gaia DR3 64160940185240064,7.173085965990723,0.7419,0.7289,0.7566,Gaia DR3 64160940185240064,57.57335850579678,22.932883365855528,7.1731,18.9712,-42.7727,0.0,2016.0,3.552713678800501E-15
Gaia DR3 64163242287720448,7.353422098732257,0.8229,0.7936,0.8404,Gaia DR3 64163242287720448,57.421773552617374,22.944500325032784,7.3534,19.5129,-44.8561,0.0,2016.0,3.552713678800501E-15
Gaia DR3 64168705486089216,7.249398579166355,0.6524,0.6396,0.6653,Gaia DR3 64168705486089216,57.6160313902337,23.06512486371312,7.2494,18.2654,-44.0968,0.0,2016.0,0.0
Gaia DR3 64174546641593984,7.301312904999704,0.5714,0.566,0.5766,Gaia DR3 64174546641593984,57.66222912452411,23.21722758953147,7.3013,18.2649,-45.3765,0.0,2016.0,3.552713678800501E-15
Gaia DR3 64215125490886656,7.335249178807896,0.8309,0.8196,0.842,Gaia DR3 64215125490886656,55.2058631607871,21.21523008243146,7.3352,20.5628,-43.7686,0.0,2016.0,7.516482227294657E-15
Gaia DR3 64232271000313472,7.171304722852725,1.213,1.1932,1.234,Gaia DR3 64232271000313472,55.15764956916067,21.40611667943829,7.1713,19.8494,-44.2826,0.0,2016.0,3.552713678800501E-15
Gaia DR3 64250477365329536,7.482267098947411,0.2929,0.2888,0.2973,Gaia DR3 64250477365329536,54.53675116931428,21.246791939181502,7.4823,20.7912,-45.2678,36.1179,2016.0,3.552713678800501E-15
Gaia DR3 64259518272776576,7.499861696290614,0.6881,0.6739,0.7006,Gaia DR3 64259518272776576,54.764638768320864,21.42208398595951,7.4999,21.5101,-45.6266,0.0,2016.0,3.552713678800501E-15
Gaia DR3 64272128296706432,7.404830067593029,0.1331,0.1283,0.1387,Gaia DR3 64272128296706432,54.301389030023266,21.46795287013027,7.4048,21.3956,-45.1554,6.1359,2016.0,1.5012865645099704E-14
Gaia DR3 64276315888567424,7.363461148744048,0.2645,0.2566,0.2727,Gaia DR3 64276315888567424,54.62432671280883,21.56488406650005,7.3635,19.5297,-45.2109,6.2814,2016.0,0.0
Gaia DR3 64331123967672448,7.450155858497535,0.9482,0.9378,0.9582,Gaia DR3 64331123967672448,55.63799159070933,21.704494346750018,7.4502,20.5387,-45.7229,0.0,2016.0,3.552713678800501E-15
Gaia DR3 64346276612274816,7.60031218737857,0.7687,0.7437,0.7844,Gaia DR3 64346276612274816,55.684889188557875,21.853444783997144,7.6003,20.813,-46.6069,0.0,2016.0,7.490893320893794E-15
Gaia DR3 64387439578878208,7.241694888294129,0.7995,0.7626,0.8374,Gaia DR3 64387439578878208,55.19923341453408,21.722581796415753,7.2417,20.9159,-45.342,0.0,2016.0,0.0
Gaia DR3 64401389632616960,7.300314696756316,1.1554,1.1431,1.17,Gaia DR3 64401389632616960,55.34784133301275,22.031509901246583,7.3003,19.5048,-44.1429,0.0,2016.0,3.552713678800501E-15
Gaia DR3 64430939007563520,7.592745502178547,0.6812,0.6641,0.6955,Gaia DR3 64430939007563520,55.544263544796216,22.301387062127162,7.5927,21.5597,-49.0452,0.0,2016.0,6.573945170885006E-15
Gaia DR3 64433924008996224,7.3240443819797765,0.8473,0.8185,0.8664,Gaia DR3 64433924008996224,55.77717985381962,22.296885504686884,7.324,21.3364,-45.5237,0.0,2016.0,0.0
Gaia DR3 64438841747360768,7.451832197267993,0.4816,0.4729,0.4884,Gaia DR3 64438841747360768,55.749067726136026,22.424067531711877,7.4518,21.4074,-44.3903,7.3612,2016.0,6.5681567243900405E-15
Gaia DR3 64441143849872512,7.502620664779662,0.7424,0.6983,0.7942,Gaia DR3 64441143849872512,55.411994972363985,22.27773027977489,7.5026,21.008,-44.6035,0.0,2016.0,0.0
Gaia DR3 64445988572906752,7.315890465343226,0.6079,0.59,0.6184,Gaia DR3 64445988572906752,55.22943355100129,22.349516222822036,7.3159,20.1398,-44.1354,-54.1285,2016.0,0.0
Gaia DR3 64449321467581056,7.5227639640978365,0.7654,0.7533,0.7781,Gaia DR3 64449321467581056,55.50707154580541,22.39060459879524,7.5228,21.5045,-46.9088,0.0,2016.0,0.0
Gaia DR3 64453685154291968,7.48747040106267,0.7688,0.7528,0.7851,Gaia DR3 64453685154291968,55.43784879484009,22.46704884658764,7.4875,20.4846,-45.3384,0.0,2016.0,0.0
Gaia DR3 64453887017111808,7.375999275620265,0.7286,0.7102,0.7483,Gaia DR3 64453887017111808,55.45675204081487,22.49340284922183,7.376,21.2078,-46.0472,0.0,2016.0,3.552713678800501E-15
Gaia DR3 64555694921236352,7.139342266293386,0.4605,0.4511,0.4683,Gaia DR3 64555694921236352,53.7290192463056,22.07944691146216,7.1393,19.4894,-43.0102,0.0,2016.0,7.481665119381309E-15
Gaia DR3 64574352259640192,7.417864263812696,0.7485,0.7321,0.7646,Gaia DR3 64574352259640192,54.42237617359707,22.2884749156679,7.4179,20.2428,-44.9757,0.0,2016.0,0.0
Gaia DR3 64588753286083328,7.102051730797974,0.7477,0.7283,0.7691,Gaia DR3 64588753286083328,53.943451846806774,22.413712390200445,7.1021,20.767,-44.5579,0.0,2016.0,1.3609196912353937E-14
Gaia DR3 64589062523316736,7.152749681642172,0.564,0.5545,0.5728,Gaia DR3 64589062523316736,53.93454089287151,22.45259124715032,7.1527,21.2658,-43.372,11.3357,2016.0,7.466238880878397E-15
Gaia DR3 64600813554014592,7.1019984947196955,0.5606,0.5466,0.5739,Gaia DR3 64600813554014592,54.934180118737586,22.12920112313305,7.102,20.7426,-42.9574,0.0,2016.0,0.0
Gaia DR3 64642801154268672,7.301884780583152,0.5889,0.5819,0.5953,Gaia DR3 64642801154268672,55.355615544447744,22.548726260993725,7.3019,21.1301,-44.5013,40.9099,2016.0,1.3596836566289744E-14
Gaia DR3 64644484781444864,7.011106189930256,0.619,0.6086,0.6303,Gaia DR3 64644484781444864,55.33339566545284,22.631451536825736,7.0111,18.6675,-42.99,-183.506,2016.0,0.0
Gaia DR3 64653383953596032,7.401384626754442,0.5981,0.5822,0.6181,Gaia DR3 64653383953596032,55.02925859013083,22.64639061215007,7.4014,20.8467,-45.5302,0.0,2016.0,0.0
Gaia DR3 64656201452146304,7.604703051583063,0.5905,0.5694,0.6027,Gaia DR3 64656201452146304,54.93671006565371,22.654103017730275,7.6047,20.7514,-46.5048,0.0,2016.0,7.105427357601002E-15
Gaia DR3 64665203703566848,7.382203157174722,0.6235,0.6086,0.6459,Gaia DR3 64665203703566848,55.18006539676142,22.83147815980321,7.3822,20.6993,-44.3638,0.0,2016.0,7.450334281935084E-15
Gaia DR3 64667535869958784,7.198159429661968,0.609,0.5919,0.627,Gaia DR3 64667535869958784,55.2270611799686,22.9069549713295,7.1982,19.8007,-44.3091,0.0,2016.0,3.552713678800501E-15
Gaia DR3 64671903852618624,7.388471608091407,0.0145,0.0064,0.0267,Gaia DR3 64671903852618624,54.59418238508955,22.499479201832393,7.3885,21.4685,-44.8076,0.0,2016.0,0.0
Gaia DR3 64679840952155264,7.3735646873637215,0.0983,0.0928,0.1029,Gaia DR3 64679840952155264,54.66976712540925,22.659409622396907,7.3736,20.1572,-45.3594,6.9023,2016.0,0.0
Gaia DR3 64720179284934016,7.405449545963815,0.6711,0.6594,0.6831,Gaia DR3 64720179284934016,55.09941652410235,23.069039348143807,7.4054,20.7405,-44.9325,0.0,2016.0,0.0
Gaia DR3 64720625961541120,7.377781072221634,,,,Gaia DR3 64720625961541120,54.95722061120645,23.057154492976068,7.3778,21.0879,-44.7482,0.0,2016.0,0.0
Gaia DR3 64734709159049600,7.2387017323196385,0.6961,0.6731,0.7213,Gaia DR3 64734709159049600,54.93055020913032,23.20691287032353,7.2387,20.6215,-42.9956,0.0,2016.0,3.552713678800501E-15
Gaia DR3 64739248940235392,7.135003545664876,0.1263,0.1179,0.135,Gaia DR3 64739248940235392,56.24560047392225,22.032257713665405,7.135,18.8316,-43.7112,6.6719,2016.0,0.0
Gaia DR3 64745841713292160,7.114625466024126,1.0564,1.0196,1.0918,Gaia DR3 64745841713292160,56.24330503901932,22.191554815221856,7.1146,19.0451,-44.4124,0.0,2016.0,6.579101829222694E-15
Gaia DR3 64764189813713408,7.697153229748753,0.7064,0.6684,0.7465,Gaia DR3 64764189813713408,56.12297208474871,22.423398437573756,7.6972,20.0603,-46.4154,0.0,2016.0,3.552713678800501E-15
Gaia DR3 64765254965634176,6.9180117362823434,0.0459,0.015,0.0936,Gaia DR3 64765254965634176,56.10635909696461,22.46369887841194,6.918,19.3664,-43.4429,0.0,2016.0,6.56628035765934E-15
Gaia DR3 64768763955442944,7.33043869209861,0.5661,0.5562,0.5776,Gaia DR3 64768763955442944,56.360732948219095,22.525409252257422,7.3304,19.9161,-44.2545,0.0,2016.0,9.67288439809131E-15
Gaia DR3 64770241424108032,7.552546175586704,0.2491,0.2438,0.2536,Gaia DR3 64770241424108032,56.174349922317965,22.464346002407783,7.5525,22.0766,-45.3716,5.97,2016.0,7.105427357601002E-15
Gaia DR3 64797523056344064,7.474573378126966,0.7461,0.7344,0.7597,Gaia DR3 64797523056344064,56.28627464077071,22.641631247895923,7.4746,22.0137,-46.661,0.0,2016.0,3.552713678800501E-15
Gaia DR3 64798038452412928,7.290828186403347,0.6671,0.6556,0.6791,Gaia DR3 64798038452412928,56.301887263098536,22.69730741222624,7.2908,19.3837,-46.041,0.0,2016.0,0.0
Gaia DR3 64798691287540224,7.291631614082201,0.5354,0.5318,0.538,Gaia DR3 64798691287540224,56.41633572294943,22.694265149860293,7.2916,19.8304,-44.1582,0.0,2016.0,3.552713678800501E-15
Gaia DR3 64804360644343424,7.498059675999509,0.6564,0.6396,0.6742,Gaia DR3 64804360644343424,56.66843414271722,22.84418456402768,7.4981,20.1771,-46.9292,0.0,2016.0,3.552713678800501E-15
Gaia DR3 64808204638390912,7.1525685788631295,0.0613,0.0542,0.0693,Gaia DR3 64808204638390912,56.66006365313638,22.919584206915975,7.1526,19.9242,-43.5493,6.3247,2016.0,7.446601175617216E-15
Gaia DR3 64808483812941440,7.2607543201303235,1.5967,1.5865,1.613,Gaia DR3 64808483812941440,56.645075788192386,22.935281042623288,7.2608,19.4508,-45.279,-14.5842,2016.0,3.552713678800501E-15
Gaia DR3 64818203322590208,7.738056145401186,0.7191,0.6976,0.7413,Gaia DR3 64818203322590208,55.864443508802935,22.627943816680016,7.7381,21.2886,-48.1576,0.0,2016.0,0.0
Gaia DR3 64822017259193600,7.292826529552445,0.5171,0.4226,0.5699,Gaia DR3 64822017259193600,56.10669430950937,22.668738732908064,7.2928,19.3872,-43.8413,0.0,2016.0,7.457195290529099E-15
Gaia DR3 64840541448791424,7.563829913298237,0.5852,0.5687,0.6044,Gaia DR3 64840541448791424,55.829295125583606,22.78609278822735,7.5638,20.6445,-46.4014,0.0,2016.0,0.0
Gaia DR3 64843805623922688,7.5264024127197535,0.7434,0.728,0.7613,Gaia DR3 64843805623922688,55.85491728898192,22.895492287024965,7.5264,20.2224,-46.1596,0.0,2016.0,0.0
Gaia DR3 64856312568645248,7.602128024288136,0.4251,0.4219,0.4289,Gaia DR3 64856312568645248,56.52195568292751,22.981419243413214,7.6021,20.5143,-47.9105,7.0537,2016.0,1.3082960739245633E-14
Gaia DR3 64857721317916032,7.389054111887702,0.7039,0.6938,0.715,Gaia DR3 64857721317916032,56.48745217516747,23.024581569648877,7.3891,20.8386,-46.3102,0.0,2016.0,3.552713678800501E-15
Gaia DR3 64870296982175488,7.34148627265026,0.5198,0.5127,0.5251,Gaia DR3 64870296982175488,56.03679639519022,23.079705895594124,7.3415,21.6344,-45.1525,18.0357,2016.0,6.536711829674358E-15
Gaia DR3 64871740091177600,7.3307637033988735,0.7444,0.7343,0.7549,Gaia DR3 64871740091177600,56.2951245214628,23.049309323098104,7.3308,19.7044,-45.5956,0.0,2016.0,0.0
Gaia DR3 64874454510493440,7.391450378010349,0.7076,0.6914,0.7239,Gaia DR3 64874454510493440,56.39167613726047,23.18501072439178,7.3915,19.8674,-45.2808,0.0,2016.0,6.531581446830052E-15
Gaia DR3 64879402312818944,7.394624876379964,0.0116,0.0057,0.0175,Gaia DR3 64879402312818944,56.21358052689102,23.26872443224326,7.3946,20.5459,-44.3003,6.5466,2016.0,3.552713678800501E-15
Gaia DR3 64884624994048256,7.307114829720655,0.6416,0.618,0.6522,Gaia DR3 64884624994048256,56.89500778235771,22.801125159997,7.3071,20.0638,-44.5527,0.0,2016.0,6.550177584172959E-15
Gaia DR3 64889126119831040,7.617353781069092,0.5645,0.5579,0.5701,Gaia DR3 64889126119831040,57.094462930924884,22.872477336102378,7.6174,20.5391,-46.7477,0.0,2016.0,0.0
Gaia DR3 64891634380723712,7.479338623504139,0.4723,0.4639,0.4812,Gaia DR3 64891634380723712,57.25428791296075,22.980211869536916,7.4793,19.7826,-45.893,-4.5364,2016.0,7.444024766079783E-15
Gaia DR3 64895139073954944,7.309302082629353,0.3542,0.3466,0.3616,Gaia DR3 64895139073954944,57.02435006099223,23.0339500921625,7.3093,19.2931,-44.9978,-93.6464,2016.0,0.0
Gaia DR3 64896101146708224,7.768417354430479,0.693,0.6737,0.7113,Gaia DR3 64896101146708224,57.21119391554984,23.07486184165542,7.7684,20.9508,-48.3335,0.0,2016.0,7.439990218883768E-15
Gaia DR3 64899017426872960,7.188082380653626,0.2426,0.2334,0.246,Gaia DR3 64899017426872960,56.696182198354265,22.91437971648443,7.1881,18.7582,-45.0017,5.7263,2016.0,7.105427357601002E-15
Gaia DR3 64900739711320960,7.46137150586521,0.805,0.7854,0.8255,Gaia DR3 64900739711320960,56.91586191032635,23.00110222643323,7.4614,18.6861,-45.0064,0.0,2016.0,6.5405269580743585E-15
Gaia DR3 64905618794174720,7.2387256119114145,0.4897,0.4808,0.5031,Gaia DR3 64905618794174720,56.703355129215566,23.06855140288392,7.2387,20.8408,-45.2959,23.8482,2016.0,9.655194844467869E-15
Gaia DR3 64909153549943296,7.440941514656794,0.6933,0.6749,0.7112,Gaia DR3 64909153549943296,57.099724735801715,23.135471631187595,7.4409,18.0264,-46.2766,0.0,2016.0,7.437398775068935E-15
Gaia DR3 64912009705490304,7.346863076857361,0.6097,0.6009,0.6173,Gaia DR3 64912009705490304,56.849467055307045,23.149004829363466,7.3469,19.4453,-45.5403,0.0,2016.0,6.5333381137534405E-15
Gaia DR3 64913452814489216,7.411184638689342,0.1126,0.1081,0.118,Gaia DR3 64913452814489216,56.950586430184785,23.21788377589549,7.4112,20.0537,-45.8475,7.9138,2016.0,1.3059950747037552E-14
Gaia DR3 64915754917051520,7.539613373579104,0.623,0.6085,0.6386,Gaia DR3 64915754917051520,57.35676779986823,23.047107208330427,7.5396,21.6383,-46.6704,0.0,2016.0,7.105427357601002E-15
Gaia DR3 64916751349465856,7.38945455734106,0.5642,0.5573,0.5704,Gaia DR3 64916751349465856,57.24294597152945,23.09402124719942,7.3895,20.627,-46.7777,0.0,2016.0,3.552713678800501E-15
Gaia DR3 64917094946846848,7.430479853340606,0.6762,0.6677,0.6841,Gaia DR3 64917094946846848,57.27475569260817,23.105917656349703,7.4305,18.8932,-46.5833,0.0,2016.0,6.535436873088748E-15
Gaia DR3 64922283267331968,7.450991731973961,0.3913,0.3794,0.3997,Gaia DR3 64922283267331968,57.3013765497648,23.228140474524007,7.451,19.7294,-46.0451,7.5896,2016.0,0.0
Gaia DR3 64923279699744256,7.266831729278644,0.147,0.1331,0.1539,Gaia DR3 64923279699744256,57.25981898022836,23.25223911265763,7.2668,19.731,-44.4282,5.032,2016.0,3.552713678800501E-15
Gaia DR3 64924413571101952,6.921465300774905,0.1334,0.1244,0.1429,Gaia DR3 64924413571101952,57.485491827507374,23.21843142395095,6.9215,18.9213,-43.2005,6.6295,2016.0,0.0
Gaia DR3 64927368508592512,7.370344183553121,0.608,0.5881,0.6291,Gaia DR3 64927368508592512,57.52090986726331,23.304637841703407,7.3703,19.0199,-46.8527,0.0,2016.0,3.552713678800501E-15
Gaia DR3 64928674178659968,7.354278323471858,0.708,0.6782,0.7277,Gaia DR3 64928674178659968,57.38409775234471,23.271498869578785,7.3543,20.455,-44.87,0.0,2016.0,3.552713678800501E-15
Gaia DR3 64929391436043264,7.3159120319680895,0.0427,0.0362,0.0497,Gaia DR3 64929391436043264,57.42060476339698,23.341369648361887,7.3159,18.7331,-45.1335,5.7319,2016.0,1.957176913631225E-14
Gaia DR3 64930495244783616,7.231276897025075,0.068,0.0624,0.0734,Gaia DR3 64930495244783616,57.38645295572227,23.380204240051093,7.2313,20.3465,-44.3013,5.7747,2016.0,7.426872381389693E-15
Gaia DR3 64933759417769984,7.318904571155356,0.0626,0.0572,0.0679,Gaia DR3 64933759417769984,57.18299036630866,23.2596150203104,7.3189,19.2937,-44.885,7.6396,2016.0,6.5279334205596334E-15
Gaia DR3 64934893291213952,7.461381901990386,0.5725,0.4749,0.5923,Gaia DR3 64934893291213952,57.11688600086402,23.300556775545953,7.4614,20.3987,-45.4575,4.5226,2016.0,0.0
Gaia DR3 64936508198907904,7.447798847561577,0.1843,0.1807,0.1884,Gaia DR3 64936508198907904,57.18936995061114,23.33871256339361,7.4478,18.9828,-45.7643,7.5472,2016.0,3.552713678800501E-15
Gaia DR3 64940906245415808,7.690936370750085,,,,Gaia DR3 64940906245415808,57.0868319876062,23.421039463726608,7.6909,19.695,-47.113,0.0,2016.0,3.552713678800501E-15
Gaia DR3 64941211186036352,7.380077777631508,0.0684,0.0591,0.0754,Gaia DR3 64941211186036352,57.14388698332008,23.434590988620933,7.3801,19.3717,-45.0776,6.4533,2016.0,6.519333977063654E-15
Gaia DR3 64942001460286080,7.436806910305677,0.6435,0.6289,0.6578,Gaia DR3 64942001460286080,57.315180555656895,23.38016998746235,7.4368,20.1604,-46.2238,0.0,2016.0,7.105427357601002E-15
Gaia DR3 64946025846426752,7.362773276027829,0.6505,0.6372,0.6676,Gaia DR3 64946025846426752,57.2033347873996,23.41318138675708,7.3628,19.2005,-47.0248,0.0,2016.0,6.520389448713609E-15
Gaia DR3 64950488315122560,6.911630589111497,0.5796,0.5596,0.6063,Gaia DR3 64950488315122560,56.62930786525851,23.026152243084212,6.9116,18.4029,-44.5556,0.0,2016.0,1.4884136781413972E-14
Gaia DR3 64951111087777536,7.834199597535483,0.636,0.6119,0.6546,Gaia DR3 64951111087777536,56.650363065254425,23.071293292300773,7.8342,20.9709,-46.88,0.0,2016.0,6.5371207340217485E-15
Gaia DR3 64952068862923520,7.082300122602656,0.5877,0.5565,0.6186,Gaia DR3 64952068862923520,56.58921758662981,23.08569959940112,7.0823,18.171,-45.3603,0.0,2016.0,3.552713678800501E-15
Gaia DR3 64952829074688896,7.391158486799486,0.0135,0.0063,0.0211,Gaia DR3 64952829074688896,56.66674719150831,23.110124081170717,7.3912,19.2627,-46.762,4.9636,2016.0,3.552713678800501E-15
Gaia DR3 64953481907702016,7.32274074739589,,,,Gaia DR3 64953481907702016,56.70238253867373,23.165858638751683,7.3227,17.8393,-48.7364,0.0,2016.0,1.306503233192089E-14
Gaia DR3 64956127609464320,7.4211396976655095,0.1076,0.1049,0.1097,Gaia DR3 64956127609464320,56.45349543711508,23.14694333291917,7.4211,20.5139,-45.6998,7.8137,2016.0,7.105427357601002E-15
Gaia DR3 64959662365552384,7.309612988988913,0.4043,0.0615,0.7044,Gaia DR3 64959662365552384,56.78069149429426,23.226156744121546,7.3096,19.2952,-45.4385,-21.7441,2016.0,3.552713678800501E-15
Gaia DR3 64960663095015680,7.384762820159983,0.461,0.4547,0.4684,Gaia DR3 64960663095015680,56.73798824228322,23.25047049143303,7.3848,20.416,-46.0552,0.0,2016.0,3.552713678800501E-15
Gaia DR3 64962174923490304,7.339722266111578,0.5966,0.5846,0.6091,Gaia DR3 64962174923490304,56.88419556070245,23.30633191106529,7.3397,20.729,-45.4316,0.0,2016.0,1.3051286813020591E-14
Gaia DR3 64963377514329984,7.456198708615304,0.6019,0.5909,0.6122,Gaia DR3 64963377514329984,56.84184912038183,23.359958000577215,7.4562,21.312,-44.5013,0.0,2016.0,3.552713678800501E-15
Gaia DR3 64964717544035200,7.4331628168469965,0.4489,0.443,0.4547,Gaia DR3 64964717544035200,56.63706230536038,23.305130986179122,7.4332,20.5393,-45.0448,30.0611,2016.0,3.552713678800501E-15
Gaia DR3 64966916567283456,7.294694239567216,0.6511,0.633,0.674,Gaia DR3 64966916567283456,56.73054111544866,23.380212988770477,7.2947,18.8584,-45.6689,0.0,2016.0,1.4853744006602834E-14
Gaia DR3 64967569402404480,7.069719258509363,0.8035,0.7892,0.8158,Gaia DR3 64967569402404480,56.81416804545098,23.43481220068229,7.0697,20.6075,-46.1919,0.0,2016.0,9.643063371316187E-15
Gaia DR3 64967603762044928,7.306142286619532,0.6199,0.6065,0.6393,Gaia DR3 64967603762044928,56.78974161914069,23.43215484093026,7.3061,20.7431,-43.8956,0.0,2016.0,6.519454122572209E-15
Gaia DR3 64971933089093760,7.388568334356815,0.1808,0.1751,0.1874,Gaia DR3 64971933089093760,56.534933945361814,23.3473212122962,7.3886,19.5429,-45.2469,6.7316,2016.0,0.0
Gaia DR3 64974338270788864,7.400842842890291,0.6466,0.6366,0.6568,Gaia DR3 64974338270788864,56.30068677483327,23.36456659754402,7.4008,20.3499,-45.8412,0.0,2016.0,6.52278272749317E-15
Gaia DR3 64974574492213248,7.492486097833367,0.5836,0.5679,0.6014,Gaia DR3 64974574492213248,56.42870174000814,23.336589161292384,7.4925,21.4061,-45.0523,0.0,2016.0,3.552713678800501E-15
Gaia DR3 64977705525131904,7.223361814603207,0.3548,0.3487,0.3591,Gaia DR3 64977705525131904,56.64730542253091,23.41153106180494,7.2234,20.297,-44.8311,-13.4423,2016.0,6.520470770266986E-15
Gaia DR3 64979732749686016,7.386528543828836,0.0651,0.0496,0.0763,Gaia DR3 64979732749686016,56.75601002050891,23.494741451278703,7.3865,19.0719,-45.0234,4.5174,2016.0,0.0
Gaia DR3 64980832261312640,7.435614097188134,0.6065,0.59,0.6218,Gaia DR3 64980832261312640,56.70879817515686,23.53208141913091,7.4356,20.8795,-45.0218,0.0,2016.0,0.0
Gaia DR3 64981137202021376,7.349143996550216,0.762,0.755,0.7673,Gaia DR3 64981137202021376,56.51728508779695,23.40531966531974,7.3491,19.0139,-45.4624,5.2607,2016.0,0.0
Gaia DR3 64981863053470592,7.150415256448715,1.1729,1.1525,1.1916,Gaia DR3 64981863053470592,56.593679900426444,23.485427897777026,7.1504,19.8592,-44.83,0.0,2016.0,6.516824122390506E-15
Gaia DR3 64982344089813248,7.216786495064386,,,,Gaia DR3 64982344089813248,56.46988426929079,23.46487435939193,7.2168,20.0036,-46.2464,0.0,2016.0,6.517839483241381E-15
Gaia DR3 64984951133439232,7.280859159894756,0.7406,0.7254,0.7526,Gaia DR3 64984951133439232,56.552852464053856,23.587012648241203,7.2809,20.8588,-44.7362,0.0,2016.0,0.0
Gaia DR3 64986325522809728,7.452761101984951,0.5754,0.545,0.6052,Gaia DR3 64986325522809728,57.02080880346131,23.40357707910696,7.4528,19.8448,-47.1386,0.0,2016.0,1.3041725271059378E-14
Gaia DR3 64987876007763968,7.353462097116693,0.6265,0.6086,0.6439,Gaia DR3 64987876007763968,57.063558497159214,23.434685520365303,7.3535,18.6768,-45.7665,0.0,2016.0,1.351400730127513E-14
Gaia DR3 64988322684358144,7.509023760722854,0.6975,0.6848,0.7088,Gaia DR3 64988322684358144,57.09464904982035,23.461746193162426,7.509,20.5861,-45.1424,0.0,2016.0,0.0
Gaia DR3 64988803720689408,7.206584546538967,0.6709,0.6557,0.6864,Gaia DR3 64988803720689408,57.085813664095504,23.51687667697139,7.2066,19.3796,-44.936,0.0,2016.0,7.105427357601002E-15
Gaia DR3 64989490915460608,7.318953310037485,0.3715,0.3598,0.3863,Gaia DR3 64989490915460608,57.04583326091851,23.506811183809983,7.319,19.7071,-44.5396,-6.0419,2016.0,6.515766881276125E-15
Gaia DR3 64990349908937984,7.190891560508792,0.6998,0.686,0.7127,Gaia DR3 64990349908937984,56.86723342159842,23.44802253199141,7.1909,20.0334,-44.3604,-10.9142,2016.0,6.5186713509218404E-15
Gaia DR3 64990586130069504,7.272149432844637,,,,Gaia DR3 64990586130069504,56.9084671444444,23.46784903102607,7.2721,21.2216,-44.8669,5.6912,2016.0,6.5176925840468824E-15
Gaia DR3 64990792288875264,7.548538567542814,0.6324,0.6167,0.648,Gaia DR3 64990792288875264,56.900223814089344,23.47393838707442,7.5485,19.3025,-46.0868,0.0,2016.0,6.517391816569577E-15
Gaia DR3 64993579724240896,7.072160110962179,0.6158,0.5198,0.6818,Gaia DR3 64993579724240896,56.87476663930159,23.554023397560623,7.0722,18.6508,-45.2453,0.0,2016.0,6.5134293820769555E-15
Gaia DR3 64997187496822912,7.406563177256344,0.5483,0.5341,0.5627,Gaia DR3 64997187496822912,57.254848933906466,23.637477098863307,7.4066,19.6478,-45.6111,0.0,2016.0,0.0
Gaia DR3 64998905483757568,7.327464562394925,0.4876,0.4823,0.4937,Gaia DR3 64998905483757568,57.082701624279416,23.603137970026417,7.3275,20.8079,-44.449,0.0,2016.0,0.0
Gaia DR3 64999558318784768,7.437404133116667,0.604,0.5959,0.6121,Gaia DR3 64999558318784768,57.057450573687056,23.632990088333862,7.4374,20.1218,-45.9777,0.0,2016.0,0.0
Gaia DR3 64999588381514496,7.19439797679517,0.0375,0.027,0.0474,Gaia DR3 64999588381514496,57.07052147815302,23.63658449525568,7.1944,18.2915,-44.7573,6.4603,2016.0,7.105427357601002E-15
Gaia DR3 65000863988835200,7.548655100367121,0.6582,0.6403,0.6801,Gaia DR3 65000863988835200,57.03735109356826,23.706329978281527,7.5487,20.9354,-47.2767,0.0,2016.0,7.105427357601002E-15
Gaia DR3 65004437401569664,7.355182666949437,0.5959,0.5823,0.6113,Gaia DR3 65004437401569664,56.74245105010891,23.56061715976777,7.3552,20.1632,-46.0092,0.0,2016.0,9.63885901019735E-15
Gaia DR3 65004712279475712,7.497436461447746,0.0301,0.0245,0.039,Gaia DR3 65004712279475712,56.72404434206554,23.58335393181007,7.4974,20.7961,-45.1538,5.7204,2016.0,0.0
Gaia DR3 65007083101413888,7.472988365635405,0.4346,0.4327,0.4368,Gaia DR3 65007083101413888,56.861890197773505,23.678126852419382,7.473,21.7239,-45.7097,4.438,2016.0,3.552713678800501E-15
Gaia DR3 65008010814357248,7.331377767684079,0.9203,0.8871,0.939,Gaia DR3 65008010814357248,56.68002306054683,23.62260295725321,7.3314,19.033,-44.734,0.0,2016.0,7.416347772325241E-15
Gaia DR3 65010239900405504,7.3503939491290735,0.1498,0.14,0.1566,Gaia DR3 65010239900405504,56.77834370556732,23.71495241087836,7.3504,19.4256,-44.4091,8.5283,2016.0,0.0
Gaia DR3 65010519075247616,7.481431550014758,,,,Gaia DR3 65010519075247616,56.84458758907592,23.73506530393574,7.4814,20.2209,-45.792,0.0,2016.0,7.411431585836871E-15
Gaia DR3 65010549138050944,7.417636325472424,0.1687,0.1468,0.187,Gaia DR3 65010549138050944,56.80648230098543,23.714085620776036,7.4176,19.7305,-45.6089,5.9297,2016.0,7.412350288686071E-15
Gaia DR3 65011476851589632,7.356181567875133,0.4158,0.3938,0.4351,Gaia DR3 65011476851589632,56.77419713239273,23.759491175687398,7.3562,18.9917,-44.5251,0.0,2016.0,1.3482895841262765E-14
Gaia DR3 65011481147922560,7.141353557340774,0.8176,0.7894,0.8446,Gaia DR3 65011481147922560,56.77549159808858,23.755443467081154,7.1414,18.2655,-43.5552,0.0,2016.0,6.503407316430608E-15
Gaia DR3 65011962184337664,7.8091896514290235,,,,Gaia DR3 65011962184337664,56.96658486416223,23.66317575454774,7.8092,20.6139,-47.0696,0.0,2016.0,7.414576595803343E-15
Gaia DR3 65012408860856832,7.252925571892042,0.6021,0.5936,0.6112,Gaia DR3 65012408860856832,56.93613786706123,23.700704540102134,7.2529,20.3282,-45.2163,0.0,2016.0,1.3488556229135278E-14
Gaia DR3 65013474012743936,7.415330238219003,0.1551,0.1478,0.1618,Gaia DR3 65013474012743936,56.92168447899226,23.740085880970906,7.4153,19.3897,-44.4198,-11.591,2016.0,0.0
Gaia DR3 65014195567317504,7.607866490051984,0.6131,0.6064,0.6189,Gaia DR3 65014195567317504,57.03323531524461,23.739708845865792,7.6079,19.4797,-46.6479,0.0,2016.0,6.504193120159363E-15
Gaia DR3 65014985841292032,7.160999926269235,,,,Gaia DR3 65014985841292032,57.07240387537331,23.806397361704857,7.161,19.8363,-43.4293,0.0,2016.0,1.3001718518329972E-14
Gaia DR3 65017627244152064,7.312944753255134,0.1591,0.1561,0.1622,Gaia DR3 65017627244152064,56.837462886443596,23.803141100251725,7.3129,19.0957,-45.5198,4.2349,2016.0,0.0
Gaia DR3 65018417518780672,7.33883323931341,0.6213,0.6085,0.6347,Gaia DR3 65018417518780672,56.881922360095274,23.87181815563443,7.3388,19.2726,-46.3566,0.0,2016.0,0.0
Gaia DR3 65019246448775424,7.392645465941637,0.6529,0.6359,0.6707,Gaia DR3 65019246448775424,57.02449569519243,23.883443039373205,7.3926,20.1811,-43.4664,0.0,2016.0,0.0
Gaia DR3 65019963707009024,7.581643669811054,,,,Gaia DR3 65019963707009024,56.87336883957524,23.88023184346377,7.5816,20.5626,-45.8092,0.0,2016.0,7.40505469920724E-15
Gaia DR3 65020414679879296,7.376293478669214,0.0726,0.057,0.0841,Gaia DR3 65020414679879296,56.96895425474899,23.94102406851244,7.3763,19.6846,-46.3938,5.6099,2016.0,7.402373828967598E-15
Gaia DR3 65023232178029440,7.2107244103887105,0.4812,0.4722,0.49,Gaia DR3 65023232178029440,55.62266700134463,22.790383366074938,7.2107,20.444,-43.6156,-7.0555,2016.0,6.550693711668822E-15
Gaia DR3 65026839950559744,7.414311257263757,,,,Gaia DR3 65026839950559744,55.44629077538256,22.856829510979935,7.4143,21.0388,-45.9109,4.1454,2016.0,1.3094994758607813E-14
Gaia DR3 65027595864800000,7.451380363496461,0.0525,0.0408,0.0659,Gaia DR3 65027595864800000,55.519783485203185,22.858358168943482,7.4514,20.9567,-44.6879,5.3832,2016.0,0.0
Gaia DR3 65027905102436608,7.3911225554567395,0.4347,0.4309,0.4384,Gaia DR3 65027905102436608,55.60962925402735,22.894458319172863,7.3911,20.9312,-44.4955,5.4798,2016.0,0.0
Gaia DR3 65029550073165184,7.423268314851199,0.7916,0.7482,0.8263,Gaia DR3 65029550073165184,55.73566057860892,22.854833974276563,7.4233,19.8692,-43.8527,0.0,2016.0,7.449345953778855E-15
Gaia DR3 65032745528876032,7.2612712023034405,,,,Gaia DR3 65032745528876032,55.84406564335385,23.01552842209953,7.2613,21.3636,-46.7439,0.0,2016.0,3.552713678800501E-15
Gaia DR3 65037731987586304,7.645945267923222,0.6928,0.6777,0.7078,Gaia DR3 65037731987586304,55.68490896589497,23.10432423094935,7.6459,20.1779,-46.4309,0.0,2016.0,3.552713678800501E-15
Gaia DR3 65040686925109760,7.485443374199612,0.6025,0.5963,0.6114,Gaia DR3 65040686925109760,55.49448945797651,22.950342697552426,7.4854,21.1908,-45.7507,15.87,2016.0,6.542984095068672E-15
Gaia DR3 65042439271761280,7.382324950580081,0.7444,0.7247,0.7673,Gaia DR3 65042439271761280,55.44449969060987,23.02199835550043,7.3823,21.8212,-45.5716,0.0,2016.0,3.552713678800501E-15
Gaia DR3 65047043476608128,7.176704369385575,0.9192,0.9028,0.936,Gaia DR3 65047043476608128,55.35990236479837,23.13393922944862,7.1767,20.5222,-43.974,0.0,2016.0,3.552713678800501E-15
Gaia DR3 65052639818118400,7.239971457247265,1.4048,1.3847,1.4219,Gaia DR3 65052639818118400,55.43225882288366,23.133142733965936,7.24,19.8983,-44.5335,0.0,2016.0,6.534111179999542E-15
Gaia DR3 65053915424355584,7.248243663666067,0.6503,0.6361,0.6641,Gaia DR3 65053915424355584,55.564114916711006,23.191815889549062,7.2482,19.9271,-45.1727,0.0,2016.0,0.0
Gaia DR3 65056526764528128,7.183729162793427,0.8081,0.7996,0.8139,Gaia DR3 65056526764528128,55.93744520454143,23.055694268704652,7.1837,20.218,-44.391,-7.4061,2016.0,9.655617749614908E-15
Gaia DR3 65058760147520000,7.24755258395974,0.8098,0.7956,0.8237,Gaia DR3 65058760147520000,56.03890906143864,23.146191500145903,7.2476,19.6197,-44.3821,0.0,2016.0,9.652636787022062E-15
Gaia DR3 65064837524605312,7.164801526717114,0.7927,0.7415,0.8478,Gaia DR3 65064837524605312,56.09235889438332,23.18174556471273,7.1648,19.2862,-43.2829,0.0,2016.0,3.552713678800501E-15
Gaia DR3 65072435323295872,7.58020870179761,0.1132,0.1038,0.1251,Gaia DR3 65072435323295872,56.04683380132059,23.379119346046334,7.5802,22.0399,-46.639,4.8236,2016.0,3.552713678800501E-15
Gaia DR3 65079788307324672,7.456015960593475,0.6288,0.6195,0.6389,Gaia DR3 65079788307324672,55.651179029374646,23.36783880666926,7.456,19.5557,-43.929,0.0,2016.0,0.0
Gaia DR3 65084358152509440,7.234753689152002,0.2271,0.2157,0.2353,Gaia DR3 65084358152509440,55.90259101572706,23.453753860057788,7.2348,20.1045,-44.0225,3.6961,2016.0,3.552713678800501E-15
Gaia DR3 65086591535491584,7.297531268657663,0.2349,0.2145,0.2479,Gaia DR3 65086591535491584,56.00257297938471,23.543743984874723,7.2975,19.5587,-44.7524,6.5079,2016.0,7.419782465597493E-15
Gaia DR3 65088275162687104,7.500634830364743,,,,Gaia DR3 65088275162687104,55.75590442819679,23.49166437151513,7.5006,20.3301,-46.8075,0.0,2016.0,9.64116574987177E-15
Gaia DR3 65089336018173440,7.524981265385147,0.1522,0.1477,0.1575,Gaia DR3 65089336018173440,55.90730074032356,23.535787848747553,7.525,19.5272,-45.2924,6.5121,2016.0,3.552713678800501E-15
Gaia DR3 65089473457126784,7.241582954749215,0.4945,0.4917,0.4983,Gaia DR3 65089473457126784,55.952614017665695,23.539193471582006,7.2416,21.4833,-44.3891,5.4355,2016.0,7.41998034657486E-15
Gaia DR3 65096899456994304,6.944196831805783,0.6157,0.6063,0.6276,Gaia DR3 65096899456994304,55.053173093257094,23.159776615728504,6.9442,19.5301,-42.0096,0.0,2016.0,0.0
Gaia DR3 65098514364769408,7.287877913694783,0.6475,0.6392,0.6559,Gaia DR3 65098514364769408,55.21602761544148,23.230535528423577,7.2879,20.8259,-45.0265,0.0,2016.0,0.0
Gaia DR3 65101606741121792,7.353979850941794,0.6025,0.5894,0.6204,Gaia DR3 65101606741121792,55.358274790613365,23.25980604541485,7.354,21.4305,-45.7689,0.0,2016.0,6.527924065540587E-15
Gaia DR3 65107860213588096,7.224446903964589,,,,Gaia DR3 65107860213588096,55.30763642249146,23.384742153238573,7.2244,19.4855,-44.4516,9.2418,2016.0,3.552713678800501E-15
Gaia DR3 65108714911246720,7.430003206051548,,,,Gaia DR3 65108714911246720,55.04043570167992,23.17554600042617,7.43,19.6844,-44.6998,0.0,2016.0,0.0
Gaia DR3 65112739296356608,7.106110705709444,0.7028,0.6916,0.7125,Gaia DR3 65112739296356608,55.10957950826757,23.35793606987987,7.1061,21.1854,-44.5582,0.0,2016.0,7.105427357601002E-15
Gaia DR3 65113559634339200,7.243609046567632,0.0254,0.0119,0.0366,Gaia DR3 65113559634339200,54.921665165578005,23.290687048609904,7.2436,21.2921,-43.7088,6.9083,2016.0,0.0
Gaia DR3 65119164567417856,7.563300505452855,0.1653,0.1573,0.1717,Gaia DR3 65119164567417856,55.21027734303729,23.418239557613678,7.5633,21.6971,-45.4979,5.8584,2016.0,0.0
Gaia DR3 65120470237460480,7.4801116586688075,0.056,0.0414,0.0793,Gaia DR3 65120470237460480,55.345801507755894,23.48673483571187,7.4801,21.6267,-45.3244,4.2938,2016.0,6.516759530276295E-15
Gaia DR3 65125452399528320,7.488421887730397,0.445,0.4385,0.451,Gaia DR3 65125452399528320,55.13134552101876,23.550448733258403,7.4884,22.0351,-46.2842,12.7138,2016.0,0.0
Gaia DR3 65125864716379264,7.522153825366353,0.1838,0.1697,0.1942,Gaia DR3 65125864716379264,55.21373303656764,23.59821916838355,7.5222,21.135,-45.7572,4.4042,2016.0,0.0
Gaia DR3 65128506120036352,7.11584754651513,,,,Gaia DR3 65128506120036352,55.64182280026504,23.414270375936105,7.1158,19.0277,-45.3107,0.0,2016.0,7.425399196529868E-15
Gaia DR3 65134592089910656,7.259168619515059,0.5295,0.508,0.5438,Gaia DR3 65134592089910656,55.536924227074216,23.587895919357532,7.2592,19.0403,-44.2497,22.3459,2016.0,6.511749612575643E-15
Gaia DR3 65135176205557888,7.764517612049255,0.6215,0.6129,0.6304,Gaia DR3 65135176205557888,55.722275885926074,23.518556750116925,7.7645,21.3131,-47.1656,0.0,2016.0,9.640266775364429E-15
Gaia DR3 65136791113382912,7.410691983881695,0.6024,0.5861,0.617,Gaia DR3 65136791113382912,55.70385233585675,23.580003136612984,7.4107,21.6793,-46.4913,0.0,2016.0,0.0
Gaia DR3 65147438335354624,7.346245651129198,0.7223,0.699,0.7519,Gaia DR3 65147438335354624,55.395066430632234,23.637539929718397,7.3462,20.6997,-45.8665,0.0,2016.0,0.0
Gaia DR3 65150947325369600,7.45004084678047,0.0973,0.0857,0.1073,Gaia DR3 65150947325369600,55.36604390474277,23.70813709776343,7.45,20.2598,-45.7166,4.844,2016.0,0.0
Gaia DR3 65151531440914560,7.582046291334272,0.4561,0.4504,0.465,Gaia DR3 65151531440914560,55.41503159545681,23.762883513854284,7.582,22.1036,-46.8962,6.1793,2016.0,3.552713678800501E-15
Gaia DR3 65153833543386624,7.327419894069631,0.4802,0.46,0.4977,Gaia DR3 65153833543386624,55.49459139514297,23.707135284771677,7.3274,19.9536,-45.7529,4.6637,2016.0,6.5058183195498405E-15
Gaia DR3 65155856471318912,7.091215455128368,0.8548,0.8339,0.873,Gaia DR3 65155856471318912,55.690274609902666,23.82282265577828,7.0912,21.1557,-45.6906,0.0,2016.0,9.630035103647496E-15
Gaia DR3 65156891560085504,7.238355792828112,0.8418,0.825,0.8606,Gaia DR3 65156891560085504,55.609551265925255,23.86060771230318,7.2384,21.4791,-44.347,0.0,2016.0,6.49814271121418E-15
Gaia DR3 65161976802151680,7.5470189892983015,0.331,0.3224,0.3397,Gaia DR3 65161976802151680,56.245746416315335,23.38872896889856,7.547,19.889,-46.9442,4.7085,2016.0,0.0
Gaia DR3 65162492198224768,7.462238224855825,0.7793,0.7648,0.7954,Gaia DR3 65162492198224768,56.285083015982494,23.416768795341113,7.4622,20.6207,-46.4097,0.0,2016.0,7.425291076505993E-15
Gaia DR3 65163110673516928,7.4255680209980675,0.7397,0.7289,0.7498,Gaia DR3 65163110673516928,56.24181931752337,23.408471301585465,7.4256,18.803,-44.6745,0.0,2016.0,3.552713678800501E-15
Gaia DR3 65164171528305792,7.307413485207008,0.5118,0.5049,0.5222,Gaia DR3 65164171528305792,56.34254222359188,23.471510349419837,7.3074,20.2239,-44.6502,5.1676,2016.0,6.517511751828942E-15
Gaia DR3 65167577439502592,7.196435385252507,0.6893,0.678,0.6972,Gaia DR3 65167577439502592,56.15126273681793,23.502902827384098,7.1964,19.2616,-44.1817,0.0,2016.0,9.640790169929777E-15
Gaia DR3 65168844452782208,7.089320664949418,0.7291,0.7112,0.7464,Gaia DR3 65168844452782208,56.318456582513555,23.566974495922615,7.0893,19.6543,-44.7968,0.0,2016.0,6.5127873939707286E-15
Gaia DR3 65170016980919808,7.500034623921711,0.6221,0.6121,0.6337,Gaia DR3 65170016980919808,56.23629783447908,23.60638236898229,7.5,21.2194,-46.2785,0.0,2016.0,0.0
Gaia DR3 65175480179315840,7.566883576477941,0.6943,0.6732,0.7142,Gaia DR3 65175480179315840,56.36469576574965,23.632340550413826,7.5669,20.9701,-45.6612,0.0,2016.0,0.0
Gaia DR3 65179946945247488,7.372910720374971,0.6561,0.6417,0.6774,Gaia DR3 65179946945247488,56.087034239879095,23.56092855087351,7.3729,19.286,-46.3035,0.0,2016.0,7.419034876395646E-15
Gaia DR3 65181527493208192,7.24946466059114,0.7302,0.7191,0.7404,Gaia DR3 65181527493208192,56.1322400085094,23.59042529757861,7.2495,20.501,-45.0364,0.0,2016.0,1.3023248174115686E-14
Gaia DR3 65188090203295744,7.47060055813846,0.0259,0.0182,0.0435,Gaia DR3 65188090203295744,56.27211037045957,23.70246592516979,7.4706,19.7496,-46.4011,6.28,2016.0,0.0
Gaia DR3 65189739470654464,7.502788343313917,0.8839,0.8664,0.9009,Gaia DR3 65189739470654464,56.27089546399231,23.768291787187913,7.5028,20.5771,-46.4251,0.0,2016.0,7.409975097858937E-15
Gaia DR3 65190220507070208,7.399616619911859,0.4915,0.4798,0.5004,Gaia DR3 65190220507070208,56.373319246952896,23.760302335308378,7.3996,19.065,-45.7558,7.3917,2016.0,6.503164560264596E-15
Gaia DR3 65194584193758336,7.434634406907008,0.0773,0.0719,0.0832,Gaia DR3 65194584193758336,56.26375187558317,23.839209317701982,7.4346,20.3433,-45.772,5.0711,2016.0,6.499215706369028E-15
Gaia DR3 65196405259884544,7.274297226962083,,,,Gaia DR3 65196405259884544,56.24422047135836,23.927876856061392,7.2743,21.0658,-45.6251,0.0,2016.0,3.552713678800501E-15
Gaia DR3 65200283613608704,7.3976813023598815,1.3792,1.3501,1.3931,Gaia DR3 65200283613608704,56.61546284551447,23.812491723079685,7.3977,19.3714,-43.8719,0.0,2016.0,1.3001108306903576E-14
Gaia DR3 65202830531043968,7.1765118083800425,1.1256,1.1108,1.15,Gaia DR3 65202830531043968,56.52724342554522,23.838809459032934,7.1765,19.6912,-45.9722,-17.5128,2016.0,3.552713678800501E-15
Gaia DR3 65207709611941376,7.220987406121659,0.1632,0.1605,0.1656,Gaia DR3 65207709611941376,56.85182143112869,23.9144778917631,7.221,20.0491,-44.1326,-1.8568,2016.0,6.495437447170839E-15
Gaia DR3 65208396808627840,7.3675798561772385,0.7561,0.7487,0.7663,Gaia DR3 65208396808627840,56.922763757832215,23.97172758846156,7.3676,20.5247,-45.0322,0.8131,2016.0,6.4925561762880835E-15
Gaia DR3 65209079706818176,7.670823942297688,0.2944,0.2625,0.4023,Gaia DR3 65209079706818176,56.794469145666824,23.971052836222597,7.6708,21.0654,-44.3025,0.0,2016.0,3.552713678800501E-15
Gaia DR3 65210389673469312,7.0041880075101695,0.9597,0.8982,0.9753,Gaia DR3 65210389673469312,56.73249284036852,23.93987222950905,7.0042,19.4627,-42.1935,0.0,2016.0,9.626069530413813E-15
Gaia DR3 65211145587780992,7.232270978962829,0.4649,0.4551,0.4938,Gaia DR3 65211145587780992,56.64972601817595,23.966825124571223,7.2323,19.2931,-44.0684,12.3564,2016.0,7.401234179788273E-15
Gaia DR3 65211557904569856,7.2862829876032436,0.5295,0.5253,0.534,Gaia DR3 65211557904569856,56.68172301551613,23.994936841909595,7.2863,20.5021,-45.3356,-5.5991,2016.0,6.491386250901687E-15
Gaia DR3 65212107660378880,7.401981307676885,0.0309,0.0215,0.053,Gaia DR3 65212107660378880,56.767658409457994,23.995012914402537,7.402,21.3232,-45.437,7.0097,2016.0,6.491382414509845E-15
Gaia DR3 65212760495396736,7.381110433788618,0.5505,0.5436,0.5573,Gaia DR3 65212760495396736,56.855682971871175,24.04895316921223,7.3811,18.3618,-45.8281,42.2532,2016.0,6.4886592874250935E-15
Gaia DR3 65212932294091264,7.303127989157264,0.5496,0.5336,0.5724,Gaia DR3 65212932294091264,56.788355136999364,24.05197806630918,7.3031,19.4433,-43.8304,0.0,2016.0,3.552713678800501E-15
Gaia DR3 65213172812266752,7.449628020763334,0.7335,0.7157,0.7502,Gaia DR3 65213172812266752,56.74283055817035,24.027995653471557,7.4496,19.2116,-43.3632,0.0,2016.0,0.0
Gaia DR3 65214409762926720,7.4607736871596835,0.4808,0.4756,0.485,Gaia DR3 65214409762926720,56.454022199513645,23.852686378846506,7.4608,21.1874,-45.3919,6.5988,2016.0,3.552713678800501E-15
Gaia DR3 65214856439472640,7.212553394372475,0.8047,0.7963,0.8145,Gaia DR3 65214856439472640,56.460441673890735,23.873754046000364,7.2126,19.8753,-44.6522,3.1588,2016.0,6.497483055629812E-15
Gaia DR3 65216363971331072,7.626957463557727,0.6712,0.6566,0.6853,Gaia DR3 65216363971331072,56.41253094148423,23.950117908380683,7.627,19.5816,-46.7118,0.0,2016.0,0.0
Gaia DR3 65216643145862144,7.012785824941394,0.8516,0.8424,0.86,Gaia DR3 65216643145862144,56.51799855172368,23.927842380057047,7.0128,18.5788,-43.3746,3.3457,2016.0,0.0
Gaia DR3 65221487868870784,7.295877939593721,0.543,0.539,0.5472,Gaia DR3 65221487868870784,56.46524526083271,24.03867637774549,7.2959,19.8061,-45.003,6.8759,2016.0,1.2978357091767528E-14
Gaia DR3 65222518661019520,7.32594365757548,0.4284,0.4227,0.4362,Gaia DR3 65222518661019520,56.43373928124347,24.073923595288683,7.3259,19.9548,-43.3527,9.7068,2016.0,6.487396729588893E-15
Gaia DR3 65222759179728640,7.2998022120351305,0.2239,0.2143,0.2336,Gaia DR3 65222759179728640,56.39758231507854,24.08301110684446,7.2998,18.4296,-45.207,8.7219,2016.0,3.552713678800501E-15
Gaia DR3 65223515093523328,7.373004713955718,0.6469,0.6344,0.6586,Gaia DR3 65223515093523328,56.59787068226333,24.030747315256395,7.373,19.2271,-44.209,0.0,2016.0,3.552713678800501E-15
Gaia DR3 65223618172733952,7.316839029051112,0.2355,0.2322,0.2386,Gaia DR3 65223618172733952,56.664208814994886,24.029479832481186,7.3168,20.2651,-46.2277,4.9528,2016.0,7.39846209293182E-15
Gaia DR3 65224442806459008,7.3324984757352,0.4642,0.456,0.4707,Gaia DR3 65224442806459008,56.553722556107694,24.054171168916735,7.3325,22.0678,-46.1281,20.0486,2016.0,3.552713678800501E-15
Gaia DR3 65225469302220800,7.422710671658224,0.8292,0.8063,0.8521,Gaia DR3 65225469302220800,56.71438897122718,24.10432284781211,7.4227,21.4547,-45.2218,0.0,2016.0,3.552713678800501E-15
Gaia DR3 65225611037551360,7.360921813307845,0.0079,0.0024,0.016,Gaia DR3 65225611037551360,56.66398954458869,24.10299456629025,7.3609,20.5292,-46.9419,5.7048,2016.0,6.4859252871788245E-15
Gaia DR3 65228772133391488,7.56224918935397,0.737,0.7031,0.7692,Gaia DR3 65228772133391488,56.491372159992444,24.14454409490353,7.5622,20.6419,-47.4982,0.0,2016.0,3.552713678800501E-15
Gaia DR3 65229184450247296,7.497115632105594,0.6668,0.6474,0.6869,Gaia DR3 65229184450247296,56.519106151072684,24.165368569020757,7.4971,18.9378,-44.6206,0.0,2016.0,6.4827625603175015E-15
Gaia DR3 65231486552803328,7.345983258822864,0.2936,0.2868,0.2993,Gaia DR3 65231486552803328,56.61376023966258,24.254800329035454,7.346,20.4504,-44.6467,3.1354,2016.0,3.552713678800501E-15
Gaia DR3 65232066371441792,7.244614096975412,0.6081,0.5932,0.624,Gaia DR3 65232066371441792,55.9155727826314,23.69221985705829,7.2446,19.9691,-45.5304,0.0,2016.0,0.0
Gaia DR3 65233788655261568,7.27281753089127,0.1838,0.1725,0.1961,Gaia DR3 65233788655261568,55.89349233390916,23.761713579644525,7.2728,22.9659,-47.1164,4.5139,2016.0,1.3482681597022965E-14
Gaia DR3 65237911823760640,7.267268144617627,0.6735,0.6625,0.685,Gaia DR3 65237911823760640,55.81925319484357,23.83358475980971,7.2673,20.1098,-45.4169,0.0,2016.0,6.499497592188606E-15
Gaia DR3 65241863193865856,7.423976552521405,0.5849,0.5743,0.5958,Gaia DR3 65241863193865856,56.05066499276738,23.876887924642986,7.424,19.9934,-45.1111,0.0,2016.0,6.497325753648834E-15
Gaia DR3 65244435877629824,7.233113577210932,0.7447,0.7303,0.7604,Gaia DR3 65244435877629824,56.11636811943141,23.999769098826523,7.2331,19.0886,-45.0994,0.0,2016.0,6.4911425339037085E-15
Gaia DR3 65244646332548352,7.65386834667479,0.587,0.5776,0.5964,Gaia DR3 65244646332548352,56.19731354525086,24.01033845340132,7.6539,21.9003,-46.777,0.0,2016.0,3.552713678800501E-15
Gaia DR3 65244749411766528,7.328443682577038,0.5803,0.5769,0.5836,Gaia DR3 65244749411766528,56.14763096345229,24.001134217971668,7.3284,21.4238,-45.8731,3.0652,2016.0,1.3459491978108492E-14
Gaia DR3 65245539685760640,7.402115833370591,0.719,0.709,0.7331,Gaia DR3 65245539685760640,55.98757249612545,23.951447980307357,7.4021,20.8515,-45.5823,0.0,2016.0,7.401913530855538E-15
Gaia DR3 65247704349267584,7.594803806906587,0.1551,0.1067,0.1765,Gaia DR3 65247704349267584,56.05452292932521,24.030615863047565,7.5948,21.4049,-45.8862,4.2055,2016.0,3.552713678800501E-15
Gaia DR3 65254576296865152,7.302248027937386,0.6695,0.6431,0.6938,Gaia DR3 65254576296865152,55.68530669041346,23.970766125807877,7.3022,19.7093,-45.0716,0.0,2016.0,7.401060006171666E-15
Gaia DR3 65254885534508672,7.361057342556959,0.7179,0.7065,0.7302,Gaia DR3 65254885534508672,55.674440494307696,24.004169380506745,7.3611,19.4547,-46.5106,0.0,2016.0,3.552713678800501E-15
Gaia DR3 65257187636977536,7.165841660739484,0.7416,0.7128,0.7684,Gaia DR3 65257187636977536,55.6716335456923,24.028395789556246,7.1658,21.0177,-44.6768,0.0,2016.0,0.0
Gaia DR3 65263097511969792,7.293955605946162,0.6698,0.654,0.6845,Gaia DR3 65263097511969792,55.79855132706159,24.1144320201991,7.294,20.256,-45.7724,0.0,2016.0,0.0
Gaia DR3 65263612908043392,7.596763629614335,0.6415,0.6273,0.6572,Gaia DR3 65263612908043392,55.869797428461034,24.15158636442973,7.5968,20.9705,-45.9841,0.0,2016.0,3.552713678800501E-15
Gaia DR3 65264506261240448,7.5405934166305375,0.6284,0.6094,0.6482,Gaia DR3 65264506261240448,55.83802446730886,24.18570143772121,7.5406,19.33,-45.3756,0.0,2016.0,6.4817299042862826E-15
Gaia DR3 65264673762670080,7.841224461094723,0.6556,0.6304,0.6837,Gaia DR3 65264673762670080,55.8061497087518,24.183469947967474,7.8412,20.2516,-45.9046,0.0,2016.0,3.552713678800501E-15
Gaia DR3 65265674492422784,7.427304424110286,0.5158,0.5017,0.5316,Gaia DR3 65265674492422784,55.9314251981591,24.213757929647073,7.4273,20.9311,-45.1419,0.0,2016.0,0.0
Gaia DR3 65267078945207296,7.50643101758092,0.533,0.5246,0.5421,Gaia DR3 65267078945207296,56.23900505450959,23.99217866658556,7.5064,20.6087,-44.7719,0.0,2016.0,0.0
Gaia DR3 65267388182879104,7.574034930346783,0.7135,0.6932,0.7337,Gaia DR3 65267388182879104,56.221816244942886,24.018344601810703,7.574,20.6168,-44.1311,0.0,2016.0,7.105427357601002E-15
Gaia DR3 65269935099961600,7.258451579517981,0.715,0.6945,0.7445,Gaia DR3 65269935099961600,56.41378202777227,24.138865613858307,7.2585,19.6014,-45.7889,0.0,2016.0,1.3446053963973728E-14
Gaia DR3 65270450496044416,7.52998049381524,0.4431,0.3919,0.4692,Gaia DR3 65270450496044416,56.31729783783005,24.12099472373946,7.53,19.8705,-44.9804,0.6566,2016.0,0.0
Gaia DR3 65275020341243520,7.226131411222815,,,,Gaia DR3 65275020341243520,56.19942719256714,24.214450818193416,7.2261,19.3038,-44.7324,0.0,2016.0,6.480268401446708E-15
Gaia DR3 65275089060719104,7.465089779730926,0.223,0.2182,0.2277,Gaia DR3 65275089060719104,56.1833687967795,24.231003278419283,7.4651,21.4673,-46.4542,5.3714,2016.0,6.4794262008288044E-15
Gaia DR3 65280552259109760,7.830308376105879,0.649,0.6282,0.6687,Gaia DR3 65280552259109760,56.30484671502357,24.256408737061175,7.8303,22.3952,-46.5448,0.0,2016.0,3.552713678800501E-15
Gaia DR3 65281166437426176,7.522663209747789,0.8285,0.8176,0.8385,Gaia DR3 65281166437426176,56.38734232752763,24.303034287977688,7.5227,20.2564,-45.1654,-5.3024,2016.0,7.386282977997597E-15
Gaia DR3 65281239453865856,7.338781422028091,0.5515,0.5389,0.5626,Gaia DR3 65281239453865856,56.37602962223804,24.312444915657963,7.3388,18.9463,-47.2504,-0.4476,2016.0,0.0
Gaia DR3 65282098447322752,6.975272360665578,0.7289,0.7183,0.7389,Gaia DR3 65282098447322752,56.353359973199396,24.345769619048642,6.9753,19.6674,-43.5138,0.0,2016.0,0.0
Gaia DR3 65284228751087872,7.260957615101932,0.6421,0.6306,0.6587,Gaia DR3 65284228751087872,56.455770517407075,24.418506109786513,7.261,19.2087,-42.7825,0.0,2016.0,3.552713678800501E-15
Gaia DR3 65284469269256704,7.374518162509229,0.2156,0.2086,0.2298,Gaia DR3 65284469269256704,56.42449682534324,24.431316803451438,7.3745,20.5114,-44.7139,7.6199,2016.0,1.3417284252571172E-14
Gaia DR3 65287458566524928,7.385246890845397,0.2152,0.2126,0.2178,Gaia DR3 65287458566524928,56.200992353539064,24.28926774500748,7.3852,19.8491,-44.9656,16.4942,2016.0,1.3431298313400015E-14
Gaia DR3 65289004754691200,7.511405170900618,0.6501,0.6425,0.6589,Gaia DR3 65289004754691200,55.98874523518619,24.22217609900833,7.5114,20.9969,-44.7831,0.0,2016.0,0.0
Gaia DR3 65289588870240384,7.302329783350095,0.6202,0.6129,0.6323,Gaia DR3 65289588870240384,56.04138926525985,24.26762455350562,7.3023,21.4723,-43.3442,-44.0083,2016.0,1.29551219268232E-14
Gaia DR3 65289623229979136,7.285423899385576,0.1873,0.1744,0.1989,Gaia DR3 65289623229979136,56.02026285603311,24.275319181164605,7.2854,20.1337,-45.3564,5.5273,2016.0,0.0
Gaia DR3 65290718444385536,6.8814159629576315,0.5343,0.4691,0.6055,Gaia DR3 65290718444385536,55.96994147372375,24.313336030713643,6.8814,18.9895,-45.3053,0.0,2016.0,0.0
Gaia DR3 65292268929825408,7.176701000098328,0.5508,0.5444,0.556,Gaia DR3 65292268929825408,56.112090967849646,24.408645421392894,7.1767,20.1998,-43.4195,5.3526,2016.0,7.381547967609335E-15
Gaia DR3 65293368441513344,7.20733365805876,0.6792,0.6689,0.6856,Gaia DR3 65293368441513344,56.07404213069598,24.446187902212245,7.2073,20.1691,-44.6662,0.0,2016.0,0.0
Gaia DR3 65295430026352512,7.3971054023640885,0.1161,0.1044,0.1263,Gaia DR3 65295430026352512,56.23507805711012,24.432404748893706,7.3971,19.6982,-46.1351,3.6667,2016.0,7.380480203133324E-15
Gaia DR3 65296357738731008,7.351642646560689,0.1797,0.1729,0.1869,Gaia DR3 65296357738731008,56.39368645440966,24.463106878376045,7.3516,18.4526,-46.1013,2.6168,2016.0,6.4675596850859004E-15
Gaia DR3 65297251091930624,7.337793941106909,0.669,0.6571,0.6851,Gaia DR3 65297251091930624,56.333272927295575,24.47333141898755,7.3378,20.5895,-44.0391,0.0,2016.0,0.0
Gaia DR3 65297594689312768,7.821509420582805,0.5785,0.5628,0.5892,Gaia DR3 65297594689312768,56.300399163319184,24.504891296734822,7.8215,21.2206,-47.3428,-2.7681,2016.0,0.0
Gaia DR3 65298208867376384,7.1937748508307235,0.5905,0.5743,0.61,Gaia DR3 65298208867376384,56.157474125161585,24.427286641096313,7.1938,20.0526,-43.7316,0.0,2016.0,0.0
Gaia DR3 65298483745290368,7.6876803281520365,0.5574,0.5382,0.5756,Gaia DR3 65298483745290368,56.22548048214077,24.44616834794828,7.6877,19.8475,-46.0192,0.0,2016.0,7.37986123051538E-15
Gaia DR3 65299965511216384,7.422471130114677,0.6362,0.6289,0.6427,Gaia DR3 65299965511216384,56.16515315807857,24.52875146114693,7.4225,19.995,-46.2462,0.0,2016.0,3.552713678800501E-15
Gaia DR3 65304604076598784,7.321304362716817,0.7611,0.7449,0.7783,Gaia DR3 65304604076598784,59.16859512505391,22.146141741954974,7.3213,19.0176,-46.0089,0.0,2016.0,2.0060775280829835E-14
Gaia DR3 65309100904545280,7.608196881475199,0.1869,0.1785,0.197,Gaia DR3 65309100904545280,59.04641371219317,22.22098311857347,7.6082,21.6805,-46.5536,7.1738,2016.0,3.552713678800501E-15
Gaia DR3 65330099002345216,7.750298936212662,0.419,0.4025,0.4261,Gaia DR3 65330099002345216,59.024307561150344,22.439264785850384,7.7503,20.3698,-47.364,6.5665,2016.0,6.567437573911417E-15
Gaia DR3 65349684053273600,7.386335129308047,0.9801,0.9557,1.0009,Gaia DR3 65349684053273600,59.642486607819095,22.669617630478907,7.3863,19.1672,-45.3631,0.0,2016.0,9.668222908328342E-15
Gaia DR3 65393698877913728,7.218516929270328,0.818,0.796,0.8358,Gaia DR3 65393698877913728,58.60168673714938,22.688898820464534,7.2185,19.3808,-45.0782,0.0,2016.0,3.552713678800501E-15
Gaia DR3 65431185353051776,7.285566950670416,0.9508,0.9321,0.9714,Gaia DR3 65431185353051776,58.730663342751875,22.994346711636823,7.2856,19.4883,-44.6322,0.0,2016.0,3.552713678800501E-15
Gaia DR3 65434518247043072,7.401322942096517,0.616,0.6097,0.6222,Gaia DR3 65434518247043072,59.043355967436035,23.039795774197692,7.4013,19.1502,-44.7623,6.8004,2016.0,3.552713678800501E-15
Gaia DR3 65435102362687616,7.422215701590819,0.5561,0.5534,0.5591,Gaia DR3 65435102362687616,59.10418014852836,23.090594019048243,7.4222,19.7336,-46.2698,5.0593,2016.0,0.0
Gaia DR3 65437644983224320,7.364247553292616,0.312,0.2882,0.3204,Gaia DR3 65437644983224320,59.11726653104686,23.150073028495136,7.3642,18.5154,-45.7447,8.4052,2016.0,0.0
Gaia DR3 65467778474649856,7.4917930357404465,0.8056,0.7839,0.8179,Gaia DR3 65467778474649856,59.62918552417765,23.070053029348177,7.4918,17.9299,-45.9398,0.0,2016.0,3.552713678800501E-15
Gaia DR3 65471729844532864,7.396599891504868,1.0254,1.0194,1.0311,Gaia DR3 65471729844532864,59.864780390913005,23.12358794121916,7.3966,19.5658,-44.9698,6.6996,2016.0,3.552713678800501E-15
Gaia DR3 65544538129847936,7.140164284709472,0.774,0.7583,0.7873,Gaia DR3 65544538129847936,59.330591983935534,23.460322675022162,7.1402,18.1784,-43.7199,0.0,2016.0,6.518064226569634E-15
Gaia DR3 65552681387907200,7.485000062011078,0.7183,0.6892,0.7318,Gaia DR3 65552681387907200,59.82917533829612,23.523195667052423,7.485,19.106,-46.4211,0.0,2016.0,6.514956178884727E-15
Gaia DR3 65561099523771264,7.2715919760616465,0.768,0.7424,0.7961,Gaia DR3 65561099523771264,59.98542187692175,23.6708000007374,7.2716,17.3757,-44.2765,0.0,2016.0,7.414243459114598E-15
Gaia DR3 65561473183104640,7.365650912464818,0.6626,0.6451,0.6833,Gaia DR3 65561473183104640,59.99654739928412,23.684502413509016,7.3657,18.2381,-44.8753,0.0,2016.0,6.506946307986459E-15
Gaia DR3 65576011650237440,7.651702794399829,0.5344,0.5268,0.54,Gaia DR3 65576011650237440,59.73770918944594,23.708534844803808,7.6517,18.6162,-47.1154,35.3291,2016.0,6.5057485342417776E-15
Gaia DR3 65588484235454592,7.293432572419531,0.3199,0.3135,0.3254,Gaia DR3 65588484235454592,58.26896651993362,22.801152586524747,7.2934,19.0367,-45.5609,6.2502,2016.0,7.451616173701623E-15
Gaia DR3 65589137070475264,7.730450865699229,0.6208,0.6143,0.6277,Gaia DR3 65589137070475264,58.31550471151817,22.870486617226987,7.7305,19.4991,-47.3049,-8.7885,2016.0,7.448683080594114E-15
Gaia DR3 65603946117575936,7.420786200411975,,,,Gaia DR3 65603946117575936,58.25684895576226,22.97990043814057,7.4208,18.6791,-45.2283,0.0,2016.0,6.541553905987903E-15
Gaia DR3 65605354866829184,7.339353946453763,0.6303,0.6225,0.6405,Gaia DR3 65605354866829184,58.29240738957876,23.052790825962784,7.3394,19.7366,-46.5361,-6.364,2016.0,0.0
Gaia DR3 65626623544976768,7.137677265702494,0.684,0.6723,0.699,Gaia DR3 65626623544976768,58.65574608992024,23.225564592105965,7.1377,19.0058,-43.6222,0.0,2016.0,7.433535368520481E-15
Gaia DR3 65635522717170944,7.351477392023253,0.6204,0.612,0.6288,Gaia DR3 65635522717170944,58.87881546681414,23.39733058626634,7.3515,18.0613,-44.0414,0.0,2016.0,7.105427357601002E-15
Gaia DR3 65641634452663296,6.977480091655439,0.8185,0.786,0.8537,Gaia DR3 65641634452663296,58.504722163146866,23.327914274720143,6.9775,18.0831,-42.808,0.0,2016.0,0.0
Gaia DR3 65643184938861312,7.593239732644184,0.572,0.5672,0.5774,Gaia DR3 65643184938861312,58.554286648334305,23.347269706275018,7.5932,19.4331,-46.7889,58.0623,2016.0,7.428294787706201E-15
Gaia DR3 65671634801986048,7.282151258469367,0.7109,0.7023,0.7184,Gaia DR3 65671634801986048,57.83124732910963,23.16358608120615,7.2822,18.8169,-43.4424,0.0,2016.0,7.436194617883612E-15
Gaia DR3 65673593307063552,7.39121408595741,,,,Gaia DR3 65673593307063552,57.81600521946067,23.282072324477088,7.3912,20.2661,-45.1989,-1.5548,2016.0,0.0
Gaia DR3 65674383581036800,7.3552931632241805,0.5236,0.5174,0.5292,Gaia DR3 65674383581036800,57.96320232011635,23.294606604742206,7.3553,18.7186,-46.0289,0.1532,2016.0,3.552713678800501E-15
Gaia DR3 65677372878285312,7.333804587650971,0.1261,0.118,0.1332,Gaia DR3 65677372878285312,57.71444143460519,23.328868779468966,7.3338,18.8884,-46.3322,6.4026,2016.0,0.0
Gaia DR3 65677506019076224,7.273865469453809,0.6214,0.582,0.6695,Gaia DR3 65677506019076224,57.679511495208054,23.332013611472313,7.2739,19.147,-45.5169,0.0,2016.0,6.524382667810578E-15
Gaia DR3 65680499614460800,7.484240264221193,0.2049,0.1993,0.2104,Gaia DR3 65680499614460800,57.989007972376015,23.3392212985117,7.4842,20.8443,-46.4849,5.4294,2016.0,0.0
Gaia DR3 65688539793220480,7.326865311897123,0.6803,0.6667,0.6939,Gaia DR3 65688539793220480,57.96486380442858,23.58017097963821,7.3269,20.0453,-47.2058,0.0,2016.0,6.512132899791898E-15
Gaia DR3 65697267166874240,7.784782543947762,,,,Gaia DR3 65697267166874240,58.29021865632223,23.56311313950644,7.7848,19.8129,-47.1204,0.0,2016.0,6.512978836870228E-15
Gaia DR3 65699569269925888,7.410325385253006,0.703,0.689,0.7162,Gaia DR3 65699569269925888,58.51141173896991,23.583472053671844,7.4103,18.7202,-46.105,0.0,2016.0,0.0
Gaia DR3 65701527774387840,7.4050316715605184,0.6442,0.634,0.6535,Gaia DR3 65701527774387840,58.59373152659762,23.63651277018731,7.405,18.3691,-45.9798,0.0,2016.0,7.415740857912754E-15
Gaia DR3 65707673870040832,7.859820054121889,0.5729,0.5377,0.6821,Gaia DR3 65707673870040832,58.21587315431726,23.563201391104737,7.8598,20.3357,-47.4093,0.0,2016.0,7.418935962997143E-15
Gaia DR3 65712488530853120,7.842320091834718,0.2359,0.2323,0.2395,Gaia DR3 65712488530853120,58.09386516372074,23.644663086556115,7.8423,20.3512,-48.3416,8.5629,2016.0,0.0
Gaia DR3 65717814290369920,7.728498800241649,0.651,0.6432,0.659,Gaia DR3 65717814290369920,58.44830839896579,23.741741817375793,7.7285,19.2623,-47.788,0.0,2016.0,6.504091618991836E-15
Gaia DR3 65719463557799424,7.864910535896297,,,,Gaia DR3 65719463557799424,58.450234631246445,23.81918184093902,7.8649,20.0635,-46.8863,0.0,2016.0,1.300043827467602E-14
Gaia DR3 65720734868130816,7.3122275822989975,0.6439,0.6318,0.6558,Gaia DR3 65720734868130816,58.35055879613578,23.799400414244115,7.3122,20.1254,-44.9148,0.0,2016.0,1.3002418921794649E-14
Gaia DR3 65732447241199744,7.487212114131658,0.2351,0.2235,0.2436,Gaia DR3 65732447241199744,58.98356165238337,23.567063288875058,7.4872,19.1379,-46.0828,6.2318,2016.0,3.552713678800501E-15
Gaia DR3 65750627840192256,7.250917408676775,0.3207,0.3008,0.3333,Gaia DR3 65750627840192256,58.870949393255714,23.772242308625067,7.2509,17.7591,-44.9525,0.9219,2016.0,7.105427357601002E-15
Gaia DR3 65768151306811904,7.174693891962564,1.7215,1.7104,1.7391,Gaia DR3 65768151306811904,59.40037575316987,23.931010203419202,7.1747,17.8841,-44.0664,-4.0587,2016.0,3.552713678800501E-15
Gaia DR3 65772789871345024,7.487762389712789,0.6671,0.6521,0.6834,Gaia DR3 65772789871345024,59.50825675474172,23.898337035153258,7.4878,18.9951,-47.2677,0.0,2016.0,0.0
Gaia DR3 65775195052996608,7.477131647479549,0.5825,0.5724,0.5919,Gaia DR3 65775195052996608,59.604827774425196,24.016123941933326,7.4771,19.6647,-45.6257,0.0,2016.0,6.490317327644009E-15
Gaia DR3 65776736943479808,7.019555905798031,0.1853,0.182,0.1888,Gaia DR3 65776736943479808,59.587172485647514,24.080920608382456,7.0196,18.1685,-43.1579,5.2094,2016.0,1.9461128174121297E-14
Gaia DR3 65779971056668032,7.7564569906051215,0.6928,0.6713,0.7448,Gaia DR3 65779971056668032,59.38781403425705,23.94626374387572,7.7565,19.6511,-48.1041,0.0,2016.0,1.2987677049674302E-14
Gaia DR3 65781345446197504,7.602595875652743,0.562,0.5264,0.5898,Gaia DR3 65781345446197504,59.32027138426084,24.00899009889595,7.6026,19.1917,-46.887,6.4687,2016.0,0.0
Gaia DR3 65783029073414144,7.444990183139546,0.5489,0.5434,0.5549,Gaia DR3 65783029073414144,59.077544104505236,23.964214301726617,7.445,18.991,-46.5938,0.5801,2016.0,3.552713678800501E-15
Gaia DR3 65787289680918528,7.284318379289529,0.1352,0.1294,0.1449,Gaia DR3 65787289680918528,59.38888478791151,24.052986460733216,7.2843,18.7608,-45.3127,6.9514,2016.0,3.552713678800501E-15
Gaia DR3 65801205374896128,7.754253502491794,0.5976,0.5799,0.6157,Gaia DR3 65801205374896128,58.600048205654964,23.866179856011417,7.7543,18.9826,-47.2491,0.0,2016.0,0.0
Gaia DR3 65807218329068544,7.097516531348718,0.6858,0.6649,0.7042,Gaia DR3 65807218329068544,58.89344311764004,23.974417285254003,7.0975,18.5066,-43.2867,0.0,2016.0,0.0
Gaia DR3 65814979333012352,7.347398824127069,,,,Gaia DR3 65814979333012352,58.61721631631697,23.943195602541135,7.3474,19.1612,-45.2812,0.0,2016.0,1.4804555906832786E-14
Gaia DR3 65819965792011904,7.38953573788731,0.0598,0.0514,0.0671,Gaia DR3 65819965792011904,58.59003991693849,24.075488278861247,7.3895,19.3283,-45.6525,5.1789,2016.0,7.396422364919481E-15
Gaia DR3 65823676643738368,7.323080413458586,0.6291,0.6229,0.6349,Gaia DR3 65823676643738368,58.7874571658436,24.083901130667407,7.3231,18.338,-45.3166,-37.9399,2016.0,0.0
Gaia DR3 65830548591559936,7.345629821126317,0.6585,0.6489,0.6685,Gaia DR3 65830548591559936,59.12049699590219,24.03155863771737,7.3456,20.1396,-46.4275,0.0,2016.0,6.4895380636558075E-15
Gaia DR3 65844361206181376,7.185120293680008,0.4916,0.4864,0.4975,Gaia DR3 65844361206181376,59.10811041445935,24.280794607195674,7.1851,18.2714,-45.3399,16.3938,2016.0,0.0
Gaia DR3 65864427293364864,7.504791433754841,0.2072,0.1498,0.2352,Gaia DR3 65864427293364864,58.99343210356197,24.54973327420377,7.5048,18.6089,-46.9263,6.1184,2016.0,6.463103620258979E-15
Gaia DR3 65963348980559616,7.771396574481468,0.828,0.8126,0.8423,Gaia DR3 65963348980559616,60.03762711608223,24.056931001364156,7.7714,19.0428,-48.4573,0.0,2016.0,0.0
Gaia DR3 66223585341377152,7.010236347705897,0.071,0.0331,0.1132,Gaia DR3 66223585341377152,59.41233223813142,24.461969583256792,7.0102,18.6536,-44.7433,0.0,2016.0,6.467618089286249E-15
Gaia DR3 66289044940711168,7.2050917204075295,0.8405,0.8286,0.8569,Gaia DR3 66289044940711168,60.48279665891389,24.733872010726543,7.2051,18.8169,-42.2362,0.0,2016.0,1.3387183432017407E-14
Gaia DR3 66429232674604544,7.228956227453397,0.6084,0.5982,0.6657,Gaia DR3 66429232674604544,57.61403231496382,23.379012559358603,7.229,19.8378,-44.8542,0.0,2016.0,7.105427357601002E-15
Gaia DR3 66431775295228288,7.616449684837002,0.7671,0.7419,0.7897,Gaia DR3 66431775295228288,57.67568656986667,23.49238902121514,7.6164,21.0659,-45.9522,0.0,2016.0,6.5164800473390125E-15
Gaia DR3 66441323003146112,7.255212370705698,0.6776,0.6652,0.6899,Gaia DR3 66441323003146112,57.76373831664204,23.583228242863537,7.2552,17.9786,-44.8252,0.0,2016.0,3.552713678800501E-15
Gaia DR3 66445038154189952,7.360262849437637,0.613,0.5955,0.6289,Gaia DR3 66445038154189952,57.79958344537178,23.74521180500478,7.3603,18.6594,-45.6242,0.0,2016.0,0.0
Gaia DR3 66451429065390080,7.4006288091952,0.9123,0.9023,0.9246,Gaia DR3 66451429065390080,57.37428421162854,23.648515417234574,7.4006,19.2306,-46.2652,0.0,2016.0,7.415216898394676E-15
Gaia DR3 66451497784867712,7.376227208651057,0.5628,0.5556,0.5694,Gaia DR3 66451497784867712,57.33962532353392,23.6515782545828,7.3762,18.2045,-45.5552,0.0,2016.0,7.105427357601002E-15
Gaia DR3 66452047540860160,7.362058685060756,0.5914,0.577,0.607,Gaia DR3 66452047540860160,57.38016945576194,23.688630836824323,7.3621,19.9578,-44.5237,0.0,2016.0,6.506740629252476E-15
Gaia DR3 66452734735432192,7.272111078001381,0.4777,0.465,0.4895,Gaia DR3 66452734735432192,57.493149308189984,23.70921379286682,7.2721,17.4035,-44.8748,24.2781,2016.0,6.50571467891889E-15
Gaia DR3 66452769091505024,7.208992297855638,0.0155,0.0095,0.0255,Gaia DR3 66452769091505024,57.459924115814104,23.705388529695107,7.209,19.5867,-44.0236,5.5657,2016.0,0.0
Gaia DR3 66453181412027392,7.226296204120492,0.9023,0.8862,0.919,Gaia DR3 66453181412027392,57.49021652557216,23.724321434845983,7.2263,19.0954,-45.2523,0.0,2016.0,3.552713678800501E-15
Gaia DR3 66453490649681280,7.46248486399861,0.0071,0.0063,0.0081,Gaia DR3 66453490649681280,57.431468357888065,23.711649593760512,7.4625,17.8685,-45.5724,0.0,2016.0,0.0
Gaia DR3 66460225158376192,7.440036984242798,0.662,0.6422,0.6799,Gaia DR3 66460225158376192,57.552561036719965,23.8134127071611,7.44,19.4886,-46.4378,0.0,2016.0,0.0
Gaia DR3 66462939577861248,7.251408520456074,0.0865,0.0742,0.0945,Gaia DR3 66462939577861248,57.667058127725106,23.932844783221913,7.2514,18.7064,-44.3581,4.6223,2016.0,0.0
Gaia DR3 66468918172339328,7.242062708797047,0.7105,0.6926,0.7239,Gaia DR3 66468918172339328,57.89280600086858,23.797032725739253,7.2421,19.1082,-45.4162,0.0,2016.0,0.0
Gaia DR3 66469742806047744,7.570281067984224,0.9065,0.883,0.9345,Gaia DR3 66469742806047744,57.91338206199028,23.854915222382793,7.5703,18.863,-46.4289,0.0,2016.0,3.552713678800501E-15
Gaia DR3 66470567439742208,7.524097803760037,0.6908,0.6703,0.7105,Gaia DR3 66470567439742208,58.078043915408045,23.87669033680424,7.5241,18.4794,-45.7736,0.0,2016.0,6.4973356719517736E-15
Gaia DR3 66471220274934272,7.5653725973483175,0.1195,0.1041,0.1257,Gaia DR3 66471220274934272,57.9870267667612,23.90175276491097,7.5654,20.569,-45.9344,5.7702,2016.0,6.496076998346009E-15
Gaia DR3 66473178779856768,7.437968020642974,0.6496,0.5961,0.7546,Gaia DR3 66473178779856768,58.138996019792735,23.851738078375988,7.438,19.5522,-44.8338,0.0,2016.0,6.498587577666151E-15
Gaia DR3 66473728535654784,7.465864814559664,0.8515,0.836,0.8687,Gaia DR3 66473728535654784,58.18460820130285,23.904011569483767,7.4659,17.7158,-44.7873,0.0,2016.0,3.552713678800501E-15
Gaia DR3 66480944080770176,7.332011141563543,0.1238,0.1167,0.1407,Gaia DR3 66480944080770176,57.82037107284832,23.826399611095386,7.332,19.8401,-46.7612,5.8242,2016.0,7.407423525802157E-15
Gaia DR3 66481734354737792,7.370803781679368,0.3315,0.3199,0.3377,Gaia DR3 66481734354737792,57.85568054293428,23.889171778893992,7.3708,19.1135,-46.8622,6.7227,2016.0,1.3470363220586696E-14
Gaia DR3 66481837433947392,7.49850135876853,0.6247,0.5876,0.6641,Gaia DR3 66481837433947392,57.87484201908012,23.899035571281136,7.4985,18.7632,-45.8903,-6.9253,2016.0,0.0
Gaia DR3 66482868226100096,7.523942582220989,0.4991,0.4716,0.5143,Gaia DR3 66482868226100096,57.800396950236845,23.93243025022529,7.5239,19.6268,-46.6327,-1.3615,2016.0,0.0
Gaia DR3 66483761579269888,7.5226590840494225,0.6279,0.6172,0.6384,Gaia DR3 66483761579269888,57.9794373962889,23.96153929783951,7.5227,18.9405,-46.2527,0.0,2016.0,3.552713678800501E-15
Gaia DR3 66483795939004416,7.323122391078233,0.7111,0.6999,0.7207,Gaia DR3 66483795939004416,57.9931707213807,23.97188582540666,7.3231,17.5429,-45.7919,0.0,2016.0,3.552713678800501E-15
Gaia DR3 66485582645439104,7.21238536877687,,,,Gaia DR3 66485582645439104,57.7424400126132,23.92835794530036,7.2124,18.4313,-43.3139,0.0,2016.0,0.0
Gaia DR3 66489259137570816,7.47403630098569,0.1257,0.1203,0.131,Gaia DR3 66489259137570816,57.85177827355964,24.087172363395553,7.474,19.1404,-45.0784,7.1906,2016.0,6.4867263433627415E-15
Gaia DR3 66497952151148544,7.514225040745198,,,,Gaia DR3 66497952151148544,58.018711167354724,24.24417935611303,7.5142,19.0289,-44.5829,0.0,2016.0,3.552713678800501E-15
Gaia DR3 66501181966524800,7.263685576556919,0.1678,0.1655,0.1703,Gaia DR3 66501181966524800,57.38809269499062,23.795195713242105,7.2637,19.9237,-43.7521,7.1496,2016.0,0.0
Gaia DR3 66506331628024832,7.417763214315631,0.0314,0.0231,0.0498,Gaia DR3 66506331628024832,57.3008750959372,23.886587601561303,7.4178,19.6207,-45.1732,3.5749,2016.0,6.496838764644591E-15
Gaia DR3 66507469798631808,7.389021187429237,0.2846,0.2822,0.2874,Gaia DR3 66507469798631808,57.491988012399965,23.84848726390722,7.389,18.3778,-45.8703,0.0,2016.0,1.2997501173837209E-14
Gaia DR3 66507882115488128,7.5888018064744225,0.5676,0.5606,0.5767,Gaia DR3 66507882115488128,57.5091413924293,23.862222908526427,7.5888,19.7843,-45.2905,0.0,2016.0,7.405847697107201E-15
Gaia DR3 66511970924353792,7.528337727096914,,,,Gaia DR3 66511970924353792,57.385640805744764,23.928295867174427,7.5283,18.3784,-45.3523,0.0,2016.0,7.402935635577132E-15
Gaia DR3 66512074003566976,7.28785562194042,,,,Gaia DR3 66512074003566976,57.40055541252771,23.939616754347057,7.2879,19.4115,-44.573,0.0,2016.0,0.0
Gaia DR3 66515196441155712,7.266968856626455,1.133,1.118,1.1478,Gaia DR3 66515196441155712,57.46854339143763,24.06178832599802,7.267,19.9467,-44.7441,0.0,2016.0,9.621921729770373E-15
Gaia DR3 66515922294233728,7.305320987164373,0.6014,0.5914,0.6113,Gaia DR3 66515922294233728,57.48126199309243,24.10123486773792,7.3053,18.9598,-43.541,0.0,2016.0,3.552713678800501E-15
Gaia DR3 66517468482370176,7.295109846533388,,,,Gaia DR3 66517468482370176,57.07512164513408,23.891273678457935,7.2951,19.1044,-45.3486,8.4768,2016.0,3.552713678800501E-15
Gaia DR3 66517468482370304,7.288929036654956,0.0087,0.002,0.0187,Gaia DR3 66517468482370304,57.07140351416555,23.890150538515897,7.2889,17.886,-45.4954,5.7444,2016.0,6.496659834491814E-15
Gaia DR3 66521179334108928,7.245161749059522,0.6377,0.6112,0.6682,Gaia DR3 66521179334108928,57.124052826324814,23.96812762181643,7.2452,19.513,-44.302,0.0,2016.0,0.0
Gaia DR3 66521381194879232,7.547372277549449,0.6118,0.5561,0.6287,Gaia DR3 66521381194879232,57.055515054741626,23.97951838435878,7.5474,19.6569,-45.8382,0.0,2016.0,6.492163578860487E-15
Gaia DR3 66522107047046656,7.268901985724207,0.6655,0.6496,0.693,Gaia DR3 66522107047046656,57.038448290869866,23.97778621777134,7.2689,18.5019,-46.7846,0.0,2016.0,0.0
Gaia DR3 66522137109124096,7.155010040680028,0.5596,0.5481,0.5711,Gaia DR3 66522137109124096,57.04245461771875,23.9887810553353,7.155,20.4041,-46.0348,0.0,2016.0,1.2983393307646214E-14
Gaia DR3 66522381924952704,7.189384900282409,0.5686,0.5562,0.579,Gaia DR3 66522381924952704,57.02772402473882,24.001720385327307,7.1894,19.0804,-44.482,0.0,2016.0,6.491044106826227E-15
Gaia DR3 66523103479455232,7.065936301955448,0.5469,0.5338,0.5631,Gaia DR3 66523103479455232,57.1408153492653,24.032849766880865,7.0659,19.2992,-44.182,0.0,2016.0,3.552713678800501E-15
Gaia DR3 66523103479455744,7.1438013870737755,0.7095,0.6916,0.7265,Gaia DR3 66523103479455744,57.132713905116596,24.0328031975566,7.1438,18.5383,-44.3835,0.0,2016.0,9.62290945659709E-15
Gaia DR3 66523893753437824,7.419126279193348,0.0018,4.0E-4,0.0047,Gaia DR3 66523893753437824,57.1091158768964,24.048182417276898,7.4191,19.6734,-46.2582,4.8346,2016.0,1.3454909654616678E-14
Gaia DR3 66529975427235712,7.241378315608465,,,,Gaia DR3 66529975427235712,57.296830774548276,24.136498420483132,7.2414,19.4961,-47.6499,0.0,2016.0,7.105427357601002E-15
Gaia DR3 66531178017967872,7.266633947167958,0.6017,0.5894,0.6128,Gaia DR3 66531178017967872,57.19179572682798,24.169978738090546,7.2666,19.0457,-45.2469,0.0,2016.0,0.0
Gaia DR3 66532174450470656,7.3912177169253,0.6685,0.6532,0.6838,Gaia DR3 66532174450470656,57.38806152316218,24.217798918238252,7.3912,20.9815,-47.477,0.0,2016.0,6.48009809143469E-15
Gaia DR3 66532621126978304,7.2574319959588145,0.6069,0.5967,0.6159,Gaia DR3 66532621126978304,57.256307043180996,24.193801656627617,7.2574,17.891,-46.6039,0.0,2016.0,0.0
Gaia DR3 66533170882790784,7.18561969642408,0.6381,0.6149,0.6557,Gaia DR3 66533170882790784,57.2976457525844,24.240006059135766,7.1856,19.3553,-45.8042,0.0,2016.0,0.0
Gaia DR3 66536331978799616,7.2832093920825285,0.5067,0.5009,0.512,Gaia DR3 66536331978799616,57.73930403705871,24.10836898081129,7.2832,19.002,-44.0966,1.3897,2016.0,6.485653075487222E-15
Gaia DR3 66537981246228096,7.156892922325294,0.0826,0.0785,0.0881,Gaia DR3 66537981246228096,57.72961087519808,24.19724656530266,7.1569,18.8567,-43.3861,5.4909,2016.0,7.39100747972969E-15
Gaia DR3 66539252556578816,7.422949703786111,,,,Gaia DR3 66539252556578816,57.52114270787197,24.12375084194353,7.4229,18.3262,-46.979,5.8471,2016.0,3.552713678800501E-15
Gaia DR3 66541142342159232,7.334389583114657,0.6473,0.6295,0.6693,Gaia DR3 66541142342159232,57.6768887678008,24.21524450768627,7.3344,19.7611,-44.7895,0.0,2016.0,0.0
Gaia DR3 66542551091588352,7.705673625166558,0.5163,0.509,0.5226,Gaia DR3 66542551091588352,57.82952312547876,24.170125158790004,7.7057,20.7148,-48.2246,-21.6578,2016.0,0.0
Gaia DR3 66546742979468416,7.336717461362355,0.6537,0.6419,0.664,Gaia DR3 66546742979468416,57.92638266259304,24.361311807427377,7.3367,19.7947,-44.4882,0.0,2016.0,0.0
Gaia DR3 66551686483467904,7.205215857775971,0.6016,0.5561,0.6479,Gaia DR3 66551686483467904,57.49815604974855,24.19589894135323,7.2052,19.9289,-43.6182,0.0,2016.0,3.552713678800501E-15
Gaia DR3 66553443128503552,7.416513000247243,0.5254,0.5168,0.5331,Gaia DR3 66553443128503552,57.56367778980366,24.22654240156528,7.4165,19.3025,-44.2812,0.0,2016.0,0.0
Gaia DR3 66553885506789504,7.846879238903435,,,,Gaia DR3 66553885506789504,57.57983415846098,24.27596355160887,7.8469,19.2826,-47.2434,0.0,2016.0,3.552713678800501E-15
Gaia DR3 66555985749157760,7.454869915597753,0.0789,0.0629,0.1374,Gaia DR3 66555985749157760,57.35836849831732,24.24749646235856,7.4549,21.2485,-46.0748,2.9258,2016.0,6.478586478355927E-15
Gaia DR3 66556535504957568,7.176475690564863,0.6181,0.6104,0.626,Gaia DR3 66556535504957568,57.40227687241278,24.30373739744004,7.1765,18.7101,-45.7571,0.0,2016.0,7.386251515258684E-15
Gaia DR3 66556535504958848,7.462035109288245,0.2251,0.221,0.2285,Gaia DR3 66556535504958848,57.40235505704586,24.295859565672455,7.462,18.1826,-45.9435,6.6352,2016.0,0.0
Gaia DR3 66558249192653952,7.315576014582632,0.1935,0.1803,0.1992,Gaia DR3 66558249192653952,57.48590927641627,24.348794070150266,7.3156,19.5054,-44.5996,0.5819,2016.0,0.0
Gaia DR3 66560349435890176,7.624237364113361,0.5834,0.5726,0.5948,Gaia DR3 66560349435890176,57.6379095792957,24.339206308563956,7.6242,19.4094,-46.9116,0.0,2016.0,3.552713678800501E-15
Gaia DR3 66560727393001216,7.474582166375677,,,,Gaia DR3 66560727393001216,57.72778472773581,24.365326702461758,7.4746,19.1687,-47.1002,0.0,2016.0,0.0
Gaia DR3 66565365957676416,7.247913855179051,0.1087,0.0962,0.1272,Gaia DR3 66565365957676416,57.58720760547455,24.466545088074653,7.2479,20.3459,-45.4828,5.4017,2016.0,0.0
Gaia DR3 66565778274538624,7.400733451814482,0.6299,0.6169,0.6429,Gaia DR3 66565778274538624,57.54494597991424,24.47802874104996,7.4007,18.4869,-45.2898,0.0,2016.0,6.466793157651245E-15
Gaia DR3 66566946505629440,7.217253321624427,0.2139,0.2089,0.2196,Gaia DR3 66566946505629440,57.644175638875446,24.507572021342792,7.2173,19.8436,-45.0407,7.545,2016.0,3.552713678800501E-15
Gaia DR3 66567427541958784,6.968903348659405,0.663,0.6529,0.6747,Gaia DR3 66567427541958784,57.729165547344984,24.550845313923535,6.9689,17.4902,-42.3713,0.0,2016.0,6.4630463208298626E-15
Gaia DR3 66570554277316992,7.264549191017467,0.218,0.1933,0.2294,Gaia DR3 66570554277316992,58.348871614505505,24.064836614014734,7.2645,19.4329,-45.3003,5.6737,2016.0,6.487856329309203E-15
Gaia DR3 66581549393480704,7.419621943102175,0.4118,0.4042,0.4165,Gaia DR3 66581549393480704,58.61864199674141,24.320930193016103,7.4196,18.8223,-46.7566,7.1176,2016.0,7.105427357601002E-15
Gaia DR3 66581961710329984,7.343930547078326,0.0262,0.0087,0.0454,Gaia DR3 66581961710329984,58.60525412078834,24.35988384412902,7.3439,18.2099,-45.5406,8.7639,2016.0,0.0
Gaia DR3 66593437863017984,7.340703499896584,0.779,0.7654,0.7938,Gaia DR3 66593437863017984,58.18540466189003,24.349683324365028,7.3407,18.2859,-44.6008,0.0,2016.0,0.0
Gaia DR3 66623605713181184,7.660626561278848,,,,Gaia DR3 66623605713181184,58.50166129570049,24.580373961038816,7.6606,18.5118,-45.629,0.0,2016.0,0.0
Gaia DR3 66624357329718400,7.510723470118595,0.5841,0.5323,0.6177,Gaia DR3 66624357329718400,58.66312909035236,24.59833239982543,7.5107,19.7107,-45.1394,0.0,2016.0,0.0
Gaia DR3 66640712564777856,7.348432689535009,0.8342,0.822,0.8448,Gaia DR3 66640712564777856,57.972539587398884,24.386761624747308,7.3484,20.0766,-46.2653,5.496,2016.0,1.9414423894911915E-14
Gaia DR3 66648001127514368,7.329962061772594,0.6159,0.6036,0.6331,Gaia DR3 66648001127514368,58.18023060080065,24.466110780522413,7.33,18.0864,-44.6909,0.0,2016.0,0.0
Gaia DR3 66652467893487488,7.180182816201832,0.415,0.3989,0.4471,Gaia DR3 66652467893487488,58.08614920432304,24.565304174952797,7.1802,18.501,-44.6158,-14.7712,2016.0,0.0
Gaia DR3 66655560269868544,7.35145204021169,0.0243,0.0192,0.0296,Gaia DR3 66655560269868544,58.22291567603581,24.71553110367964,7.3515,18.176,-45.0408,6.2499,2016.0,6.454533784847415E-15
Gaia DR3 66657415696297344,7.251437641917489,0.0316,0.024,0.0646,Gaia DR3 66657415696297344,57.86348961016656,24.518448754707425,7.2514,19.7466,-45.4513,5.6289,2016.0,0.0
Gaia DR3 66658240329321088,7.468706765589364,0.5949,0.5836,0.6062,Gaia DR3 66658240329321088,57.76509213509881,24.542956563812567,7.4687,19.2474,-46.1675,0.0,2016.0,1.2926905494559985E-14
Gaia DR3 66658996243552000,7.479410227862506,0.2181,0.2065,0.2299,Gaia DR3 66658996243552000,57.913750384057074,24.548696125636305,7.4794,21.2311,-46.0593,5.4884,2016.0,6.463157058620669E-15
Gaia DR3 66659271121456768,7.421206266094838,0.6297,0.614,0.6517,Gaia DR3 66659271121456768,57.891738387194295,24.568991301553485,7.4212,20.3426,-46.7185,0.0,2016.0,1.2924221958024507E-14
Gaia DR3 66659408560406528,7.351766950892662,0.5453,0.5373,0.5537,Gaia DR3 66659408560406528,57.91303365598468,24.591264585269954,7.3518,19.7557,-44.2656,0.0,2016.0,3.552713678800501E-15
Gaia DR3 66665902550940672,7.266969975379016,0.4931,0.4839,0.5036,Gaia DR3 66665902550940672,57.995147229750785,24.66772413079618,7.267,18.0052,-44.8871,0.4634,2016.0,6.457010402442333E-15
Gaia DR3 66665902550940800,7.254904557109769,0.5605,0.5546,0.5661,Gaia DR3 66665902550940800,57.99722936044795,24.666178384513103,7.2549,17.5775,-44.625,0.0,2016.0,3.552713678800501E-15
Gaia DR3 66694455493470464,7.295031761348758,0.0027,7.0E-4,0.0064,Gaia DR3 66694455493470464,58.24652162702127,24.9013424551909,7.295,20.669,-45.2484,6.9834,2016.0,3.552713678800501E-15
Gaia DR3 66695688147432832,7.418578701587108,,,,Gaia DR3 66695688147432832,58.233085510389145,24.961471693181505,7.4186,19.2209,-46.5589,0.0,2016.0,0.0
Gaia DR3 66702048996405632,7.458047576791752,0.7683,0.7594,0.7778,Gaia DR3 66702048996405632,58.35214695354688,25.03513354258102,7.458,19.22,-46.0746,0.0,2016.0,3.552713678800501E-15
Gaia DR3 66710845088732160,7.555830848391911,0.4329,0.4067,0.4423,Gaia DR3 66710845088732160,56.94337881610533,24.050481718343995,7.5558,20.1727,-46.5139,26.5016,2016.0,7.105427357601002E-15
Gaia DR3 66710948167949696,7.493789781759396,0.4945,0.4729,0.5294,Gaia DR3 66710948167949696,56.893874791894575,24.039553949276844,7.4938,19.013,-44.9709,0.0,2016.0,1.2978268425443317E-14
Gaia DR3 66711532283494656,7.361301794834977,0.61,0.5953,0.6215,Gaia DR3 66711532283494656,56.94067213271087,24.093478715572004,7.3613,20.1635,-43.6756,0.0,2016.0,3.552713678800501E-15
Gaia DR3 66712253837994880,7.217691953294109,0.5983,0.5825,0.6133,Gaia DR3 66712253837994880,57.026765715524206,24.114207274352665,7.2177,20.1122,-46.8538,0.0,2016.0,7.394703093588738E-15
Gaia DR3 66715105696289024,7.199902345703015,0.1086,0.104,0.1127,Gaia DR3 66715105696289024,56.837760020213594,24.116067483641807,7.1999,20.3442,-45.0764,0.0,2016.0,0.0
Gaia DR3 66715273197982848,7.269312246192696,0.0763,0.0718,0.0808,Gaia DR3 66715273197982848,56.83070036887997,24.138920132623063,7.2693,19.0171,-43.9276,4.7307,2016.0,3.552713678800501E-15
Gaia DR3 66717987616472704,7.4346115300961575,0.6852,0.665,0.7038,Gaia DR3 66717987616472704,56.98605009588485,24.258670981441913,7.4346,20.5099,-44.7169,0.0,2016.0,1.4776532998778257E-14
Gaia DR3 66719194505127168,7.210367345445619,0.7153,0.7001,0.7322,Gaia DR3 66719194505127168,57.147957099171315,24.200692552456047,7.2104,20.716,-45.7154,0.0,2016.0,0.0
Gaia DR3 66719228864863360,7.3876554613403265,0.5282,0.5134,0.5459,Gaia DR3 66719228864863360,57.16636349176904,24.211712564846707,7.3877,18.4651,-46.533,0.0,2016.0,0.0
Gaia DR3 66720534534913792,7.341192082208167,0.4875,0.4799,0.4981,Gaia DR3 66720534534913792,57.1294732995043,24.281273105178414,7.3412,20.5598,-46.529,8.486,2016.0,0.0
Gaia DR3 66722660540945408,7.320987918447825,0.3279,0.3065,0.3467,Gaia DR3 66722660540945408,57.23194867596918,24.361013705805277,7.321,19.272,-44.9127,0.0,2016.0,7.383685779928108E-15
Gaia DR3 66727234683931520,7.276889102352219,0.1127,0.1071,0.1171,Gaia DR3 66727234683931520,56.76502117317897,24.159487376870935,7.2769,19.3333,-44.7248,27.3519,2016.0,7.392689341539873E-15
Gaia DR3 66728089380491648,7.219228074892927,0.6627,0.6422,0.6857,Gaia DR3 66728089380491648,56.796014445411146,24.230810652961136,7.2192,19.5126,-45.7944,0.0,2016.0,6.479436004855355E-15
Gaia DR3 66728089380492160,7.1911527684325165,0.6856,0.6639,0.7066,Gaia DR3 66728089380492160,56.799503754015504,24.23144167346539,7.1912,19.074,-43.2992,0.0,2016.0,0.0
Gaia DR3 66728501697350016,7.379354659402112,1.3504,1.3301,1.3728,Gaia DR3 66728501697350016,56.757758532077304,24.224328016207984,7.3794,18.8269,-43.7968,0.0,2016.0,1.3437679835669858E-14
Gaia DR3 66729021390315904,7.833640432074027,0.6223,0.6031,0.6431,Gaia DR3 66729021390315904,56.789309152832566,24.259489450443994,7.8336,18.7084,-44.9824,0.0,2016.0,7.388229934317621E-15
Gaia DR3 66729261908482048,7.357064223916837,0.004,0.001,0.0109,Gaia DR3 66729261908482048,56.791988143840086,24.276453622807093,7.3571,19.9595,-44.498,0.0,2016.0,0.0
Gaia DR3 66729635568719872,7.500762900049822,,,,Gaia DR3 66729635568719872,56.843316117444246,24.238406871747408,7.5008,20.2148,-44.3193,0.0,2016.0,3.552713678800501E-15
Gaia DR3 66729674225341696,7.5495680701742245,0.585,0.5691,0.6009,Gaia DR3 66729674225341696,56.85469975761968,24.25462065234576,7.5496,21.0872,-46.0276,0.0,2016.0,0.0
Gaia DR3 66729880383767168,7.230057778664303,0.3526,0.35,0.3551,Gaia DR3 66729880383767168,56.87281395748792,24.288130246334337,7.2301,18.551,-46.9218,0.0,2016.0,0.0
Gaia DR3 66730601936067072,7.487082766346878,1.1101,1.0894,1.1313,Gaia DR3 66730601936067072,56.84287803292823,24.283136549118414,7.4871,20.7177,-47.4966,0.0,2016.0,0.0
Gaia DR3 66733763034205696,7.383106353077731,0.5925,0.5738,0.6034,Gaia DR3 66733763034205696,56.78401518543688,24.306630324930296,7.3831,21.055,-47.4608,12.1475,2016.0,6.475571365739008E-15
Gaia DR3 66734725106867968,6.954858021476296,0.8651,0.8484,0.8888,Gaia DR3 66734725106867968,56.81444649566893,24.39176364290305,6.9549,20.3055,-45.2152,0.0,2016.0,6.471218482307518E-15
Gaia DR3 66735446661374976,7.034787986819494,0.8462,0.8214,0.8699,Gaia DR3 66735446661374976,56.782901747246996,24.39366460107138,7.0348,19.4986,-44.4501,0.0,2016.0,3.552713678800501E-15
Gaia DR3 66737095928811648,7.396118503759566,0.002,5.0E-4,0.0051,Gaia DR3 66737095928811648,56.918616532110974,24.364356080566463,7.3961,19.3166,-45.4554,5.5421,2016.0,0.0
Gaia DR3 66737405166459264,7.390213974601189,0.4491,0.3624,0.4564,Gaia DR3 66737405166459264,56.87755475112934,24.370334652904095,7.3902,19.619,-46.5913,2.8778,2016.0,0.0
Gaia DR3 66737576965143296,7.342869628062257,,,,Gaia DR3 66737576965143296,56.90697333793039,24.40625196187756,7.3429,20.0676,-47.7691,0.0,2016.0,6.470476268821227E-15
Gaia DR3 66738023641737088,7.336132894725513,0.604,0.5944,0.6133,Gaia DR3 66738023641737088,56.957489521440976,24.428489800524442,7.3361,20.4137,-45.8946,0.0,2016.0,0.0
Gaia DR3 66739982146803456,7.443940703770764,0.385,0.3647,0.399,Gaia DR3 66739982146803456,57.07214182983378,24.504220723934463,7.4439,19.9481,-46.2197,2.127,2016.0,0.0
Gaia DR3 66740497542906368,7.580216981202935,0.6964,0.6774,0.7143,Gaia DR3 66740497542906368,56.883975666463144,24.40493750874421,7.5802,19.4549,-46.5801,0.0,2016.0,0.0
Gaia DR3 66741116018188416,7.179641625812423,0.8095,0.7951,0.8214,Gaia DR3 66741116018188416,56.91405558689937,24.45873245787969,7.1796,19.0916,-45.3983,0.0,2016.0,0.0
Gaia DR3 66742765285619584,7.355850981343791,0.5813,0.5734,0.5879,Gaia DR3 66742765285619584,56.96235820156938,24.505016189025188,7.3559,18.64,-45.035,0.0,2016.0,6.465405714128074E-15
Gaia DR3 66745170467302656,7.333918726452952,0.653,0.6459,0.6597,Gaia DR3 66745170467302656,57.296064164609405,24.347399016105328,7.3339,20.4123,-45.0232,0.0,2016.0,7.38429614972405E-15
Gaia DR3 66745617143891968,7.189385624305486,0.0624,0.0584,0.0661,Gaia DR3 66745617143891968,57.340716620829006,24.380752387790455,7.1894,18.5668,-45.3476,9.6124,2016.0,0.0
Gaia DR3 66745754582838272,7.403613021258438,0.6618,0.6519,0.6722,Gaia DR3 66745754582838272,57.365008899753555,24.403636922425783,7.4036,19.2334,-44.3596,0.0,2016.0,1.9411830791173408E-14
Gaia DR3 66746441777612416,7.012849082916408,0.3274,0.3249,0.3302,Gaia DR3 66746441777612416,57.32010689706659,24.39593347467187,7.0128,19.7357,-44.0814,0.1472,2016.0,0.0
Gaia DR3 66747816167123712,7.547732480662261,0.1324,0.1039,0.1648,Gaia DR3 66747816167123712,57.426245257389006,24.462799736001262,7.5477,18.6762,-46.7723,-3.8786,2016.0,6.46757545820419E-15
Gaia DR3 66749121837171840,7.418666857726491,0.5209,0.5103,0.5358,Gaia DR3 66749121837171840,57.38774921504782,24.533832683321616,7.4187,20.2083,-46.0804,0.0,2016.0,3.552713678800501E-15
Gaia DR3 66750358787789056,7.938158096015889,0.7009,0.6767,0.7222,Gaia DR3 66750358787789056,57.177946533093994,24.4552402956949,7.9382,19.4307,-47.8152,0.0,2016.0,3.552713678800501E-15
Gaia DR3 66754241438299520,7.223150189887358,0.2394,0.2256,0.291,Gaia DR3 66754241438299520,57.551775384114954,24.532726387836213,7.2232,19.1075,-45.5349,6.1249,2016.0,0.0
Gaia DR3 66755959425257856,7.546025078304683,0.6051,0.5872,0.618,Gaia DR3 66755959425257856,57.57598217276831,24.58746632894919,7.546,19.594,-46.288,0.0,2016.0,7.373488816303478E-15
Gaia DR3 66757746131459200,7.308001091922433,0.6237,0.6019,0.6462,Gaia DR3 66757746131459200,57.535995314673684,24.671456925853356,7.308,19.4619,-46.8642,0.0,2016.0,0.0
Gaia DR3 66761903659793152,7.531095617508779,0.5254,0.5186,0.5338,Gaia DR3 66761903659793152,57.48251419167079,24.741904532006497,7.5311,20.0117,-45.628,4.8062,2016.0,0.0
Gaia DR3 66763965244167808,7.302744961813066,0.6398,0.6279,0.6516,Gaia DR3 66763965244167808,57.08979895346553,24.578586778083682,7.3027,18.4578,-45.7939,0.0,2016.0,0.0
Gaia DR3 66765751950550144,7.481852062532634,0.6245,0.6162,0.6335,Gaia DR3 66765751950550144,57.168551370949324,24.609291605540086,7.4819,21.0943,-46.5409,0.0,2016.0,3.552713678800501E-15
Gaia DR3 66765855029760768,7.2470152566928165,0.5928,0.5729,0.6138,Gaia DR3 66765855029760768,57.18905902932668,24.62379553563966,7.247,18.3532,-47.1463,0.0,2016.0,6.459282139399533E-15
Gaia DR3 66765855029900288,6.970635383546771,0.031,0.0092,0.0831,Gaia DR3 66765855029900288,57.1862997808345,24.623029399523727,6.9706,20.0455,-45.1325,0.0,2016.0,3.552713678800501E-15
Gaia DR3 66767843597097856,7.360473013880846,0.5941,0.5631,0.6195,Gaia DR3 66767843597097856,56.99745157519385,24.593481650943612,7.3605,19.7897,-45.685,0.0,2016.0,0.0
Gaia DR3 66771764904729984,7.370698641712576,0.6398,0.6288,0.6516,Gaia DR3 66771764904729984,57.3386267284366,24.694528039922922,7.3707,19.5612,-44.6597,0.0,2016.0,6.455622392162695E-15
Gaia DR3 66774513683782912,7.349364198624109,0.8476,0.8376,0.861,Gaia DR3 66774513683782912,57.33590317007083,24.776462360298346,7.3494,19.2014,-44.4897,7.7778,2016.0,3.552713678800501E-15
Gaia DR3 66779564565300224,7.397308082411872,0.7127,0.6967,0.7291,Gaia DR3 66779564565300224,57.34143853206736,24.911869279534624,7.3973,20.5357,-45.8453,0.0,2016.0,7.35873470126771E-15
Gaia DR3 66781832308018176,7.373997130574647,0.0057,0.0014,0.0142,Gaia DR3 66781832308018176,56.618484292947535,24.433739343907018,7.374,20.1111,-43.53,4.6745,2016.0,0.0
Gaia DR3 66782897460055424,7.467139144883223,0.6017,0.5938,0.6113,Gaia DR3 66782897460055424,56.74397999975442,24.46092173710442,7.4671,19.3016,-46.1394,0.0,2016.0,1.3414354013107052E-14
Gaia DR3 66783584654831872,7.203917977597592,0.6342,0.626,0.6436,Gaia DR3 66783584654831872,56.61261347529189,24.45374227557123,7.2039,20.2979,-44.7079,0.0,2016.0,7.379520485147103E-15
Gaia DR3 66786505232432512,7.423127367767808,0.111,0.1067,0.1149,Gaia DR3 66786505232432512,56.51218035590119,24.527697326214305,7.4231,19.5823,-44.8776,13.6564,2016.0,6.4642385516869654E-15
Gaia DR3 66786539592171392,7.320709076268946,0.5998,0.5902,0.6099,Gaia DR3 66786539592171392,56.602739910078235,24.479398837694735,7.3207,20.3077,-45.7516,0.0,2016.0,7.378365514687303E-15
Gaia DR3 66787119410915072,7.412614947686768,0.2529,0.2483,0.2575,Gaia DR3 66787119410915072,56.66214340428438,24.5201075850397,7.4126,20.2398,-46.0462,5.1787,2016.0,7.376530726529841E-15
Gaia DR3 66788253282520192,7.178588553994465,0.7467,0.7269,0.767,Gaia DR3 66788253282520192,56.589064965453765,24.56438443480984,7.1786,19.2465,-44.2233,0.0,2016.0,7.374532029834452E-15
Gaia DR3 66788291938818304,7.393670835522528,0.0815,0.0735,0.087,Gaia DR3 66788291938818304,56.59455349459927,24.569949769064657,7.3937,19.6832,-44.9936,6.608,2016.0,0.0
Gaia DR3 66788669895935616,7.307118521203142,0.6353,0.6194,0.6503,Gaia DR3 66788669895935616,56.596037054500854,24.6048505016741,7.3071,18.9784,-43.6099,0.0,2016.0,7.105427357601002E-15
Gaia DR3 66789872486779520,7.271150194177561,0.1158,0.1047,0.1306,Gaia DR3 66789872486779520,56.747585269534376,24.51991333978582,7.2712,22.2718,-47.5214,9.9965,2016.0,9.606178130052693E-15
Gaia DR3 66791483097102464,7.089912221780614,0.7136,0.6921,0.734,Gaia DR3 66791483097102464,56.90992716923971,24.599773115942277,7.0899,19.5529,-43.3793,0.0,2016.0,6.46052283641548E-15
Gaia DR3 66791624833561856,7.365399225658677,0.6339,0.6133,0.6577,Gaia DR3 66791624833561856,56.93522462565709,24.615331041000534,7.3654,20.03,-43.4995,0.0,2016.0,3.552713678800501E-15
Gaia DR3 66792999222948992,7.372727624081626,0.7014,0.6889,0.7143,Gaia DR3 66792999222948992,56.868516896867085,24.675696492327,7.3727,19.2235,-47.1962,0.0,2016.0,7.36949309493143E-15
Gaia DR3 66793583338514816,7.386768646636278,0.4994,0.4918,0.5077,Gaia DR3 66793583338514816,56.70512196594524,24.599825599962905,7.3868,19.3522,-44.3484,14.1499,2016.0,3.552713678800501E-15
Gaia DR3 66798496781121792,7.3052753639807255,,,,Gaia DR3 66798496781121792,56.4770845575387,24.55430537374798,7.3053,20.3314,-46.0221,11.7928,2016.0,1.3405089581875699E-14
Gaia DR3 66798977817468288,7.342700786360437,0.6786,0.6669,0.6884,Gaia DR3 66798977817468288,56.34039171856011,24.54350590311485,7.3427,19.7507,-44.3593,0.0,2016.0,1.3406162647722896E-14
Gaia DR3 66799763794633856,7.359134122682988,0.1924,0.1769,0.2072,Gaia DR3 66799763794633856,56.527189243760176,24.56722164752902,7.3591,19.7494,-46.6243,4.7152,2016.0,7.37440384578041E-15
Gaia DR3 66799768088857856,7.375676434135071,0.2815,0.2732,0.3071,Gaia DR3 66799768088857856,56.52886446572594,24.562605127900447,7.3757,19.4033,-46.9716,6.4445,2016.0,7.374612411416274E-15
Gaia DR3 66800180408292992,7.342569093725325,0.5213,0.5127,0.5284,Gaia DR3 66800180408292992,56.523586281705164,24.612159232258236,7.3426,21.3182,-44.541,39.2662,2016.0,7.105427357601002E-15
Gaia DR3 66800244832257280,7.347148990756307,0.5918,0.5718,0.6124,Gaia DR3 66800244832257280,56.523814101890245,24.613683357394308,7.3471,21.3554,-45.1609,0.0,2016.0,3.552713678800501E-15
Gaia DR3 66800592725851776,7.550076412992421,0.1175,0.1035,0.1328,Gaia DR3 66800592725851776,56.54907922003248,24.622119094596144,7.5501,21.1952,-44.6959,6.0423,2016.0,3.552713678800501E-15
Gaia DR3 66801623517295104,7.373604115597466,0.6569,0.6443,0.6681,Gaia DR3 66801623517295104,56.536336992339514,24.675721556933823,7.3736,20.8732,-45.6915,0.0,2016.0,0.0
Gaia DR3 66802207632871808,7.666701713472894,0.5149,0.5056,0.5293,Gaia DR3 66802207632871808,56.31946543928191,24.575481115491094,7.6667,20.8226,-47.7313,0.0,2016.0,0.0
Gaia DR3 66802276352348416,7.5214363388011725,0.3406,0.3339,0.3482,Gaia DR3 66802276352348416,56.30003774761142,24.585988634934,7.5214,20.8094,-44.7021,7.7508,2016.0,7.105427357601002E-15
Gaia DR3 66807464672814336,7.373324442202136,0.5502,0.5383,0.5587,Gaia DR3 66807464672814336,56.57483292830163,24.68579851334693,7.3733,20.7826,-44.5278,-30.123,2016.0,6.456074596028011E-15
Gaia DR3 66808220587759104,7.300009059416653,,,,Gaia DR3 66808220587759104,56.619370547231206,24.758790465145772,7.3,20.4866,-46.5165,3.4575,2016.0,0.0
Gaia DR3 66808839062339712,7.382649848312971,0.6851,0.6674,0.7061,Gaia DR3 66808839062339712,56.68666506758425,24.74939162434088,7.3826,20.1678,-44.1839,0.0,2016.0,0.0
Gaia DR3 66808869124393600,7.632741644567266,0.0789,0.0595,0.088,Gaia DR3 66808869124393600,56.65748307121974,24.747477728499646,7.6327,20.4226,-47.6266,4.8972,2016.0,3.552713678800501E-15
Gaia DR3 66809491897360896,7.406586641921977,0.089,0.0848,0.0946,Gaia DR3 66809491897360896,56.728918631435576,24.796134519995736,7.4066,19.3007,-46.3416,5.6952,2016.0,6.450347988717129E-15
Gaia DR3 66811450402457216,7.454756179233914,,,,Gaia DR3 66811450402457216,56.585399836649145,24.785282982842787,7.4548,18.5838,-45.1809,2.5587,2016.0,3.552713678800501E-15
Gaia DR3 66816295125702144,7.422158629100373,0.4493,0.4379,0.4579,Gaia DR3 66816295125702144,56.8904124483072,24.683996791687626,7.4222,19.5825,-46.2714,5.121,2016.0,0.0
Gaia DR3 66818322350220416,7.455007092647663,0.564,0.5514,0.5773,Gaia DR3 66818322350220416,57.09512296362547,24.814693582624564,7.455,20.0259,-47.5149,0.0,2016.0,0.0
Gaia DR3 66820590092840960,7.321610715925585,0.636,0.6285,0.6431,Gaia DR3 66820590092840960,56.908632149092455,24.81955061391246,7.3216,18.7757,-44.1843,0.0,2016.0,6.449129579983115E-15
Gaia DR3 66823132713476480,7.429236579015259,0.6666,0.6558,0.6806,Gaia DR3 66823132713476480,56.899529478888994,24.873965156738215,7.4292,20.3592,-44.682,0.0,2016.0,6.446294070488555E-15
Gaia DR3 66824472743376768,7.101768935389729,0.5784,0.5574,0.5996,Gaia DR3 66824472743376768,57.16384864961428,24.838699631188536,7.1018,18.3468,-44.7679,0.0,2016.0,0.0
Gaia DR3 66831069813319936,7.342300530836172,0.6103,0.5985,0.6229,Gaia DR3 66831069813319936,57.175686739164334,25.007696354218737,7.3423,19.7642,-46.0806,-1.2059,2016.0,3.552713678800501E-15
Gaia DR3 66831172892327680,7.127345638109044,0.8661,0.8487,0.8804,Gaia DR3 66831172892327680,57.16924995575434,25.022027265858245,7.1273,19.989,-44.0937,0.0,2016.0,0.0
Gaia DR3 66832100605159424,7.499269077311336,0.173,0.1664,0.1851,Gaia DR3 66832100605159424,57.07381062715844,25.04764063408678,7.4993,19.5167,-47.0573,5.1448,2016.0,0.0
Gaia DR3 66838452861270272,7.4069576100515615,0.0882,0.083,0.0961,Gaia DR3 66838452861270272,56.66165931699253,24.959436887087797,7.407,20.6103,-46.9545,5.1194,2016.0,1.2883656902708764E-14
Gaia DR3 66846291177113088,7.256440119595136,0.7383,0.7271,0.7479,Gaia DR3 66846291177113088,56.83687734919407,25.086565724768334,7.2564,18.6586,-45.9771,-5.8899,2016.0,7.350718129872031E-15
Gaia DR3 66850517426494208,7.21695823861784,0.6995,0.6829,0.7192,Gaia DR3 66850517426494208,57.67018622911764,24.667248287920742,7.217,19.4638,-44.3762,0.0,2016.0,0.0
Gaia DR3 66852647730267264,7.243738617452612,1.1758,1.1687,1.1828,Gaia DR3 66852647730267264,57.77331327973776,24.7365778100684,7.2437,19.9862,-45.2977,23.1298,2016.0,0.0
Gaia DR3 66867800374681344,7.28649632525377,0.5974,0.5897,0.6023,Gaia DR3 66867800374681344,57.849636200471934,25.097804937613382,7.2865,19.0601,-44.9051,1.5645,2016.0,7.35020067559932E-15
Gaia DR3 66876596467931776,7.533728444357108,0.9347,0.9131,0.9556,Gaia DR3 66876596467931776,57.493140583588925,25.105670495329786,7.5337,19.4092,-47.9166,0.0,2016.0,9.58568976576377E-15
Gaia DR3 66878245735176704,6.936834522963423,0.6206,0.6132,0.6275,Gaia DR3 66878245735176704,57.62492811642301,25.05172731020767,6.9368,18.7167,-44.1161,11.1736,2016.0,3.552713678800501E-15
Gaia DR3 66885942316710784,7.349344579395844,0.6794,0.6605,0.6947,Gaia DR3 66885942316710784,58.01500229553912,25.02030871800869,7.3493,19.5874,-46.4931,0.0,2016.0,7.353764426391375E-15
Gaia DR3 66886011036187392,7.57156755425043,0.5748,0.5602,0.5866,Gaia DR3 66886011036187392,58.00692191346169,25.024623815074253,7.5716,18.5793,-46.953,0.0,2016.0,6.438413010638331E-15
Gaia DR3 66894772769437952,7.4889550001615754,0.7293,0.7095,0.7522,Gaia DR3 66894772769437952,58.17593010462482,25.17824275473932,7.489,18.5392,-45.5719,0.0,2016.0,7.34649131159573E-15
Gaia DR3 66897933865345920,7.224048040147685,0.3271,0.3201,0.335,Gaia DR3 66897933865345920,58.1890612379725,25.279659903374622,7.224,19.495,-45.0655,4.5146,2016.0,1.333201995881611E-14
Gaia DR3 66898002584817280,7.248975775349272,0.6142,0.6023,0.671,Gaia DR3 66898002584817280,58.22613014091119,25.295217515232924,7.249,18.5513,-45.0218,0.0,2016.0,3.552713678800501E-15
Gaia DR3 66899239535574400,7.340439849598904,0.5478,0.5339,0.5668,Gaia DR3 66899239535574400,58.1308067637997,25.251934445389914,7.3404,19.8376,-45.5446,0.0,2016.0,6.4264379981924956E-15
Gaia DR3 66903293984399872,7.207573585446735,0.5093,0.5018,0.5165,Gaia DR3 66903293984399872,57.8423312184945,25.165928880530256,7.2076,19.5989,-45.4341,3.918,2016.0,1.2861961572191416E-14
Gaia DR3 66911231083913600,7.494606979507357,0.5766,0.5685,0.5847,Gaia DR3 66911231083913600,57.8077996561,25.386302306443408,7.4946,19.4388,-46.5209,0.0,2016.0,7.33684794804887E-15
Gaia DR3 66915560410893440,6.954660525737195,0.8214,0.8052,0.8372,Gaia DR3 66915560410893440,58.03320620434854,25.465031331017673,6.9547,17.667,-42.9553,0.0,2016.0,1.2830239840578975E-14
Gaia DR3 66926211929978880,7.336499163047003,0.7099,0.6973,0.7218,Gaia DR3 66926211929978880,57.18360002514792,25.10607888928261,7.3365,18.2776,-45.9995,0.0,2016.0,1.2868266989358547E-14
Gaia DR3 66930403817997696,7.3111335986996,0.642,0.6263,0.6568,Gaia DR3 66930403817997696,57.50781770847946,25.211222315495508,7.3111,18.1384,-46.0985,0.0,2016.0,6.428590206101706E-15
Gaia DR3 66940299422471296,7.51025816775081,0.5338,0.5219,0.541,Gaia DR3 66940299422471296,57.108594247341806,25.244490489581228,7.5103,19.748,-48.32,11.8765,2016.0,3.552713678800501E-15
Gaia DR3 66941635153934848,7.418767708082097,,,,Gaia DR3 66941635153934848,57.1514685446018,25.261289868637768,7.4188,19.4433,-45.4918,0.0,2016.0,0.0
Gaia DR3 66942189204257408,7.319272568279367,0.036,0.007,0.0988,Gaia DR3 66942189204257408,57.21025857511874,25.298365964198968,7.3193,19.2382,-45.1439,0.0,2016.0,7.34093228692754E-15
Gaia DR3 66950435545271680,6.971480338793958,0.7143,0.7028,0.723,Gaia DR3 66950435545271680,57.3346673052609,25.428301732688972,6.9715,18.9081,-43.6968,0.0,2016.0,0.0
Gaia DR3 66957994687842176,7.2922429808358755,0.5952,0.5833,0.6314,Gaia DR3 66957994687842176,57.64893550920422,25.4263087706472,7.2922,18.2949,-44.3395,7.3792,2016.0,3.552713678800501E-15
Gaia DR3 66960262430594816,7.23941620088313,0.1264,0.1207,0.1323,Gaia DR3 66960262430594816,57.573731542368556,25.379363743861116,7.2394,19.3478,-45.86,5.5182,2016.0,0.0
Gaia DR3 66960743466922624,7.443343423871985,0.69,0.6749,0.7119,Gaia DR3 66960743466922624,57.561546788631134,25.42482323104547,7.4433,19.4201,-45.3782,0.0,2016.0,7.335054836272481E-15
Gaia DR3 66969676998824576,7.309821489243173,0.1564,0.1517,0.1612,Gaia DR3 66969676998824576,57.77650195986893,25.594492433140854,7.3098,20.1284,-45.27,6.1291,2016.0,6.408200594570567E-15
Gaia DR3 66974453002505088,7.746078028052952,0.5784,0.5573,0.5898,Gaia DR3 66974453002505088,57.535148903959175,25.548658926226246,7.7461,20.0256,-47.3334,0.0,2016.0,6.410654007331139E-15
Gaia DR3 66980362877378432,7.246003957202509,0.222,0.2128,0.2285,Gaia DR3 66980362877378432,57.470573906210106,25.647246431442863,7.246,18.6233,-45.938,5.5073,2016.0,0.0
Gaia DR3 66982458821495424,7.5531174702120305,0.7783,0.7608,0.7988,Gaia DR3 66982458821495424,57.67176413323425,25.65830715785549,7.5531,20.2028,-47.3914,0.0,2016.0,0.0
Gaia DR3 66997817623367296,7.164820193342342,0.309,0.3033,0.3146,Gaia DR3 66997817623367296,59.09798263641725,24.832217396903733,7.1648,17.8849,-43.8423,0.56,2016.0,0.0
Gaia DR3 67044198973423744,7.738455575708935,0.5024,0.4875,0.5191,Gaia DR3 67044198973423744,59.21803142163105,25.167934727554673,7.7385,19.1032,-46.9432,0.0,2016.0,7.105427357601002E-15
Gaia DR3 67054305033161344,7.458432291780379,,,,Gaia DR3 67054305033161344,59.42911015700298,25.385076110136865,7.4584,19.2562,-45.628,0.0,2016.0,1.4673809973635108E-14
Gaia DR3 67069835634816896,7.530544181332642,0.6662,0.6526,0.679,Gaia DR3 67069835634816896,58.74187604266361,25.24127596267843,7.5305,19.5346,-47.54,0.0,2016.0,3.552713678800501E-15
Gaia DR3 67074096242336384,7.160615933777657,0.7824,0.7754,0.7893,Gaia DR3 67074096242336384,58.98515881188635,25.29982950141954,7.1606,18.3587,-45.0535,9.7772,2016.0,0.0
Gaia DR3 67085641114472320,7.44152801463991,0.687,0.673,0.7013,Gaia DR3 67085641114472320,58.547946463112645,25.31173412692351,7.4415,19.4566,-45.6116,0.0,2016.0,0.0
Gaia DR3 67278158729741696,7.570511532362098,0.7902,0.7297,0.8167,Gaia DR3 67278158729741696,58.24497934067102,25.43848141011749,7.5705,18.0516,-46.6583,0.0,2016.0,7.33441848406735E-15
Gaia DR3 67304959325424768,7.4420275178851645,0.7981,0.7845,0.8127,Gaia DR3 67304959325424768,58.280428460267885,25.78915388449124,7.442,20.009,-46.6149,0.0,2016.0,3.552713678800501E-15
Gaia DR3 67352066526730240,7.515898557915286,0.7299,0.7218,0.7374,Gaia DR3 67352066526730240,58.16220136420259,25.840244145086956,7.5159,20.3174,-45.7155,0.0,2016.0,0.0
Gaia DR3 67368353043627648,7.311513112665016,0.8352,0.8203,0.8469,Gaia DR3 67368353043627648,57.824864278483496,26.022656116606907,7.3115,19.3106,-43.8876,0.0,2016.0,7.306919152505519E-15
Gaia DR3 67368834079044224,7.274217633056106,0.7858,0.7767,0.796,Gaia DR3 67368834079044224,57.828036864609324,26.054150719366156,7.2742,18.9546,-46.0732,0.0,2016.0,0.0
Gaia DR3 67368868438779392,7.5490941562573015,0.5893,0.5814,0.5966,Gaia DR3 67368868438779392,57.85075265100442,26.053004292026344,7.5491,18.7345,-46.2374,-1.9947,2016.0,1.276686312036537E-14
Gaia DR3 67369658709673344,7.337022096802651,0.4151,0.4043,0.4224,Gaia DR3 67369658709673344,57.98934328927283,25.998665776464502,7.337,19.1744,-46.7042,-1.6241,2016.0,6.386388337107274E-15
Gaia DR3 67373094686549632,7.360596113610154,0.5916,0.5772,0.6029,Gaia DR3 67373094686549632,58.05557458367478,26.143438461375514,7.3606,18.7503,-46.155,16.7559,2016.0,7.30116501181228E-15
Gaia DR3 67527885307288192,7.296589514363688,0.6398,0.6264,0.6525,Gaia DR3 67527885307288192,59.21518684477463,26.807229843379318,7.2966,18.4853,-45.3869,0.0,2016.0,3.552713678800501E-15
Gaia DR3 67540495331120128,7.491104925912312,,,,Gaia DR3 67540495331120128,58.999775418620786,26.999774293203018,7.4911,19.0426,-45.3623,0.0,2016.0,0.0
Gaia DR3 67576332537157888,7.206185200664611,0.6326,0.6151,0.6491,Gaia DR3 67576332537157888,53.13743027013416,22.30325801554452,7.2062,20.7638,-43.5965,0.0,2016.0,0.0
Gaia DR3 67618285777617664,7.532695664265256,0.004,0.0012,0.0091,Gaia DR3 67618285777617664,53.88216141527742,22.82338338603445,7.5327,21.3944,-45.4666,5.3235,2016.0,7.450676607409014E-15
Gaia DR3 67662330666441088,7.2252593550689355,1.1837,1.1683,1.2008,Gaia DR3 67662330666441088,53.58075523166277,22.811599643349542,7.2253,20.5496,-44.1789,0.0,2016.0,0.0
Gaia DR3 67667935599570432,7.228278661249061,0.5976,0.5776,0.6194,Gaia DR3 67667935599570432,53.45758590718418,22.938664370319767,7.2283,20.5996,-44.4954,0.0,2016.0,6.543548685980234E-15
Gaia DR3 67724697887107200,7.492629956560324,0.61,0.5962,0.6236,Gaia DR3 67724697887107200,54.16008003272868,23.14547753490501,7.4926,20.1429,-44.8904,0.0,2016.0,6.5335100657556025E-15
Gaia DR3 67732257029618048,7.41348516289367,0.4561,0.4506,0.4606,Gaia DR3 67732257029618048,54.59755350922265,23.107846178922333,7.4135,21.5707,-45.4861,10.4856,2016.0,9.653901089790523E-15
Gaia DR3 67756789882795008,7.531107380234092,0.6307,0.6152,0.6419,Gaia DR3 67756789882795008,54.48519642738676,23.382232166025776,7.5311,21.5856,-46.1475,0.0,2016.0,6.521913604553131E-15
Gaia DR3 67793309988387456,7.290477116287213,0.5498,0.4907,0.6012,Gaia DR3 67793309988387456,53.82823630611727,23.438986245977457,7.2905,21.4178,-45.1429,0.0,2016.0,0.0
Gaia DR3 67799189799869312,7.09486561955451,0.0175,0.0127,0.0232,Gaia DR3 67799189799869312,53.74453624196074,23.529954931526188,7.0949,20.5692,-43.2638,5.7458,2016.0,3.552713678800501E-15
Gaia DR3 67832346947351424,7.317767257828139,0.717,0.7001,0.7354,Gaia DR3 67832346947351424,54.046206014769425,23.806258139558725,7.3178,21.5122,-44.7447,0.0,2016.0,0.0
Gaia DR3 67878663874731136,7.168445713233685,0.6504,0.6387,0.6625,Gaia DR3 67878663874731136,53.03286449262046,23.232426220974702,7.1684,19.9061,-42.5306,0.0,2016.0,3.552713678800501E-15
Gaia DR3 67899520235887616,7.2748694971298065,0.7518,0.7332,0.7702,Gaia DR3 67899520235887616,53.15763413329577,23.432917294381728,7.2749,21.0977,-44.3758,0.0,2016.0,6.51941652129249E-15
Gaia DR3 67988615037924096,7.505259297500794,0.6616,0.5949,0.6966,Gaia DR3 67988615037924096,53.64827525953711,23.64528208335387,7.5053,20.4296,-45.1279,0.0,2016.0,0.0
Gaia DR3 67998201404864896,7.255933297286534,0.7397,0.7215,0.7958,Gaia DR3 67998201404864896,53.17636721373867,23.56656052165308,7.2559,20.5504,-44.626,0.0,2016.0,3.552713678800501E-15
Gaia DR3 68014964661425280,7.41927553409548,0.7639,0.7432,0.7841,Gaia DR3 68014964661425280,53.81787672859215,23.79924439729251,7.4193,21.2127,-46.5941,0.0,2016.0,7.408616635804306E-15
Gaia DR3 68045583484082048,7.68455152950898,0.4205,0.4098,0.4378,Gaia DR3 68045583484082048,53.747213282087124,24.204450225543543,7.6846,21.4518,-47.1064,-2.7772,2016.0,6.480776976423455E-15
Gaia DR3 68046133239891584,7.539687879108131,0.4303,0.4249,0.4351,Gaia DR3 68046133239891584,53.789279180431066,24.238698906437666,7.5397,21.915,-46.3185,5.7783,2016.0,0.0
Gaia DR3 68051390279853824,7.235450067120952,0.3676,0.3614,0.3742,Gaia DR3 68051390279853824,53.00208374666953,23.774632460225945,7.2355,21.2028,-43.6912,6.1701,2016.0,0.0
Gaia DR3 68097020012324352,7.368017028297914,0.0755,0.067,0.0837,Gaia DR3 68097020012324352,53.53056707846046,24.344244949131976,7.368,21.591,-45.0579,5.2959,2016.0,3.552713678800501E-15
Gaia DR3 68117635855255168,7.377559616270141,0.6751,0.663,0.6868,Gaia DR3 68117635855255168,54.911295650757275,23.38883701888097,7.3776,20.478,-44.5081,0.0,2016.0,7.426499241484952E-15
Gaia DR3 68120418994061312,7.2703253135617745,0.747,0.7165,0.7706,Gaia DR3 68120418994061312,54.92139561721088,23.47300154429505,7.2703,20.7942,-44.5436,0.0,2016.0,0.0
Gaia DR3 68120728231661824,7.4248451511728,0.3733,0.3673,0.3793,Gaia DR3 68120728231661824,54.871767713772435,23.499172809593553,7.4248,21.9526,-45.2446,1.025,2016.0,3.552713678800501E-15
Gaia DR3 68129764842889600,7.498550540761937,0.1285,0.1253,0.1308,Gaia DR3 68129764842889600,55.14330480576736,23.68240599457382,7.4986,20.5457,-45.6289,5.0711,2016.0,0.0
Gaia DR3 68141408498321280,7.228431844899335,0.6687,0.6499,0.6976,Gaia DR3 68141408498321280,54.64378947102655,23.67271376809515,7.2284,20.455,-45.0412,0.0,2016.0,0.0
Gaia DR3 68142374866825216,7.484155963925398,0.6946,0.6788,0.711,Gaia DR3 68142374866825216,54.64259896949573,23.71853047856418,7.4842,21.0125,-46.687,0.0,2016.0,6.505250015906584E-15
Gaia DR3 68145707761492608,7.109772113525601,0.6958,0.6702,0.7485,Gaia DR3 68145707761492608,54.96121741847009,23.76440270472398,7.1098,20.354,-43.554,0.0,2016.0,3.552713678800501E-15
Gaia DR3 68145776480904064,7.635748886055412,0.7039,0.6872,0.7211,Gaia DR3 68145776480904064,54.952174940142214,23.76759558130002,7.6357,20.9256,-46.9057,0.0,2016.0,1.3005600182477436E-14
Gaia DR3 68150861722174848,7.3887946659635775,0.2156,0.1612,0.2349,Gaia DR3 68150861722174848,54.865972772521204,23.89479513531878,7.3888,21.1648,-45.3476,5.0753,2016.0,6.496426545825487E-15
Gaia DR3 68152820227358720,7.500368854873981,0.5483,0.5373,0.5654,Gaia DR3 68152820227358720,55.262561179851474,23.72247915263373,7.5004,20.5397,-44.9173,0.0,2016.0,6.50505302672172E-15
Gaia DR3 68156290560900480,7.602452973629081,0.7041,0.6858,0.7221,Gaia DR3 68156290560900480,55.27187406487266,23.83735301337884,7.6025,21.3377,-45.2858,0.0,2016.0,0.0
Gaia DR3 68161921261591808,7.085902986522752,0.0779,0.0279,0.1582,Gaia DR3 68161921261591808,55.426784967174235,23.915697125676886,7.0859,18.2203,-46.0586,0.0,2016.0,1.2990752305933582E-14
Gaia DR3 68162028637205888,7.411967132291862,0.773,0.7464,0.7919,Gaia DR3 68162028637205888,55.33071458119611,23.86146815087619,7.412,20.086,-43.3624,0.0,2016.0,7.405880920046043E-15
Gaia DR3 68162921990400256,7.4679281450793535,0.6492,0.6381,0.6603,Gaia DR3 68162921990400256,55.3454099178269,23.929907412099855,7.4679,20.87,-43.9453,0.0,2016.0,1.2989323092648464E-14
Gaia DR3 68168419548529920,7.859621346068521,0.6616,0.6448,0.6801,Gaia DR3 68168419548529920,55.38009303304036,24.056737099413954,7.8596,21.7919,-47.6038,0.0,2016.0,0.0
Gaia DR3 68170721650939264,7.508409802864794,0.5745,0.5643,0.5857,Gaia DR3 68170721650939264,55.07859767517824,23.90637216703363,7.5084,20.9686,-46.6376,0.0,2016.0,3.552713678800501E-15
Gaia DR3 68174191984522368,7.278890838079187,0.7905,0.7828,0.7993,Gaia DR3 68174191984522368,54.92806066590466,23.9075504224956,7.2789,20.455,-45.0161,0.0,2016.0,7.403850737754329E-15
Gaia DR3 68175806892217216,7.270878825569996,0.6412,0.6327,0.651,Gaia DR3 68175806892217216,54.94318764852998,23.98123193567468,7.2709,20.5598,-44.3652,131.8298,2016.0,0.0
Gaia DR3 68183331674900864,7.743583699122783,0.5942,0.5802,0.6164,Gaia DR3 68183331674900864,55.10681451622317,24.09987966023466,7.7436,21.3228,-47.1575,0.0,2016.0,0.0
Gaia DR3 68185221460637824,7.313755069457189,0.6428,0.6296,0.6575,Gaia DR3 68185221460637824,55.193032686945266,24.15698842702024,7.3138,21.1518,-45.7169,0.0,2016.0,3.552713678800501E-15
Gaia DR3 68186114813689344,7.2492674091900104,0.7288,0.7155,0.743,Gaia DR3 68186114813689344,55.251691989287046,24.22626696033306,7.2493,20.6681,-44.9212,0.0,2016.0,1.343748952795691E-14
Gaia DR3 68192093408157568,7.084015627498157,0.6533,0.6299,0.6763,Gaia DR3 68192093408157568,54.379519768679884,23.768517685003715,7.084,20.3926,-42.6437,0.0,2016.0,3.552713678800501E-15
Gaia DR3 68195598101454336,7.510715182625756,0.5301,0.522,0.5387,Gaia DR3 68195598101454336,54.51024535830732,23.909656490716014,7.5107,21.5541,-44.7091,0.0,2016.0,6.4956798032979765E-15
Gaia DR3 68225834671270528,7.219133800544574,0.6207,0.6131,0.6266,Gaia DR3 68225834671270528,54.8978538427337,24.11823606927856,7.2191,22.6809,-45.692,27.6116,2016.0,7.394524057380192E-15
Gaia DR3 68232191222851456,7.3311977139771844,0.6836,0.6689,0.6994,Gaia DR3 68232191222851456,55.02968901109932,24.21745010720196,7.3312,21.0045,-46.7242,0.0,2016.0,0.0
Gaia DR3 68232603539842944,7.800367963978908,0.7897,0.747,0.8632,Gaia DR3 68232603539842944,54.98011655879406,24.21489595030865,7.8004,21.6171,-47.1198,0.0,2016.0,1.296049151978674E-14
Gaia DR3 68233531252642432,7.448122361236067,0.5842,0.5722,0.5959,Gaia DR3 68233531252642432,55.112406328123726,24.237139167005697,7.4481,20.5051,-45.8067,0.0,2016.0,6.479113865186717E-15
Gaia DR3 68236795427794816,7.182498896457282,0.7118,0.7012,0.7257,Gaia DR3 68236795427794816,54.88473033037803,24.266864029139793,7.1825,19.7736,-45.5496,0.0,2016.0,0.0
Gaia DR3 68250264445159936,7.0063925828546205,0.1481,0.136,0.1562,Gaia DR3 68250264445159936,54.788131417357974,24.367623103320557,7.0064,18.9246,-40.788,5.9624,2016.0,3.552713678800501E-15
Gaia DR3 68254245878512384,7.118104224750291,0.0971,0.0868,0.1081,Gaia DR3 68254245878512384,54.80623332660652,24.46632471871234,7.1181,19.8111,-44.5151,5.213,2016.0,6.4673944235908005E-15
Gaia DR3 68254765570883712,7.343794226671882,0.8082,0.7893,0.827,Gaia DR3 68254765570883712,54.69069200480823,24.46757118115734,7.3438,20.4866,-46.142,0.0,2016.0,0.0
Gaia DR3 68261053403709312,7.320116788280949,0.4734,0.4597,0.4882,Gaia DR3 68261053403709312,55.57465383102236,24.115879200282908,7.3201,20.9882,-45.1958,0.0,2016.0,0.0
Gaia DR3 68261946756899456,7.486610378982209,0.7326,0.6965,0.8049,Gaia DR3 68261946756899456,55.641609320434284,24.183383816297255,7.4866,21.3229,-43.9431,0.0,2016.0,7.39162522481653E-15
Gaia DR3 68262973252098304,7.2730943367033065,0.7468,0.7268,0.7704,Gaia DR3 68262973252098304,55.47065675738656,24.12341385042586,7.2731,19.9921,-46.0774,0.0,2016.0,0.0
Gaia DR3 68263145050803840,7.054724665871137,0.4434,0.4078,0.4767,Gaia DR3 68263145050803840,55.501624542599785,24.170060282479188,7.0547,21.1369,-45.9053,0.0,2016.0,7.392218642685474E-15
Gaia DR3 68265279651517056,7.57228714125954,0.598,0.5866,0.6149,Gaia DR3 68265279651517056,55.6096175581733,24.23535016563705,7.5723,19.8687,-46.0952,0.0,2016.0,0.0
Gaia DR3 68265588889169664,7.373741972330631,0.5795,0.5744,0.5847,Gaia DR3 68265588889169664,55.512030567887706,24.20989889241827,7.3737,20.323,-45.8645,0.0,2016.0,7.105427357601002E-15
Gaia DR3 68268165869533568,7.53592059810258,0.6619,0.6464,0.6791,Gaia DR3 68268165869533568,55.73575580016508,24.22917036681453,7.5359,19.9015,-46.9914,0.0,2016.0,3.552713678800501E-15
Gaia DR3 68268303308484224,7.468803484431587,0.755,0.7395,0.7682,Gaia DR3 68268303308484224,55.75532685027967,24.24773108224273,7.4688,19.2817,-45.7533,0.0,2016.0,1.2957149058419664E-14
Gaia DR3 68279225408437888,7.161844786532234,0.2375,0.1644,0.3843,Gaia DR3 68279225408437888,55.46464413369849,24.32411786029426,7.1618,19.821,-43.5781,0.0,2016.0,1.4770678352806716E-14
Gaia DR3 68282837477714816,7.2460414350558295,0.7103,0.6957,0.7268,Gaia DR3 68282837477714816,55.4117869503773,24.385746127461942,7.246,20.6694,-44.6995,0.0,2016.0,6.4715266284140735E-15
Gaia DR3 68283421593270400,7.416619725713781,0.8044,0.7812,0.8203,Gaia DR3 68283421593270400,55.34359888208739,24.397548525073397,7.4166,20.1246,-45.7465,0.0,2016.0,3.552713678800501E-15
Gaia DR3 68284104491279872,7.2306568674940594,0.851,0.8128,0.8814,Gaia DR3 68284104491279872,55.556263419518594,24.31367196396033,7.2307,18.7142,-45.2866,0.0,2016.0,0.0
Gaia DR3 68291977168100480,7.219944321360041,0.579,0.572,0.5866,Gaia DR3 68291977168100480,55.513837871122,24.536880391599198,7.2199,19.1598,-44.291,6.904,2016.0,0.0
Gaia DR3 68294554148575232,7.396111724020851,0.4073,0.4022,0.4116,Gaia DR3 68294554148575232,55.90390788823755,24.39378107217672,7.3961,19.5513,-44.4929,2.5947,2016.0,6.47111515741801E-15
Gaia DR3 68295481861500928,7.600980175545772,0.3656,0.3525,0.3759,Gaia DR3 68295481861500928,55.98213353783259,24.426204297170187,7.601,21.3859,-47.7359,31.8523,2016.0,0.0
Gaia DR3 68296650092601088,7.324938514001506,0.5554,0.5483,0.5661,Gaia DR3 68296650092601088,55.93219893605274,24.487532595140085,7.3249,19.1128,-46.178,-10.7652,2016.0,7.377999134941682E-15
Gaia DR3 68296890611072384,7.386998687843288,0.2543,0.2506,0.2653,Gaia DR3 68296890611072384,56.01485828940102,24.50404176791731,7.387,22.0726,-45.8719,4.4041,2016.0,0.0
Gaia DR3 68298093201624960,7.584572766317957,0.6585,0.6439,0.6773,Gaia DR3 68298093201624960,55.83579617937771,24.442916087967557,7.5846,21.3376,-45.4538,0.0,2016.0,1.2937192351818818E-14
Gaia DR3 68303487680516224,7.465685925621427,0.1549,0.1425,0.1679,Gaia DR3 68303487680516224,56.109579035829455,24.58950062402356,7.4657,19.6558,-46.0476,3.0462,2016.0,0.0
Gaia DR3 68303659479211776,7.234274294425554,0.6703,0.6599,0.682,Gaia DR3 68303659479211776,56.04008371332776,24.589372669344755,7.2343,20.8939,-44.3143,0.0,2016.0,0.0
Gaia DR3 68303728198686080,7.293191575999419,0.6846,0.6758,0.6951,Gaia DR3 68303728198686080,56.079500230471574,24.5882578307589,7.2932,19.3763,-45.979,0.0,2016.0,3.552713678800501E-15
Gaia DR3 68306099020642432,7.412449484379191,,,,Gaia DR3 68306099020642432,56.00122131401905,24.556792926212825,7.4124,20.5346,-46.1898,3.8757,2016.0,9.604899995272067E-15
Gaia DR3 68310359628169472,7.409644234463458,0.6432,0.6318,0.6553,Gaia DR3 68310359628169472,56.09137691950323,24.768206717219375,7.4096,21.2377,-46.6511,5.5068,2016.0,9.59754228435714E-15
Gaia DR3 68310561489710336,7.270583160634106,0.0546,0.0473,0.0621,Gaia DR3 68310561489710336,55.729745748660456,24.492868817275667,7.2706,21.2096,-45.1172,4.4693,2016.0,0.0
Gaia DR3 68314414077327744,7.217567238529469,0.6295,0.6119,0.6376,Gaia DR3 68314414077327744,55.80453808024451,24.655242876769755,7.2176,20.5512,-43.9546,36.8099,2016.0,1.2915312495883102E-14
Gaia DR3 68317609532996480,7.42177512010508,0.1484,0.141,0.156,Gaia DR3 68317609532996480,55.76236248275604,24.6695581256056,7.4218,19.4486,-46.252,5.3259,2016.0,0.0
Gaia DR3 68319529381881344,7.578873356565054,0.547,0.5247,0.5724,Gaia DR3 68319529381881344,55.874637647335454,24.656396620900924,7.5789,20.7773,-48.2466,0.0,2016.0,6.45759656002697E-15
Gaia DR3 68322145018429952,7.33309960496548,0.2042,0.18,0.2187,Gaia DR3 68322145018429952,56.05809868574246,24.779195241070113,7.3331,20.6413,-45.2356,5.802,2016.0,3.552713678800501E-15
Gaia DR3 68322454256073344,7.343438733418157,0.6295,0.6042,0.6487,Gaia DR3 68322454256073344,56.04572406548333,24.812595170028413,7.3434,19.0866,-44.3984,0.0,2016.0,0.0
Gaia DR3 68323485048225152,7.374984049012138,0.0921,0.0848,0.0982,Gaia DR3 68323485048225152,55.96738194580432,24.841417159243488,7.375,21.078,-44.2578,0.1988,2016.0,7.361953557230464E-15
Gaia DR3 68327402058399232,7.397119658177524,0.6203,0.6124,0.628,Gaia DR3 68327402058399232,55.86760937923613,24.891795944870776,7.3971,20.9331,-45.6344,0.0,2016.0,6.445363653808404E-15
Gaia DR3 68334617603435648,7.032958583674125,0.6324,0.6172,0.6459,Gaia DR3 68334617603435648,55.108750574368074,24.536815987967344,7.033,19.9716,-43.8251,0.0,2016.0,1.3406827157680885E-14
Gaia DR3 68348155340347776,7.297294496883986,0.5736,0.5679,0.5802,Gaia DR3 68348155340347776,55.10089179724542,24.584305576488273,7.2973,20.8155,-44.237,0.0,2016.0,7.373631721917627E-15
Gaia DR3 68354374452892160,7.553124059345441,0.6117,0.6018,0.6211,Gaia DR3 68354374452892160,55.00785428462175,24.77371460602442,7.5531,21.6317,-46.3792,0.0,2016.0,9.597349898134813E-15
Gaia DR3 68356367317952128,7.6624858858062375,,,,Gaia DR3 68356367317952128,55.16567231201828,24.735582879413812,7.6625,20.5221,-46.5878,0.0,2016.0,6.453493674332229E-15
Gaia DR3 68356367317952256,7.546891212349643,0.5453,0.5353,0.5526,Gaia DR3 68356367317952256,55.166905206554425,24.73568048752452,7.5469,21.0542,-47.1896,0.0,2016.0,0.0
Gaia DR3 68363411064150272,7.367549758589729,0.2048,0.1972,0.2109,Gaia DR3 68363411064150272,55.58985581891144,24.664471459088475,7.3675,20.3827,-45.169,7.1465,2016.0,6.457178742246436E-15
Gaia DR3 68364643718417280,6.991136939740228,0.797,0.7781,0.8172,Gaia DR3 68364643718417280,55.498669386033484,24.704939212730547,6.9911,18.1858,-41.1771,0.0,2016.0,6.455082880312901E-15
Gaia DR3 68367190635351936,7.376373066555206,0.6718,0.6541,0.6912,Gaia DR3 68367190635351936,55.63011375428247,24.822480219877267,7.3764,20.1419,-45.8091,0.0,2016.0,3.552713678800501E-15
Gaia DR3 68378563708730624,7.45337654581492,0.5056,0.4927,0.5124,Gaia DR3 68378563708730624,55.61946862852414,25.016595598106125,7.4534,20.5242,-46.808,0.0,2016.0,9.588831130304362E-15
Gaia DR3 68381793524163968,7.4843194075496635,0.672,0.6508,0.6926,Gaia DR3 68381793524163968,55.41607227662017,24.874865531724303,7.4843,21.2562,-46.414,0.0,2016.0,6.446247103576897E-15
Gaia DR3 68385057699293056,7.513350192405816,,,,Gaia DR3 68385057699293056,55.44626583439135,25.005925970991548,7.5134,21.9405,-45.3068,0.0,2016.0,0.0
Gaia DR3 68390417818463872,7.132319559813701,0.2036,0.1883,0.2209,Gaia DR3 68390417818463872,55.61508149875522,25.046828247599056,7.1323,19.3712,-43.2668,6.5824,2016.0,9.587765959323085E-15
Gaia DR3 68390830135333504,7.25899117883176,0.651,0.6399,0.6617,Gaia DR3 68390830135333504,55.50015912504816,25.029602171661214,7.259,19.9321,-45.0376,0.0,2016.0,7.105427357601002E-15
Gaia DR3 68395399980532864,7.290173911930219,0.6364,0.6271,0.6476,Gaia DR3 68395399980532864,55.3905828925233,25.113310467653303,7.2902,19.9627,-44.1705,0.0,2016.0,0.0
Gaia DR3 68395606138958592,7.523789987380409,0.5943,0.5795,0.6084,Gaia DR3 68395606138958592,55.405307633174154,25.14226701996682,7.5238,20.6331,-46.289,0.0,2016.0,1.2864456114234974E-14
Gaia DR3 68398732874994944,7.033976866053791,0.2444,0.2385,0.2513,Gaia DR3 68398732874994944,54.12635880697465,24.011984796048488,7.034,19.7561,-43.1675,5.3603,2016.0,7.399236794936772E-15
Gaia DR3 68433814167849728,7.208137384695206,0.6839,0.6747,0.6929,Gaia DR3 68433814167849728,54.50858925830159,24.33739433338546,7.2081,20.7024,-43.6857,0.0,2016.0,7.3847444821742E-15
Gaia DR3 68444878003882240,7.1600478835138714,0.0774,0.0743,0.0819,Gaia DR3 68444878003882240,54.73703549837035,24.56961635010271,7.16,20.1614,-43.4637,5.2395,2016.0,3.552713678800501E-15
Gaia DR3 68448142178730752,7.334908451148601,0.6535,0.6281,0.6693,Gaia DR3 68448142178730752,54.554413332299504,24.637856403038533,7.3349,21.0914,-45.7118,0.0,2016.0,6.4585554044546516E-15
Gaia DR3 68449757086421760,7.859327811537192,0.5078,0.4796,0.5336,Gaia DR3 68449757086421760,54.72576070048866,24.704218228358506,7.8593,21.8239,-46.9664,0.0,2016.0,7.368198688395872E-15
Gaia DR3 68452265347345664,7.6843995450564755,0.6518,0.6424,0.6613,Gaia DR3 68452265347345664,54.36004148465337,24.566847608055824,7.6844,21.8672,-47.3856,0.0,2016.0,0.0
Gaia DR3 68458514523905408,7.192328275553237,0.5939,0.5724,0.619,Gaia DR3 68458514523905408,54.392500153283585,24.704074258298697,7.1923,20.0788,-44.2223,0.0,2016.0,0.0
Gaia DR3 68468203969427200,7.0344918820298545,0.7135,0.6931,0.7326,Gaia DR3 68468203969427200,54.4480325877061,24.89598496190662,7.0345,19.9845,-43.8511,0.0,2016.0,6.445144978898101E-15
Gaia DR3 68475904847290240,7.172670900160543,0.64,0.6214,0.663,Gaia DR3 68475904847290240,53.79354808310714,24.531663645306,7.1727,20.7062,-42.988,0.0,2016.0,7.376009386055552E-15
Gaia DR3 68505110624876032,7.573477587320924,0.6263,0.6142,0.6398,Gaia DR3 68505110624876032,54.114113047525905,24.687959548352808,7.5735,21.9444,-46.7275,0.0,2016.0,0.0
Gaia DR3 68506347575444096,7.3915386050814895,0.4988,0.4939,0.5055,Gaia DR3 68506347575444096,54.264567775408686,24.743022931744804,7.3915,20.0647,-45.3984,151.9256,2016.0,3.552713678800501E-15
Gaia DR3 68513356962056704,7.6497537347849605,0.652,0.6349,0.67,Gaia DR3 68513356962056704,54.377946007264235,24.84832840205574,7.6498,22.3517,-46.4083,0.0,2016.0,1.4723276302472795E-14
Gaia DR3 68514559552895488,7.1542297466143525,0.6582,0.6397,0.6714,Gaia DR3 68514559552895488,54.34278163126909,24.90432863222203,7.1542,20.0119,-43.7509,0.0,2016.0,0.0
Gaia DR3 68530124514310912,7.2668215879594475,0.5375,0.5295,0.5445,Gaia DR3 68530124514310912,53.9570648191768,25.07989856329464,7.2668,21.319,-43.7125,0.0,2016.0,0.0
Gaia DR3 68540535515653504,7.702833922832106,0.0642,0.0553,0.0706,Gaia DR3 68540535515653504,54.77812109736227,24.702658564560203,7.7028,21.6886,-47.2598,-0.8172,2016.0,7.368269505312784E-15
Gaia DR3 68559738312482048,7.305524477865957,0.8569,0.8449,0.8715,Gaia DR3 68559738312482048,54.819826907433885,24.96055005254026,7.3055,20.2281,-42.6947,0.0,2016.0,7.356505811930501E-15
Gaia DR3 68581694185489920,7.306643159453647,0.492,0.4665,0.5222,Gaia DR3 68581694185489920,55.24698532160135,25.198561920518507,7.3066,21.1246,-45.9701,0.0,2016.0,6.429258824240323E-15
Gaia DR3 68591456647799552,7.107390645724756,0.6347,0.6171,0.6585,Gaia DR3 68591456647799552,55.35292270473847,25.38482971529277,7.1074,19.4466,-43.1681,0.0,2016.0,7.336916448031338E-15
Gaia DR3 68593346433465856,6.995498709634505,0.0316,0.0263,0.0371,Gaia DR3 68593346433465856,54.96326524435254,25.194661602170083,6.9955,19.7525,-43.0726,11.9767,2016.0,0.0
Gaia DR3 68595751615127296,7.429406078180151,0.573,0.5673,0.5788,Gaia DR3 68595751615127296,55.06220014487003,25.321731267946834,7.4294,21.0933,-46.227,1.5129,2016.0,7.339848272872683E-15
Gaia DR3 68600321460320768,7.544997506047376,0.6626,0.6395,0.6812,Gaia DR3 68600321460320768,55.0460741774819,25.39058935918636,7.545,20.3917,-45.9112,0.0,2016.0,7.336648508781795E-15
Gaia DR3 68605058807852928,7.038790280080035,0.9059,0.8178,0.9342,Gaia DR3 68605058807852928,55.26734730073163,25.50698102635492,7.0388,19.9623,-45.8117,0.0,2016.0,9.571423403413447E-15
Gaia DR3 68606918530067072,7.435514579666062,0.6509,0.634,0.6677,Gaia DR3 68606918530067072,55.135840976768414,25.47778442647646,7.4355,20.1652,-46.1743,0.0,2016.0,6.414439757503025E-15
Gaia DR3 68620868583787904,7.776719175190282,0.443,0.4304,0.4503,Gaia DR3 68620868583787904,54.72052587343976,25.23624701095785,7.7767,22.1066,-47.3341,5.2198,2016.0,0.0
Gaia DR3 68624613795266432,7.1401376918502075,0.8218,0.8079,0.8381,Gaia DR3 68624613795266432,54.60099903259686,25.330201254399686,7.1401,19.2585,-44.0869,0.0,2016.0,6.422291384229362E-15
Gaia DR3 68660554081641472,7.346215279595457,0.7304,0.7159,0.7448,Gaia DR3 68660554081641472,55.0249543783144,25.672340069931327,7.3462,20.9905,-45.5817,0.0,2016.0,0.0
Gaia DR3 68828225308044288,7.643891289964083,0.5756,0.5582,0.5931,Gaia DR3 68828225308044288,52.79708332251262,24.23216315320277,7.6439,22.4406,-45.8687,0.0,2016.0,7.389450138312056E-15
Gaia DR3 69250235911393408,7.156091026598196,0.1579,0.1485,0.1687,Gaia DR3 69250235911393408,53.50763487451828,24.88070575164937,7.1561,21.2989,-44.6559,3.7837,2016.0,6.4459424173102615E-15
Gaia DR3 69294010218010240,7.585001426477031,0.5965,0.5841,0.608,Gaia DR3 69294010218010240,54.02223934604324,25.35081711484489,7.585,21.2887,-46.6104,0.0,2016.0,0.0
Gaia DR3 69294319455655808,7.3592640392044775,0.5171,0.5077,0.5339,Gaia DR3 69294319455655808,53.9836347817358,25.366356644857383,7.3593,22.3377,-45.5274,0.0,2016.0,6.420371806752315E-15
Gaia DR3 69335619861034752,7.616690674351754,0.0509,0.0463,0.0561,Gaia DR3 69335619861034752,52.816577633142344,25.25525753177216,7.6167,22.6247,-46.7573,1.8492,2016.0,0.0
Gaia DR3 69351219182301184,7.308317598967427,0.6933,0.6731,0.72,Gaia DR3 69351219182301184,53.55617770252821,25.423579863502788,7.3083,20.9717,-45.5586,0.0,2016.0,3.552713678800501E-15
Gaia DR3 69400010010608768,7.520010336377549,0.4806,0.4736,0.4902,Gaia DR3 69400010010608768,54.35069069014938,25.72212307884839,7.52,21.7607,-46.7333,-13.7724,2016.0,3.552713678800501E-15
Gaia DR3 69409424578948608,7.363656223642926,0.6161,0.6092,0.6228,Gaia DR3 69409424578948608,53.959615743325756,25.705589938566387,7.3637,21.8149,-46.0143,0.0,2016.0,0.0
Gaia DR3 69486733990130048,7.280874528818413,0.8151,0.7873,0.8345,Gaia DR3 69486733990130048,53.67316799130213,26.157434577086487,7.2809,21.2922,-44.5434,0.0,2016.0,6.377732970941683E-15
Gaia DR3 69502298951642496,7.720616536554244,0.6293,0.6149,0.6445,Gaia DR3 69502298951642496,54.4071422812499,26.350991947084918,7.7206,22.0137,-48.3403,0.0,2016.0,0.0
Gaia DR3 69575313395795584,7.449186455944259,0.2442,0.2362,0.2517,Gaia DR3 69575313395795584,53.251652541764635,25.995840734677515,7.4492,21.2702,-45.8567,3.9493,2016.0,9.553795863380475E-15
Gaia DR3 69583177479805824,7.426157148549523,,,,Gaia DR3 69583177479805824,52.83633248313048,25.959207347726046,7.4262,23.2288,-48.1037,0.0,2016.0,7.105427357601002E-15
Gaia DR3 69583456653826048,7.344328851874564,0.5158,0.5074,0.5213,Gaia DR3 69583456653826048,52.81107055987313,25.98089799555247,7.3443,21.7518,-44.7402,1.8095,2016.0,3.552713678800501E-15
Gaia DR3 69585140280997760,7.216216413017743,0.2118,0.1989,0.2383,Gaia DR3 69585140280997760,52.824851336654994,26.028612640209293,7.2162,21.0664,-43.6822,3.2876,2016.0,3.552713678800501E-15
Gaia DR3 69704643451409792,7.378745244155373,0.6117,0.5932,0.6336,Gaia DR3 69704643451409792,53.69813615825178,26.37028051116934,7.3787,20.7589,-45.3107,0.0,2016.0,7.290295053453577E-15
Gaia DR3 69806039039416832,7.5284014269211195,0.6398,0.6231,0.6599,Gaia DR3 69806039039416832,56.27740714247925,24.678409040272616,7.5284,20.2441,-44.8075,0.0,2016.0,1.3392726988310457E-14
Gaia DR3 69807963184755840,7.4811645664167425,0.5798,0.5694,0.5912,Gaia DR3 69807963184755840,56.25481939508828,24.777907828400753,7.4812,20.6999,-46.8719,0.0,2016.0,0.0
Gaia DR3 69811364798863744,7.383367795347211,0.6068,0.5999,0.6149,Gaia DR3 69811364798863744,56.103485703428014,24.768212832129016,7.3834,20.0097,-45.865,-1.5533,2016.0,6.4517994285622944E-15
Gaia DR3 69811639676769536,7.509212453253538,0.1742,0.1689,0.1949,Gaia DR3 69811639676769536,56.08380493090035,24.7959610969443,7.5092,19.8986,-46.5676,4.3028,2016.0,3.552713678800501E-15
Gaia DR3 69811948914407168,7.489501972504944,0.0687,0.0645,0.0724,Gaia DR3 69811948914407168,56.169922338576605,24.818333957946873,7.4895,20.2387,-45.4458,4.2536,2016.0,6.449192912728868E-15
Gaia DR3 69812945346809600,7.222157170572348,0.0815,0.0795,0.0839,Gaia DR3 69812945346809600,56.29068291043696,24.839057004118633,7.2222,20.2181,-46.124,12.9052,2016.0,3.552713678800501E-15
Gaia DR3 69814388455816960,7.4733806175867645,0.1785,0.1732,0.1835,Gaia DR3 69814388455816960,56.20917356922093,24.91091026357742,7.4734,20.0854,-48.0234,3.8005,2016.0,6.44436556881535E-15
Gaia DR3 69819027020489088,7.384165584979173,0.0176,0.0095,0.0277,Gaia DR3 69819027020489088,56.350629556134706,24.88577921413498,7.3842,20.5434,-45.5697,6.4537,2016.0,0.0
Gaia DR3 69824730737081600,7.304577520790359,0.8103,0.7837,0.8368,Gaia DR3 69824730737081600,56.04708125749789,24.876052864566486,7.3046,21.3106,-44.4841,0.0,2016.0,0.0
Gaia DR3 69829541100441600,7.489878731778486,0.496,0.4903,0.5033,Gaia DR3 69829541100441600,55.98635194866267,24.993324257800918,7.4899,21.269,-45.1245,-0.6139,2016.0,3.552713678800501E-15
Gaia DR3 69834282744302208,7.392752847218599,0.6606,0.6456,0.678,Gaia DR3 69834282744302208,56.262098904649356,25.088651762657655,7.3928,20.6871,-45.7876,0.0,2016.0,6.4350501810930404E-15
Gaia DR3 69834759483788928,7.505058121310262,0.6276,0.6177,0.636,Gaia DR3 69834759483788928,56.306465913388266,25.08756084913728,7.5051,20.5855,-46.2453,0.0,2016.0,0.0
Gaia DR3 69834866859848192,7.4380772139423605,0.4267,0.4209,0.4326,Gaia DR3 69834866859848192,56.325703284283655,25.099341098152607,7.4381,20.8635,-46.2941,4.7321,2016.0,3.552713678800501E-15
Gaia DR3 69837134602589952,7.1556032681894095,0.8209,0.8077,0.8341,Gaia DR3 69837134602589952,56.21473010374197,25.08777464661099,7.1556,19.5508,-45.8581,0.0,2016.0,1.3351540442243435E-14
Gaia DR3 69838131035001856,7.662160127462412,0.6789,0.6572,0.6992,Gaia DR3 69838131035001856,56.13412411806881,25.13659429380858,7.6622,21.4634,-48.0733,0.0,2016.0,3.552713678800501E-15
Gaia DR3 69838302833692160,7.6355811604397665,0.2458,0.2393,0.2515,Gaia DR3 69838302833692160,56.15605465286112,25.137584496242773,7.6356,22.0774,-46.6715,5.7814,2016.0,0.0
Gaia DR3 69840879814047872,7.428143353032573,0.2034,0.1846,0.2166,Gaia DR3 69840879814047872,56.26681313037545,25.257646866907518,7.4281,18.6476,-45.4083,5.076,2016.0,0.0
Gaia DR3 69847610026687104,7.435385667487052,0.0785,0.071,0.0842,Gaia DR3 69847610026687104,56.614070394987166,25.13533113169354,7.4354,20.8663,-45.54,5.8137,2016.0,7.348471477210451E-15
Gaia DR3 69854348831573504,7.177210726519302,0.5028,0.4973,0.5107,Gaia DR3 69854348831573504,56.725205994094026,25.24564655686341,7.1772,19.38,-43.6624,-6.7674,2016.0,3.552713678800501E-15
Gaia DR3 69857235049588736,7.473088690859399,0.3126,0.3015,0.3259,Gaia DR3 69857235049588736,56.811777082442,25.371626043110563,7.4731,19.5616,-45.9378,6.2332,2016.0,0.0
Gaia DR3 69859124835119360,7.368127350969552,0.6628,0.653,0.6737,Gaia DR3 69859124835119360,56.46653993674255,25.16698929532755,7.3681,18.7825,-45.4991,0.0,2016.0,0.0
Gaia DR3 69860293066219136,7.282245692610075,0.5301,0.5252,0.5359,Gaia DR3 69860293066219136,56.412758094613054,25.224208945373555,7.2822,19.8324,-45.0777,-0.2825,2016.0,1.2855808065592933E-14
Gaia DR3 69871219462957952,7.422793427745172,0.5999,0.5917,0.6075,Gaia DR3 69871219462957952,56.69080914397628,25.45824837858355,7.4228,20.6489,-46.5116,198.1301,2016.0,7.333496980576874E-15
Gaia DR3 69872044096705664,7.412431557949202,,,,Gaia DR3 69872044096705664,56.496515250865976,25.39839015777669,7.4124,20.3189,-45.4132,0.717,2016.0,6.418668933729326E-15
Gaia DR3 69873418486230272,7.318591468953866,0.5259,0.5133,0.5599,Gaia DR3 69873418486230272,56.516010356725836,25.452796196778696,7.3186,22.5719,-44.9602,4.7805,2016.0,3.552713678800501E-15
Gaia DR3 69876712724339456,7.435405583801451,0.3498,0.272,0.4197,Gaia DR3 69876712724339456,55.951482385995824,25.004185022844748,7.4354,19.8597,-45.6027,9.2933,2016.0,0.0
Gaia DR3 69877163697813248,7.4822151427087125,0.5052,0.4982,0.5113,Gaia DR3 69877163697813248,55.94994861466845,25.05300565392932,7.4822,20.9773,-46.0518,8.1429,2016.0,0.0
Gaia DR3 69878503727603072,7.472112695373374,0.4583,0.4479,0.4716,Gaia DR3 69878503727603072,56.009591673177034,25.064755191892758,7.4721,20.5258,-44.5022,-35.6033,2016.0,3.552713678800501E-15
Gaia DR3 69889876800977408,7.4793004006386585,0.3635,0.3519,0.3741,Gaia DR3 69889876800977408,55.98631467387493,25.26208174501833,7.4793,19.9925,-45.7837,0.0,2016.0,7.342613907156121E-15
Gaia DR3 69894962042148096,7.529091809216199,0.6728,0.6329,0.6913,Gaia DR3 69894962042148096,55.67556599462249,25.19670128433248,7.5291,20.8047,-47.2054,0.0,2016.0,0.0
Gaia DR3 69898294936767488,7.335305240582374,0.7765,0.7565,0.7991,Gaia DR3 69898294936767488,55.654025634157705,25.23250873853018,7.3353,19.8382,-44.4842,0.0,2016.0,3.552713678800501E-15
Gaia DR3 69898810332838400,6.993866596372297,,,,Gaia DR3 69898810332838400,55.678567723369966,25.280897389489994,6.9939,19.5644,-43.2285,6.6242,2016.0,0.0
Gaia DR3 69904101732529408,7.173660816351542,0.4012,0.2981,0.4782,Gaia DR3 69904101732529408,55.86311858120914,25.387387734138116,7.1737,20.2391,-44.0036,3.3624,2016.0,6.4192540390140694E-15
Gaia DR3 69904410970171392,7.638439452106811,0.5209,0.5102,0.536,Gaia DR3 69904410970171392,55.90555622605946,25.40878618559989,7.6384,21.2985,-47.2829,0.0,2016.0,1.3318806973461672E-14
Gaia DR3 69904617128601984,7.602327314027255,0.5366,0.5305,0.5424,Gaia DR3 69904617128601984,55.89680277271759,25.408460504484726,7.6023,20.1982,-47.3681,9.4969,2016.0,1.3318840376937335E-14
Gaia DR3 69906472554465792,7.26266420477807,0.5585,0.5533,0.571,Gaia DR3 69906472554465792,55.97455348593456,25.47487895307199,7.2627,19.0023,-45.7905,34.1177,2016.0,0.0
Gaia DR3 69906571336964608,7.428714539269931,0.2181,0.2071,0.2254,Gaia DR3 69906571336964608,56.021340450904624,25.483630341529256,7.4287,20.7728,-45.6642,5.7233,2016.0,1.2828255740393024E-14
Gaia DR3 69906713072633856,7.232947154619978,0.7344,0.7252,0.7419,Gaia DR3 69906713072633856,55.970030289721734,25.491626639175383,7.2329,20.3839,-45.4439,0.0,2016.0,3.552713678800501E-15
Gaia DR3 69911282917833216,7.527230130460904,0.5458,0.5369,0.5551,Gaia DR3 69911282917833216,55.892333071520504,25.590394527610496,7.5272,20.4544,-46.1369,0.0,2016.0,3.552713678800501E-15
Gaia DR3 69911867033651200,7.338951516005683,0.8012,0.7823,0.8247,Gaia DR3 69911867033651200,56.25512663573019,25.351427914366585,7.339,19.721,-46.1651,0.0,2016.0,0.0
Gaia DR3 69917635172718720,7.186533778949462,0.2688,0.2413,0.2882,Gaia DR3 69917635172718720,56.1832111805621,25.4990904084966,7.1865,20.3249,-43.8316,5.739,2016.0,0.0
Gaia DR3 69918086146123520,7.307102820399967,0.5389,0.5226,0.5525,Gaia DR3 69918086146123520,56.27224584037732,25.486232262260643,7.3071,20.4844,-46.5062,-19.7677,2016.0,0.0
Gaia DR3 69918979499309952,7.490897652344597,,,,Gaia DR3 69918979499309952,56.28772677585699,25.546813749362023,7.4909,19.8836,-45.4464,0.0,2016.0,0.0
Gaia DR3 69930764889482752,7.320168724172881,0.9199,0.9062,0.9341,Gaia DR3 69930764889482752,56.10458705678782,25.56760995826113,7.3202,20.8737,-46.7636,0.0,2016.0,0.0
Gaia DR3 69932276717968512,7.110221839905991,0.5313,0.5262,0.5364,Gaia DR3 69932276717968512,56.125404530638,25.596210762222004,7.1102,20.0527,-43.5771,-30.8138,2016.0,0.0
Gaia DR3 69934334006064768,7.319788244552368,0.7674,0.7366,0.8139,Gaia DR3 69934334006064768,56.04490060536961,25.62714909234563,7.3198,19.5994,-46.1485,0.0,2016.0,7.325597337619127E-15
Gaia DR3 69935162935991168,7.323156582407243,0.4531,0.4421,0.4792,Gaia DR3 69935162935991168,56.01189022138177,25.656149201293164,7.3232,19.7731,-46.0191,2.4496,2016.0,6.4048937132557386E-15
Gaia DR3 69942515919994368,7.149068071202813,0.714,0.7045,0.7226,Gaia DR3 69942515919994368,56.13788197135758,25.752519740211472,7.1491,19.716,-44.8368,0.0,2016.0,0.0
Gaia DR3 69945814454871680,7.573754288408809,0.2289,0.2244,0.2341,Gaia DR3 69945814454871680,56.17999120209439,25.875322446353035,7.5738,19.7658,-45.8951,2.5642,2016.0,7.313906530923742E-15
Gaia DR3 69947635521777152,7.208952742799342,0.7642,0.748,0.8025,Gaia DR3 69947635521777152,56.905696548985354,25.33384802905008,7.209,18.4527,-45.7222,0.0,2016.0,0.0
Gaia DR3 69948253997063424,7.2009784966893235,0.1503,0.1448,0.1561,Gaia DR3 69948253997063424,56.94524283764543,25.38549346832899,7.201,19.4229,-45.777,3.7393,2016.0,3.552713678800501E-15
Gaia DR3 69962719446879232,7.418253803653885,0.7804,0.7667,0.7892,Gaia DR3 69962719446879232,57.1904090545785,25.70026259761734,7.4183,18.322,-45.4778,0.0,2016.0,3.552713678800501E-15
Gaia DR3 69964879813013248,7.44663752434784,0.134,0.1134,0.1498,Gaia DR3 69964879813013248,56.83709232128784,25.525638838893478,7.4466,19.3036,-45.5685,8.2808,2016.0,0.0
Gaia DR3 69968113925681408,7.160889198044508,0.6844,0.6722,0.6975,Gaia DR3 69968113925681408,56.88781044276308,25.638312433124966,7.1609,18.803,-44.1586,0.0,2016.0,9.566714514813966E-15
Gaia DR3 69974504837007232,7.673490988631685,0.5739,0.5619,0.5854,Gaia DR3 69974504837007232,56.89244548480664,25.718164825630673,7.6735,20.1988,-46.5125,0.0,2016.0,1.2803120206566572E-14
Gaia DR3 69977597213945984,7.012934047920243,0.4166,0.3748,0.4646,Gaia DR3 69977597213945984,56.842929581108244,25.72068541952274,7.0129,20.0004,-44.7769,0.0,2016.0,3.552713678800501E-15
Gaia DR3 69985499953396480,6.94028215287807,0.729,0.7197,0.7388,Gaia DR3 69985499953396480,57.342332131747774,25.793689824375647,6.9403,19.4126,-43.0754,0.0,2016.0,7.317762981826006E-15
Gaia DR3 69985637392346496,7.371013649320316,0.7683,0.7579,0.7804,Gaia DR3 69985637392346496,57.38677013764583,25.796211207355963,7.371,19.7102,-46.3622,0.0,2016.0,7.317644028298442E-15
Gaia DR3 69988489250631680,7.747734110425985,0.3445,0.3398,0.3505,Gaia DR3 69988489250631680,57.33572618441402,25.81781951369322,7.7477,19.6526,-47.6295,9.2502,2016.0,0.0
Gaia DR3 69992371901046400,7.5491718165493475,0.8942,0.8761,0.9085,Gaia DR3 69992371901046400,57.49428606850405,25.896034214215305,7.5492,21.5943,-46.6795,0.0,2016.0,7.312926370497993E-15
Gaia DR3 69996976105980800,7.548105197674344,0.6133,0.603,0.6268,Gaia DR3 69996976105980800,57.39710417795447,25.992811633357707,7.5481,20.6347,-46.8222,0.0,2016.0,0.0
Gaia DR3 70010303387697024,7.402525727526368,0.7485,0.7355,0.7613,Gaia DR3 70010303387697024,57.401390021101875,26.037727888727037,7.4025,20.386,-44.9983,0.0,2016.0,3.552713678800501E-15
Gaia DR3 70019378655328768,7.286429472382369,0.7284,0.7154,0.738,Gaia DR3 70019378655328768,56.66784383600048,25.73135614781764,7.2864,20.2829,-44.5199,0.0,2016.0,6.400850044826579E-15
Gaia DR3 70028170451469312,7.171909892274891,0.5988,0.5922,0.6045,Gaia DR3 70028170451469312,56.84109229961472,25.897739265702654,7.1719,20.3023,-45.1901,2.073,2016.0,3.552713678800501E-15
Gaia DR3 70042743277270016,7.286612572195774,0.6465,0.6369,0.6564,Gaia DR3 70042743277270016,56.42996532020241,26.040585885875117,7.2866,20.2609,-44.0307,0.0,2016.0,3.552713678800501E-15
Gaia DR3 70044456967585280,7.082930667980825,0.6511,0.636,0.6651,Gaia DR3 70044456967585280,56.54213467684923,26.002372396199018,7.0829,19.8874,-45.073,0.0,2016.0,0.0
Gaia DR3 70044628765739776,7.478152057866121,0.4337,0.4294,0.4383,Gaia DR3 70044628765739776,56.581037881379835,26.043073251837463,7.4782,20.3237,-45.9819,4.0249,2016.0,0.0
Gaia DR3 70060610341280128,7.117148539463226,0.6897,0.6766,0.703,Gaia DR3 70060610341280128,56.932933097744986,26.224011715764593,7.1171,20.0627,-44.7833,0.0,2016.0,1.4594626936609357E-14
Gaia DR3 70072773688658432,7.392871542707543,0.5801,0.5707,0.5889,Gaia DR3 70072773688658432,56.8775155240631,26.278915634638096,7.3929,20.9728,-46.2113,0.0,2016.0,0.0
Gaia DR3 70077270518065920,7.535994762888507,0.6499,0.6375,0.6621,Gaia DR3 70077270518065920,56.84147827794629,26.379668527819774,7.536,20.6792,-46.7248,0.0,2016.0,3.552713678800501E-15
Gaia DR3 70091259227969920,7.234602964116197,0.8044,0.7894,0.8195,Gaia DR3 70091259227969920,55.65988578713487,25.478848353058403,7.2346,20.46,-44.292,0.0,2016.0,6.4143830005819665E-15
Gaia DR3 70097581419826944,7.281823665960581,0.5644,0.5534,0.5762,Gaia DR3 70097581419826944,55.68259731255876,25.534924792183052,7.2818,20.1329,-45.3872,-12.5831,2016.0,7.105427357601002E-15
Gaia DR3 70098612211973248,7.407633218727595,0.5515,0.5419,0.5631,Gaia DR3 70098612211973248,55.78162924002444,25.574598690436172,7.4076,20.4443,-45.9491,0.0,2016.0,6.40926598656298E-15
Gaia DR3 70108473456817280,7.260360591268323,0.1118,0.1008,0.119,Gaia DR3 70108473456817280,55.40077339536187,25.619132539658523,7.2604,17.4533,-43.1638,3.4922,2016.0,6.406879944218966E-15
Gaia DR3 70118197262752768,7.416742738578558,0.5996,0.5912,0.6066,Gaia DR3 70118197262752768,55.47596879894866,25.729606115398568,7.4167,21.9011,-46.3452,6.3068,2016.0,0.0
Gaia DR3 70121805035254144,7.455247491858338,0.2849,0.2747,0.307,Gaia DR3 70121805035254144,55.51973531138045,25.885673026076415,7.4552,21.0576,-46.8967,4.7195,2016.0,0.0
Gaia DR3 70123003329050880,7.663925692212121,0.7617,0.7426,0.7896,Gaia DR3 70123003329050880,55.93374708446591,25.66362571551907,7.6639,20.6666,-45.9931,0.0,2016.0,1.3292548914707685E-14
Gaia DR3 70125000491024128,7.513559806401316,0.173,0.1618,0.1818,Gaia DR3 70125000491024128,55.95431715608065,25.729411137159918,7.5136,21.2708,-47.7651,4.5841,2016.0,6.4009547615916404E-15
Gaia DR3 70127955428529536,7.525572168680947,0.669,0.6534,0.6903,Gaia DR3 70127955428529536,55.77098887380925,25.742928469245964,7.5256,20.4866,-47.0037,0.0,2016.0,7.320155617678543E-15
Gaia DR3 70129050643128832,7.7844963597866546,0.5575,0.5499,0.5646,Gaia DR3 70129050643128832,55.90286954300196,25.783351422078248,7.7845,21.2097,-47.4257,0.0,2016.0,0.0
Gaia DR3 70132658415356672,7.308381076735373,0.9262,0.9154,0.9432,Gaia DR3 70132658415356672,56.018789640275436,25.856103737794054,7.3084,19.2567,-43.2667,2.3098,2016.0,7.314815417143475E-15
Gaia DR3 70150357977789056,7.531798746166224,0.6758,0.6669,0.6844,Gaia DR3 70150357977789056,55.85925726123208,26.04171814484886,7.5318,21.045,-46.5771,-21.2931,2016.0,0.0
Gaia DR3 70152144684310144,7.123962622313409,0.5964,0.5895,0.6043,Gaia DR3 70152144684310144,55.94626178163878,26.07635238903365,7.124,20.1343,-44.8751,0.0,2016.0,3.552713678800501E-15
Gaia DR3 70153484713977472,7.333114923095777,0.6657,0.6567,0.6755,Gaia DR3 70153484713977472,55.82948712890788,26.078747132934307,7.3331,20.0893,-45.5855,0.0,2016.0,0.0
Gaia DR3 70158977974956672,7.396323568957691,0.3445,0.336,0.3541,Gaia DR3 70158977974956672,55.17747786165172,25.70526832583363,7.3963,20.785,-45.871,2.4922,2016.0,7.321928045557142E-15
Gaia DR3 70160287942261376,7.797466246499463,0.5848,0.576,0.5937,Gaia DR3 70160287942261376,55.29287492170479,25.76541903413525,7.7975,21.5635,-47.15,0.0,2016.0,3.552713678800501E-15
Gaia DR3 70165476262750976,7.256145998522227,0.6636,0.6559,0.671,Gaia DR3 70165476262750976,55.168079441605656,25.846594275332414,7.2561,20.8657,-45.7075,0.0,2016.0,7.315264916525407E-15
Gaia DR3 70169251536714624,7.291083068714323,0.2684,0.2523,0.2788,Gaia DR3 70169251536714624,55.49621763545559,25.920717603367972,7.2911,20.5777,-45.1374,5.3208,2016.0,0.0
Gaia DR3 70175474946486784,7.083079593121529,0.6705,0.6579,0.6862,Gaia DR3 70175474946486784,55.04463153936919,25.824830637268388,7.0831,18.8658,-43.4139,0.0,2016.0,6.395808810459428E-15
Gaia DR3 70176265220466048,7.039188533354887,0.7179,0.6899,0.7589,Gaia DR3 70176265220466048,55.04973603282433,25.875505203755026,7.0392,19.668,-43.1593,0.0,2016.0,6.393068730349181E-15
Gaia DR3 70180216590377600,7.670244565641674,0.9053,0.885,0.9278,Gaia DR3 70180216590377600,54.991109086565196,25.924761014624796,7.6702,21.0713,-47.3541,0.0,2016.0,7.311565766696627E-15
Gaia DR3 70189837317110016,7.124132246599021,0.6503,0.6395,0.6615,Gaia DR3 70189837317110016,55.04559055682499,26.11121030197882,7.1241,20.1321,-43.723,0.0,2016.0,7.105427357601002E-15
Gaia DR3 70200935512668800,7.042131602648405,0.6831,0.6761,0.6901,Gaia DR3 70200935512668800,55.4953184075574,26.205753750089364,7.0421,19.5241,-44.1777,29.982,2016.0,3.552713678800501E-15
Gaia DR3 70201725786644608,7.662535829651434,0.6534,0.6391,0.6702,Gaia DR3 70201725786644608,55.725084279073265,26.137673410555898,7.6625,19.9572,-46.8491,0.0,2016.0,3.552713678800501E-15
Gaia DR3 70215705904150272,7.132856574908565,,,,Gaia DR3 70215705904150272,55.29810728691407,26.27180407732168,7.1329,19.3512,-44.3524,0.0,2016.0,0.0
Gaia DR3 70230652389756928,7.372932552531047,0.6834,0.6601,0.7107,Gaia DR3 70230652389756928,56.33901866387601,26.090268845002047,7.3729,20.1604,-46.4132,0.0,2016.0,0.0
Gaia DR3 70234882933734400,7.831227884182649,0.1175,0.1095,0.1251,Gaia DR3 70234882933734400,56.22103743980827,26.14179686806,7.8312,21.609,-48.8603,5.2277,2016.0,7.301243374899175E-15
Gaia DR3 70241033326866944,7.273518281737768,,,,Gaia DR3 70241033326866944,56.49510380195464,26.33369184449632,7.2735,19.9966,-44.526,0.0,2016.0,0.0
Gaia DR3 70242785673539712,7.363967286383346,0.2462,0.2374,0.251,Gaia DR3 70242785673539712,56.28429366184955,26.29231185969051,7.364,19.6739,-45.7071,5.1061,2016.0,7.294040473866428E-15
Gaia DR3 70252681278085376,7.252740248540545,0.1984,0.1938,0.2036,Gaia DR3 70252681278085376,56.064126288551066,26.331020873579526,7.2527,20.0388,-44.7228,4.7475,2016.0,0.0
Gaia DR3 70271854012150912,7.5285681732913465,0.7103,0.6948,0.7267,Gaia DR3 70271854012150912,56.59895767544121,26.57294021230501,7.5286,19.2714,-46.8914,0.0,2016.0,1.3196902690210975E-14
Gaia DR3 70274190474468864,7.372225510083305,0.6062,0.5971,0.6159,Gaia DR3 70274190474468864,56.868431608315476,26.534764624622056,7.3722,20.1706,-46.3116,0.0,2016.0,0.0
Gaia DR3 70286319462343808,7.111385113944721,0.1977,0.1931,0.2039,Gaia DR3 70286319462343808,56.30808797509741,26.588214023487527,7.1114,19.2968,-44.3324,3.9596,2016.0,0.0
Gaia DR3 70313016978627584,7.034812837832362,0.3962,0.3905,0.4018,Gaia DR3 70313016978627584,55.90868834592439,26.612313861082,7.0348,18.9693,-43.7437,2.2369,2016.0,3.552713678800501E-15
Gaia DR3 70334384440377472,7.298202957063744,0.6145,0.6008,0.6275,Gaia DR3 70334384440377472,56.267614732161,26.67893635265186,7.2982,20.2701,-46.1055,0.0,2016.0,0.0
Gaia DR3 70356580830628864,7.474264263220654,0.7007,0.6874,0.715,Gaia DR3 70356580830628864,56.02056349331565,26.96946450921715,7.4743,20.5895,-45.5525,0.0,2016.0,7.261189221201763E-15
Gaia DR3 70376097161725952,7.20949495327266,,,,Gaia DR3 70376097161725952,57.71749255722641,26.194354601008204,7.2095,18.9981,-45.6332,0.0,2016.0,6.375713235539858E-15
Gaia DR3 70387057918968064,7.400986644031784,0.515,0.47,0.5413,Gaia DR3 70387057918968064,57.56656469007027,26.193510714125857,7.401,20.3548,-45.7944,0.0,2016.0,0.0
Gaia DR3 70426507196531456,7.007297483928808,0.3428,0.3356,0.3509,Gaia DR3 70426507196531456,57.79406565213057,26.58748706098972,7.0073,18.0336,-44.1089,6.4775,2016.0,3.552713678800501E-15
Gaia DR3 70426782074435584,7.193973340297591,0.6821,0.6597,0.7055,Gaia DR3 70426782074435584,57.77125635675894,26.614107836089318,7.194,18.3042,-43.6303,0.0,2016.0,1.319250061618572E-14
Gaia DR3 70433241705178240,7.385264532032264,0.6896,0.6754,0.7037,Gaia DR3 70433241705178240,58.17431918431463,26.769461759965537,7.3853,18.9648,-47.6211,0.0,2016.0,0.0
Gaia DR3 70453303494018432,7.62911058479409,1.1768,1.1588,1.206,Gaia DR3 70453303494018432,57.45072259099454,26.62974817689401,7.6291,19.2878,-46.3727,0.0,2016.0,1.3190826561120102E-14
Gaia DR3 70457671479120000,7.610695564329927,0.683,0.6722,0.6924,Gaia DR3 70457671479120000,57.17979485408404,26.539025300249094,7.6107,20.6431,-46.269,0.0,2016.0,3.552713678800501E-15
Gaia DR3 70457877637565824,7.771877340288462,0.7066,0.6947,0.7178,Gaia DR3 70457877637565824,57.06939334323902,26.503111885230055,7.7719,20.7759,-49.0731,0.0,2016.0,3.552713678800501E-15
Gaia DR3 70461554129560448,7.582671190496229,0.2525,0.2471,0.2582,Gaia DR3 70461554129560448,57.051972156311926,26.58360374254647,7.5827,20.984,-46.5651,7.7903,2016.0,9.5322450027805E-15
Gaia DR3 70462688000922880,7.56666014095888,0.182,0.1716,0.1878,Gaia DR3 70462688000922880,56.99008522853177,26.629052685627993,7.5667,19.9249,-47.5169,3.2568,2016.0,6.3517339223134234E-15
Gaia DR3 70493268167993984,7.310328046118832,0.651,0.6154,0.6718,Gaia DR3 70493268167993984,57.409403943429396,26.851435079305364,7.3103,19.5995,-45.5086,0.0,2016.0,0.0
Gaia DR3 70495707709395584,7.469647336402018,0.6956,0.6839,0.707,Gaia DR3 70495707709395584,57.526829832795514,26.97174736066095,7.4696,19.5515,-45.6364,0.0,2016.0,7.105427357601002E-15
Gaia DR3 70847512772943488,7.535878473342207,0.717,0.7049,0.731,Gaia DR3 70847512772943488,57.86621334558817,27.982004470341742,7.5359,19.97,-49.0517,0.0,2016.0,1.0658141036401504E-14
Gaia DR3 70934649068656896,7.5078418321564575,0.7533,0.7086,0.786,Gaia DR3 70934649068656896,54.98818361370311,26.11654322312822,7.5078,21.1584,-48.5058,0.0,2016.0,3.552713678800501E-15
Gaia DR3 70938810893886208,7.299654038284225,,,,Gaia DR3 70938810893886208,54.84346435803241,26.19321979914525,7.2997,20.814,-46.9775,0.0,2016.0,3.552713678800501E-15
Gaia DR3 70941383577307392,7.83227143212911,0.1959,0.1849,0.2513,Gaia DR3 70941383577307392,55.024061740434064,26.19615276144307,7.8323,22.0668,-48.8631,-1.3914,2016.0,0.0
Gaia DR3 71021927100882560,7.385659108154691,0.4385,0.4312,0.4479,Gaia DR3 71021927100882560,54.40012598188154,26.546680445444792,7.3857,20.9669,-45.6862,-18.8266,2016.0,0.0
Gaia DR3 71042439864623104,7.363458335150091,0.3677,0.3621,0.3735,Gaia DR3 71042439864623104,54.82633071571327,26.793219430085944,7.3635,20.2627,-45.4968,4.2505,2016.0,1.4539619092542068E-14
Gaia DR3 71042641727187968,7.725854859056574,0.741,0.7199,0.7649,Gaia DR3 71042641727187968,54.81489397592177,26.800907214746978,7.7259,21.6019,-48.274,0.0,2016.0,7.26943455348709E-15
Gaia DR3 71056252479453056,7.0861817693181415,0.5896,0.5739,0.6064,Gaia DR3 71056252479453056,54.61606337251374,26.856931797117696,7.0862,20.1205,-45.025,0.0,2016.0,0.0
Gaia DR3 71059138697443200,7.201042651914692,0.6355,0.6273,0.6455,Gaia DR3 71059138697443200,54.766999562762344,27.001232560752424,7.201,23.3832,-42.9169,0.0,2016.0,7.259630195084304E-15
Gaia DR3 71078483230315520,7.0688004637267365,0.5702,0.5613,0.5761,Gaia DR3 71078483230315520,55.45026051976445,26.78898039284342,7.0688,19.9941,-42.8875,0.0,2016.0,3.552713678800501E-15
Gaia DR3 71100404743364992,7.582136892000841,0.6707,0.6542,0.6865,Gaia DR3 71100404743364992,55.485423565219484,27.049300667730154,7.5821,21.1737,-47.082,0.0,2016.0,6.328204123849281E-15
Gaia DR3 71103428400426368,7.352313329316505,0.6617,0.6491,0.6826,Gaia DR3 71103428400426368,55.471078189588205,27.078469980586092,7.3523,20.2911,-45.6837,0.0,2016.0,0.0
Gaia DR3 71108440625265280,7.469524192307425,0.7893,0.7019,0.8127,Gaia DR3 71108440625265280,55.912152687390275,27.01689344109369,7.4695,20.9513,-45.7745,0.0,2016.0,0.0
Gaia DR3 71151841271691904,7.500865364688532,0.7215,0.6653,0.8957,Gaia DR3 71151841271691904,55.389957935675845,27.16379534449951,7.5009,20.8685,-46.43,0.0,2016.0,3.552713678800501E-15
Gaia DR3 71161771235981312,7.2850501607867075,0.6198,0.6112,0.6274,Gaia DR3 71161771235981312,54.95066129651742,27.189358701917822,7.2851,19.8669,-44.0628,0.0,2016.0,7.250365258527987E-15
Gaia DR3 71207710206088192,7.291276211305211,0.67,0.6613,0.6804,Gaia DR3 71207710206088192,55.59862400564944,27.765522859590856,7.2913,19.6016,-44.5195,0.0,2016.0,1.2574637627937812E-14
Gaia DR3 71409985986006016,7.450867275462981,0.5359,0.5293,0.5435,Gaia DR3 71409985986006016,55.069482478760804,27.922631045395285,7.4509,20.4708,-45.4628,0.0,2016.0,7.213723372613697E-15
