[2026-07-27 19:49:01] Prepared NGC2500: 5 Spike Gate samples on residual.
[2026-07-27 19:49:02] Prepared NGC4204: 43 Spike Gate samples on residual.
[2026-07-27 19:49:03] Prepared NGC4496A: 10 Spike Gate samples on residual.
[2026-07-27 19:49:03] Prepared UGC06840: 64 Spike Gate samples on residual.
[2026-07-27 19:49:03] Skipping NGC2681: Spike Gate found no spike samples on residual.
[2026-07-27 19:49:04] Skipping ESO298-023: Spike Gate found no spike samples on residual.
[2026-07-27 19:49:04] Prepared NGC4123: 25 Spike Gate samples on residual.
[2026-07-27 19:49:04] Prepared UGC09245: 5 Spike Gate samples on residual.
[2026-07-27 19:49:04] Skipping UGC05832: Spike Gate found no spike samples on residual.
[2026-07-27 19:49:05] Prepared NGC4532: 5 Spike Gate samples on residual.
[2026-07-27 19:49:05] Skipping PGC002492: Spike Gate found no spike samples on residual.
[2026-07-27 19:49:05] Prepared PGC011677: 13 Spike Gate samples on residual.
[2026-07-27 19:49:06] Prepared IC1014: 10 Spike Gate samples on residual.
[2026-07-27 19:49:06] Prepared NGC4293: 20 Spike Gate samples on residual.
[2026-07-27 19:49:07] Skipping UGC04988: Spike Gate found no spike samples on residual.
[2026-07-27 19:49:07] Prepared NGC3850: 15 Spike Gate samples on residual.
[2026-07-27 19:49:08] Prepared NGC2903: 20 Spike Gate samples on residual.
[2026-07-27 19:49:08] Skipping NGC1341: Spike Gate found no spike samples on residual.
[2026-07-27 19:49:09] Skipping NGC1800: Spike Gate found no spike samples on residual.
[2026-07-27 19:49:09] Prepared UGC06682: 12 Spike Gate samples on residual.
[2026-07-27 19:49:09] Skipping NGC5669: Spike Gate found no spike samples on residual.
[2026-07-27 19:49:09] Prepared IC3521: 5 Spike Gate samples on residual.
[2026-07-27 19:49:10] Prepared IC1954: 5 Spike Gate samples on residual.
[2026-07-27 19:49:10] Skipping UGC06931: Spike Gate found no spike samples on residual.
[2026-07-27 19:49:10] Prepared NGC6237: 25 Spike Gate samples on residual.
[2026-07-27 19:49:11] Prepared NGC3185: 10 Spike Gate samples on residual.
[2026-07-27 19:49:12] Prepared NGC3992: 10 Spike Gate samples on residual.
[2026-07-27 19:49:12] Prepared PGC051523: 5 Spike Gate samples on residual.
[2026-07-27 19:49:13] Prepared NGC3264: 5 Spike Gate samples on residual.
[2026-07-27 19:49:13] Prepared 20 galaxies. Output: C:\Users\gordo\Dropbox\Public Documents\UCLAN\MSc Research\Remove foreground objects\sep spike optimisation\20260727_194901
[2026-07-27 19:49:13] Optuna study 'sep-spike-gate-optimisation': 0 existing trials, 80 new trials.
[2026-07-27 19:49:13] eval 001 trial 0 starting (1/80); params=thresh=3.768, minarea=2, deblend=21/0.04486, back=24, filter=9, dilation=4, max_area=2583, max_elongation=8.317
[2026-07-27 19:49:14] eval 001 galaxy 1/20 NGC2500: coverage=0.000, masked=5.513%, segments=237, elapsed=0s
[2026-07-27 19:49:15] eval 001 galaxy 2/20 NGC4204: coverage=0.000, masked=2.434%, segments=489, elapsed=2s
[2026-07-27 19:49:16] eval 001 galaxy 3/20 NGC4496A: coverage=0.000, masked=4.271%, segments=255, elapsed=0s
[2026-07-27 19:49:16] eval 001 galaxy 4/20 UGC06840: coverage=0.000, masked=0.922%, segments=107, elapsed=1s
[2026-07-27 19:49:17] eval 001 galaxy 5/20 NGC4123: coverage=0.000, masked=1.592%, segments=135, elapsed=1s
[2026-07-27 19:49:17] eval 001 galaxy 6/20 UGC09245: coverage=0.000, masked=3.322%, segments=161, elapsed=0s
[2026-07-27 19:49:18] eval 001 galaxy 7/20 NGC4532: coverage=0.000, masked=5.290%, segments=298, elapsed=1s
[2026-07-27 19:49:18] eval 001 galaxy 8/20 PGC011677: coverage=0.000, masked=3.357%, segments=138, elapsed=0s
[2026-07-27 19:49:19] eval 001 galaxy 9/20 IC1014: coverage=0.000, masked=2.429%, segments=117, elapsed=0s
[2026-07-27 19:49:19] eval 001 galaxy 10/20 NGC4293: coverage=0.000, masked=5.159%, segments=438, elapsed=1s
[2026-07-27 19:49:20] eval 001 galaxy 11/20 NGC3850: coverage=0.000, masked=2.917%, segments=146, elapsed=0s
[2026-07-27 19:49:22] eval 001 galaxy 12/20 NGC2903: coverage=0.000, masked=6.954%, segments=1427, elapsed=3s
[2026-07-27 19:49:23] eval 001 galaxy 13/20 UGC06682: coverage=0.000, masked=2.848%, segments=144, elapsed=0s
[2026-07-27 19:49:23] eval 001 galaxy 14/20 IC3521: coverage=0.000, masked=1.886%, segments=163, elapsed=1s
[2026-07-27 19:49:24] eval 001 galaxy 15/20 IC1954: coverage=0.000, masked=3.604%, segments=166, elapsed=0s
[2026-07-27 19:49:24] eval 001 galaxy 16/20 NGC6237: coverage=0.200, masked=3.138%, segments=163, elapsed=0s
[2026-07-27 19:49:25] eval 001 galaxy 17/20 NGC3185: coverage=0.000, masked=2.596%, segments=209, elapsed=1s
[2026-07-27 19:49:27] eval 001 galaxy 18/20 NGC3992: coverage=0.000, masked=2.961%, segments=694, elapsed=2s
[2026-07-27 19:49:28] eval 001 galaxy 19/20 PGC051523: coverage=0.000, masked=2.328%, segments=159, elapsed=0s
[2026-07-27 19:49:28] eval 001 galaxy 20/20 NGC3264: coverage=0.000, masked=1.248%, segments=109, elapsed=1s
[2026-07-27 19:49:28] eval 001: objective=36.014 coverage=0.010 min_coverage=0.000 masked=3.238% max_masked=6.954% profile_affected=3.052% max_bridge=69.73arcsec status=ok elapsed=15s remaining=79, rough_eta=19m 23s, expected_completion=2026-07-27 20:08:51
[2026-07-27 19:49:28] eval 002 trial 1 starting (2/80); params=thresh=4.689, minarea=24, deblend=47/0.00003, back=192, filter=1, dilation=3, max_area=3022, max_elongation=25.750
[2026-07-27 19:49:29] eval 002 galaxy 1/20 NGC2500: coverage=1.000, masked=6.587%, segments=218, elapsed=0s
[2026-07-27 19:49:30] eval 002 galaxy 2/20 NGC4204: coverage=0.465, masked=1.225%, segments=304, elapsed=1s
[2026-07-27 19:49:31] eval 002 galaxy 3/20 NGC4496A: coverage=1.000, masked=3.066%, segments=176, elapsed=0s
[2026-07-27 19:49:31] eval 002 galaxy 4/20 UGC06840: coverage=0.078, masked=1.050%, segments=86, elapsed=1s
[2026-07-27 19:49:32] eval 002 galaxy 5/20 NGC4123: coverage=0.600, masked=2.205%, segments=135, elapsed=1s
[2026-07-27 19:49:32] eval 002 galaxy 6/20 UGC09245: coverage=1.000, masked=1.795%, segments=114, elapsed=1s
[2026-07-27 19:49:33] eval 002 galaxy 7/20 NGC4532: coverage=1.000, masked=3.928%, segments=224, elapsed=1s
[2026-07-27 19:49:34] eval 002 galaxy 8/20 PGC011677: coverage=0.385, masked=1.847%, segments=107, elapsed=0s
[2026-07-27 19:49:34] eval 002 galaxy 9/20 IC1014: coverage=1.000, masked=1.953%, segments=105, elapsed=0s
[2026-07-27 19:49:36] eval 002 galaxy 10/20 NGC4293: coverage=0.150, masked=4.181%, segments=323, elapsed=2s
[2026-07-27 19:49:36] eval 002 galaxy 11/20 NGC3850: coverage=0.733, masked=2.043%, segments=115, elapsed=0s
[2026-07-27 19:49:41] eval 002 galaxy 12/20 NGC2903: coverage=0.750, masked=5.021%, segments=796, elapsed=5s
[2026-07-27 19:49:42] eval 002 galaxy 13/20 UGC06682: coverage=0.000, masked=1.575%, segments=107, elapsed=0s
[2026-07-27 19:49:42] eval 002 galaxy 14/20 IC3521: coverage=1.000, masked=1.293%, segments=122, elapsed=1s
[2026-07-27 19:49:43] eval 002 galaxy 15/20 IC1954: coverage=0.800, masked=3.706%, segments=154, elapsed=0s
[2026-07-27 19:49:43] eval 002 galaxy 16/20 NGC6237: coverage=0.720, masked=3.501%, segments=146, elapsed=0s
[2026-07-27 19:49:44] eval 002 galaxy 17/20 NGC3185: coverage=0.500, masked=3.038%, segments=199, elapsed=1s
[2026-07-27 19:49:46] eval 002 galaxy 18/20 NGC3992: coverage=0.000, masked=2.203%, segments=453, elapsed=3s
[2026-07-27 19:49:47] eval 002 galaxy 19/20 PGC051523: coverage=0.000, masked=1.274%, segments=122, elapsed=0s
[2026-07-27 19:49:47] eval 002 galaxy 20/20 NGC3264: coverage=1.000, masked=0.910%, segments=99, elapsed=1s
[2026-07-27 19:49:47] eval 002: objective=23.364 coverage=0.609 min_coverage=0.000 masked=2.620% max_masked=6.587% profile_affected=44.137% max_bridge=152.91arcsec status=ok elapsed=19s remaining=78, rough_eta=21m 58s, expected_completion=2026-07-27 20:11:46
[2026-07-27 19:49:48] eval 003 trial 2 starting (3/80); params=thresh=3.228, minarea=5, deblend=60/0.07329, back=128, filter=5, dilation=0, max_area=3934, max_elongation=3.977
[2026-07-27 19:49:48] eval 003 galaxy 1/20 NGC2500: coverage=0.000, masked=1.821%, segments=420, elapsed=1s
[2026-07-27 19:49:50] eval 003 galaxy 2/20 NGC4204: coverage=0.116, masked=1.139%, segments=1273, elapsed=2s
[2026-07-27 19:49:50] eval 003 galaxy 3/20 NGC4496A: coverage=0.000, masked=1.611%, segments=532, elapsed=1s
[2026-07-27 19:49:51] eval 003 galaxy 4/20 UGC06840: coverage=0.000, masked=0.577%, segments=350, elapsed=1s
[2026-07-27 19:49:51] eval 003 galaxy 5/20 NGC4123: coverage=0.000, masked=0.793%, segments=369, elapsed=1s
[2026-07-27 19:49:52] eval 003 galaxy 6/20 UGC09245: coverage=0.000, masked=1.655%, segments=445, elapsed=0s
[2026-07-27 19:49:52] eval 003 galaxy 7/20 NGC4532: coverage=0.000, masked=2.836%, segments=765, elapsed=1s
[2026-07-27 19:49:53] eval 003 galaxy 8/20 PGC011677: coverage=0.000, masked=1.552%, segments=356, elapsed=0s
[2026-07-27 19:49:53] eval 003 galaxy 9/20 IC1014: coverage=0.000, masked=1.207%, segments=283, elapsed=0s
[2026-07-27 19:49:54] eval 003 galaxy 10/20 NGC4293: coverage=0.000, masked=2.361%, segments=896, elapsed=1s
[2026-07-27 19:49:55] eval 003 galaxy 11/20 NGC3850: coverage=0.000, masked=1.668%, segments=361, elapsed=0s
[2026-07-27 19:49:59] eval 003 galaxy 12/20 NGC2903: coverage=0.000, masked=2.463%, segments=2631, elapsed=5s
[2026-07-27 19:49:59] eval 003 galaxy 13/20 UGC06682: coverage=0.000, masked=1.464%, segments=381, elapsed=0s
[2026-07-27 19:50:00] eval 003 galaxy 14/20 IC3521: coverage=0.000, masked=1.081%, segments=477, elapsed=1s
[2026-07-27 19:50:01] eval 003 galaxy 15/20 IC1954: coverage=0.000, masked=1.622%, segments=387, elapsed=0s
[2026-07-27 19:50:01] eval 003 galaxy 16/20 NGC6237: coverage=1.000, masked=1.839%, segments=380, elapsed=0s
[2026-07-27 19:50:02] eval 003 galaxy 17/20 NGC3185: coverage=0.000, masked=1.389%, segments=588, elapsed=1s
[2026-07-27 19:50:04] eval 003 galaxy 18/20 NGC3992: coverage=0.000, masked=1.177%, segments=1497, elapsed=3s
[2026-07-27 19:50:05] eval 003 galaxy 19/20 PGC051523: coverage=0.000, masked=1.196%, segments=469, elapsed=0s
[2026-07-27 19:50:05] eval 003 galaxy 20/20 NGC3264: coverage=0.000, masked=0.866%, segments=433, elapsed=1s
[2026-07-27 19:50:05] eval 003: objective=34.872 coverage=0.056 min_coverage=0.000 masked=1.516% max_masked=2.836% profile_affected=3.911% max_bridge=69.73arcsec status=ok elapsed=18s remaining=77, rough_eta=22m 05s, expected_completion=2026-07-27 20:12:11
[2026-07-27 19:50:06] eval 004 trial 3 starting (4/80); params=thresh=0.660, minarea=29, deblend=12/0.00104, back=16, filter=1, dilation=3, max_area=3191, max_elongation=29.316
[2026-07-27 19:50:06] eval 004 galaxy 1/20 NGC2500: coverage=0.000, masked=14.904%, segments=701, elapsed=1s
[2026-07-27 19:50:11] eval 004 galaxy 2/20 NGC4204: coverage=0.767, masked=8.934%, segments=1947, elapsed=4s
[2026-07-27 19:50:12] eval 004 galaxy 3/20 NGC4496A: coverage=1.000, masked=12.214%, segments=794, elapsed=1s
[2026-07-27 19:50:12] eval 004 galaxy 4/20 UGC06840: coverage=0.312, masked=4.377%, segments=458, elapsed=1s
[2026-07-27 19:50:13] eval 004 galaxy 5/20 NGC4123: coverage=0.600, masked=7.436%, segments=587, elapsed=1s
[2026-07-27 19:50:14] eval 004 galaxy 6/20 UGC09245: coverage=1.000, masked=13.590%, segments=692, elapsed=1s
[2026-07-27 19:50:15] eval 004 galaxy 7/20 NGC4532: coverage=1.000, masked=15.837%, segments=974, elapsed=1s
[2026-07-27 19:50:16] eval 004 galaxy 8/20 PGC011677: coverage=0.000, masked=12.371%, segments=530, elapsed=1s
[2026-07-27 19:50:16] eval 004 galaxy 9/20 IC1014: coverage=1.000, masked=8.179%, segments=405, elapsed=1s
[2026-07-27 19:50:18] eval 004 galaxy 10/20 NGC4293: coverage=0.750, masked=12.143%, segments=1216, elapsed=2s
[2026-07-27 19:50:19] eval 004 galaxy 11/20 NGC3850: coverage=0.733, masked=9.370%, segments=521, elapsed=1s
[2026-07-27 19:50:39] eval 004 galaxy 12/20 NGC2903: coverage=0.750, masked=21.811%, segments=4968, elapsed=20s
[2026-07-27 19:50:39] eval 004 galaxy 13/20 UGC06682: coverage=0.833, masked=10.122%, segments=569, elapsed=1s
[2026-07-27 19:50:40] eval 004 galaxy 14/20 IC3521: coverage=1.000, masked=7.302%, segments=647, elapsed=1s
[2026-07-27 19:50:41] eval 004 galaxy 15/20 IC1954: coverage=1.000, masked=12.721%, segments=632, elapsed=1s
[2026-07-27 19:50:42] eval 004 galaxy 16/20 NGC6237: coverage=1.000, masked=11.416%, segments=629, elapsed=1s
[2026-07-27 19:50:43] eval 004 galaxy 17/20 NGC3185: coverage=1.000, masked=10.268%, segments=775, elapsed=1s
[2026-07-27 19:50:51] eval 004 galaxy 18/20 NGC3992: coverage=1.000, masked=11.231%, segments=2980, elapsed=8s
[2026-07-27 19:50:52] eval 004 galaxy 19/20 PGC051523: coverage=0.000, masked=8.257%, segments=609, elapsed=1s
[2026-07-27 19:50:53] eval 004 galaxy 20/20 NGC3264: coverage=1.000, masked=5.706%, segments=545, elapsed=1s
[2026-07-27 19:50:53] eval 004: objective=37.409 coverage=0.737 min_coverage=0.000 masked=10.909% max_masked=21.811% profile_affected=45.814% max_bridge=181.05arcsec status=ok elapsed=47s remaining=76, rough_eta=31m 19s, expected_completion=2026-07-27 20:22:12
[2026-07-27 19:50:53] eval 005 trial 4 starting (5/80); params=thresh=4.697, minarea=2, deblend=37/0.00128, back=192, filter=3, dilation=2, max_area=5598, max_elongation=17.434
[2026-07-27 19:50:54] eval 005 galaxy 1/20 NGC2500: coverage=0.000, masked=4.638%, segments=551, elapsed=0s
[2026-07-27 19:50:55] eval 005 galaxy 2/20 NGC4204: coverage=0.465, masked=2.206%, segments=1665, elapsed=1s
[2026-07-27 19:50:55] eval 005 galaxy 3/20 NGC4496A: coverage=0.000, masked=3.118%, segments=656, elapsed=0s
[2026-07-27 19:50:56] eval 005 galaxy 4/20 UGC06840: coverage=0.078, masked=1.669%, segments=454, elapsed=1s
[2026-07-27 19:50:57] eval 005 galaxy 5/20 NGC4123: coverage=0.000, masked=1.519%, segments=441, elapsed=1s
[2026-07-27 19:50:57] eval 005 galaxy 6/20 UGC09245: coverage=1.000, masked=3.151%, segments=567, elapsed=0s
[2026-07-27 19:50:58] eval 005 galaxy 7/20 NGC4532: coverage=0.000, masked=4.835%, segments=964, elapsed=1s
[2026-07-27 19:50:58] eval 005 galaxy 8/20 PGC011677: coverage=0.000, masked=3.110%, segments=475, elapsed=0s
[2026-07-27 19:50:58] eval 005 galaxy 9/20 IC1014: coverage=0.400, masked=2.210%, segments=363, elapsed=0s
[2026-07-27 19:50:59] eval 005 galaxy 10/20 NGC4293: coverage=0.000, masked=4.085%, segments=1166, elapsed=1s
[2026-07-27 19:50:59] eval 005 galaxy 11/20 NGC3850: coverage=0.000, masked=2.672%, segments=453, elapsed=0s
[2026-07-27 19:51:03] eval 005 galaxy 12/20 NGC2903: coverage=0.350, masked=4.640%, segments=3295, elapsed=4s
[2026-07-27 19:51:04] eval 005 galaxy 13/20 UGC06682: coverage=0.000, masked=2.599%, segments=494, elapsed=0s
[2026-07-27 19:51:04] eval 005 galaxy 14/20 IC3521: coverage=1.000, masked=2.347%, segments=641, elapsed=1s
[2026-07-27 19:51:04] eval 005 galaxy 15/20 IC1954: coverage=0.000, masked=2.844%, segments=488, elapsed=0s
[2026-07-27 19:51:05] eval 005 galaxy 16/20 NGC6237: coverage=1.000, masked=4.194%, segments=488, elapsed=0s
[2026-07-27 19:51:05] eval 005 galaxy 17/20 NGC3185: coverage=0.000, masked=3.111%, segments=765, elapsed=1s
[2026-07-27 19:51:08] eval 005 galaxy 18/20 NGC3992: coverage=0.000, masked=2.313%, segments=2070, elapsed=2s
[2026-07-27 19:51:08] eval 005 galaxy 19/20 PGC051523: coverage=0.000, masked=2.190%, segments=572, elapsed=0s
[2026-07-27 19:51:09] eval 005 galaxy 20/20 NGC3264: coverage=1.000, masked=1.633%, segments=527, elapsed=1s
[2026-07-27 19:51:09] eval 005: objective=30.303 coverage=0.265 min_coverage=0.000 masked=2.954% max_masked=4.835% profile_affected=13.784% max_bridge=101.53arcsec status=ok elapsed=16s remaining=75, rough_eta=28m 37s, expected_completion=2026-07-27 20:19:45
[2026-07-27 19:51:09] eval 006 trial 5 starting (6/80); params=thresh=0.826, minarea=32, deblend=9/0.01821, back=128, filter=1, dilation=0, max_area=3190, max_elongation=17.693
[2026-07-27 19:51:09] eval 006 galaxy 1/20 NGC2500: coverage=0.000, masked=3.729%, segments=407, elapsed=1s
[2026-07-27 19:51:12] eval 006 galaxy 2/20 NGC4204: coverage=0.000, masked=3.138%, segments=1602, elapsed=3s
[2026-07-27 19:51:13] eval 006 galaxy 3/20 NGC4496A: coverage=0.000, masked=3.621%, segments=550, elapsed=1s
[2026-07-27 19:51:14] eval 006 galaxy 4/20 UGC06840: coverage=0.125, masked=2.140%, segments=534, elapsed=1s
[2026-07-27 19:51:15] eval 006 galaxy 5/20 NGC4123: coverage=0.000, masked=2.408%, segments=480, elapsed=1s
[2026-07-27 19:51:15] eval 006 galaxy 6/20 UGC09245: coverage=0.000, masked=5.703%, segments=607, elapsed=1s
[2026-07-27 19:51:16] eval 006 galaxy 7/20 NGC4532: coverage=0.000, masked=6.341%, segments=734, elapsed=1s
[2026-07-27 19:51:17] eval 006 galaxy 8/20 PGC011677: coverage=0.000, masked=5.301%, segments=468, elapsed=0s
[2026-07-27 19:51:17] eval 006 galaxy 9/20 IC1014: coverage=0.000, masked=3.458%, segments=374, elapsed=0s
[2026-07-27 19:51:19] eval 006 galaxy 10/20 NGC4293: coverage=0.000, masked=4.928%, segments=945, elapsed=2s
[2026-07-27 19:51:19] eval 006 galaxy 11/20 NGC3850: coverage=0.000, masked=3.550%, segments=449, elapsed=1s
[2026-07-27 19:51:29] eval 006 galaxy 12/20 NGC2903: coverage=0.000, masked=5.838%, segments=2675, elapsed=10s
[2026-07-27 19:51:29] eval 006 galaxy 13/20 UGC06682: coverage=0.000, masked=4.096%, segments=493, elapsed=1s
[2026-07-27 19:51:30] eval 006 galaxy 14/20 IC3521: coverage=0.000, masked=2.882%, segments=614, elapsed=1s
[2026-07-27 19:51:30] eval 006 galaxy 15/20 IC1954: coverage=0.000, masked=4.138%, segments=450, elapsed=1s
[2026-07-27 19:51:31] eval 006 galaxy 16/20 NGC6237: coverage=0.200, masked=3.742%, segments=456, elapsed=1s
[2026-07-27 19:51:32] eval 006 galaxy 17/20 NGC3185: coverage=0.000, masked=3.943%, segments=670, elapsed=1s
[2026-07-27 19:51:38] eval 006 galaxy 18/20 NGC3992: coverage=0.000, masked=2.930%, segments=1893, elapsed=6s
[2026-07-27 19:51:39] eval 006 galaxy 19/20 PGC051523: coverage=0.000, masked=3.567%, segments=608, elapsed=1s
[2026-07-27 19:51:40] eval 006 galaxy 20/20 NGC3264: coverage=0.000, masked=2.952%, segments=596, elapsed=1s
[2026-07-27 19:51:40] eval 006: objective=35.83 coverage=0.016 min_coverage=0.000 masked=3.920% max_masked=6.341% profile_affected=1.640% max_bridge=69.73arcsec status=ok elapsed=31s remaining=74, rough_eta=29m 58s, expected_completion=2026-07-27 20:21:38
[2026-07-27 19:51:40] eval 007 trial 6 starting (7/80); params=thresh=4.525, minarea=22, deblend=53/0.00018, back=16, filter=3, dilation=1, max_area=1799, max_elongation=11.206
[2026-07-27 19:51:41] eval 007 galaxy 1/20 NGC2500: coverage=0.000, masked=2.034%, segments=206, elapsed=0s
[2026-07-27 19:51:42] eval 007 galaxy 2/20 NGC4204: coverage=0.116, masked=0.598%, segments=329, elapsed=2s
[2026-07-27 19:51:43] eval 007 galaxy 3/20 NGC4496A: coverage=1.000, masked=1.204%, segments=180, elapsed=0s
[2026-07-27 19:51:43] eval 007 galaxy 4/20 UGC06840: coverage=0.078, masked=0.372%, segments=62, elapsed=1s
[2026-07-27 19:51:44] eval 007 galaxy 5/20 NGC4123: coverage=0.400, masked=0.498%, segments=93, elapsed=1s
[2026-07-27 19:51:44] eval 007 galaxy 6/20 UGC09245: coverage=1.000, masked=0.855%, segments=110, elapsed=0s
[2026-07-27 19:51:45] eval 007 galaxy 7/20 NGC4532: coverage=1.000, masked=1.875%, segments=228, elapsed=0s
[2026-07-27 19:51:45] eval 007 galaxy 8/20 PGC011677: coverage=0.000, masked=0.783%, segments=97, elapsed=0s
[2026-07-27 19:51:45] eval 007 galaxy 9/20 IC1014: coverage=0.000, masked=0.652%, segments=84, elapsed=0s
[2026-07-27 19:51:46] eval 007 galaxy 10/20 NGC4293: coverage=0.250, masked=1.372%, segments=285, elapsed=1s
[2026-07-27 19:51:46] eval 007 galaxy 11/20 NGC3850: coverage=0.000, masked=0.810%, segments=87, elapsed=0s
[2026-07-27 19:51:48] eval 007 galaxy 12/20 NGC2903: coverage=0.750, masked=2.501%, segments=1250, elapsed=2s
[2026-07-27 19:51:49] eval 007 galaxy 13/20 UGC06682: coverage=0.000, masked=0.763%, segments=101, elapsed=0s
[2026-07-27 19:51:49] eval 007 galaxy 14/20 IC3521: coverage=1.000, masked=0.497%, segments=104, elapsed=1s
[2026-07-27 19:51:49] eval 007 galaxy 15/20 IC1954: coverage=1.000, masked=1.293%, segments=135, elapsed=0s
[2026-07-27 19:51:50] eval 007 galaxy 16/20 NGC6237: coverage=0.400, masked=1.004%, segments=133, elapsed=0s
[2026-07-27 19:51:50] eval 007 galaxy 17/20 NGC3185: coverage=0.000, masked=0.956%, segments=144, elapsed=1s
[2026-07-27 19:51:52] eval 007 galaxy 18/20 NGC3992: coverage=0.400, masked=0.871%, segments=510, elapsed=2s
[2026-07-27 19:51:53] eval 007 galaxy 19/20 PGC051523: coverage=0.000, masked=0.555%, segments=114, elapsed=0s
[2026-07-27 19:51:53] eval 007 galaxy 20/20 NGC3264: coverage=1.000, masked=0.286%, segments=70, elapsed=1s
[2026-07-27 19:51:53] eval 007: objective=26.859 coverage=0.420 min_coverage=0.000 masked=0.989% max_masked=2.501% profile_affected=22.750% max_bridge=152.91arcsec status=ok elapsed=13s remaining=73, rough_eta=27m 36s, expected_completion=2026-07-27 20:19:30
[2026-07-27 19:51:53] eval 008 trial 7 starting (8/80); params=thresh=2.829, minarea=50, deblend=12/0.00004, back=32, filter=1, dilation=2, max_area=5782, max_elongation=16.806
[2026-07-27 19:51:54] eval 008 galaxy 1/20 NGC2500: coverage=1.000, masked=3.899%, segments=115, elapsed=0s
[2026-07-27 19:51:55] eval 008 galaxy 2/20 NGC4204: coverage=0.419, masked=0.725%, segments=133, elapsed=1s
[2026-07-27 19:51:56] eval 008 galaxy 3/20 NGC4496A: coverage=1.000, masked=1.655%, segments=88, elapsed=0s
[2026-07-27 19:51:56] eval 008 galaxy 4/20 UGC06840: coverage=0.078, masked=0.571%, segments=23, elapsed=1s
[2026-07-27 19:51:57] eval 008 galaxy 5/20 NGC4123: coverage=0.560, masked=0.862%, segments=54, elapsed=0s
[2026-07-27 19:51:57] eval 008 galaxy 6/20 UGC09245: coverage=1.000, masked=1.042%, segments=48, elapsed=0s
[2026-07-27 19:51:57] eval 008 galaxy 7/20 NGC4532: coverage=0.000, masked=1.869%, segments=101, elapsed=0s
[2026-07-27 19:51:57] eval 008 galaxy 8/20 PGC011677: coverage=0.000, masked=0.937%, segments=48, elapsed=0s
[2026-07-27 19:51:58] eval 008 galaxy 9/20 IC1014: coverage=1.000, masked=1.085%, segments=43, elapsed=0s
[2026-07-27 19:51:58] eval 008 galaxy 10/20 NGC4293: coverage=0.500, masked=2.123%, segments=135, elapsed=1s
[2026-07-27 19:51:59] eval 008 galaxy 11/20 NGC3850: coverage=0.533, masked=1.258%, segments=49, elapsed=0s
[2026-07-27 19:52:01] eval 008 galaxy 12/20 NGC2903: coverage=0.750, masked=3.443%, segments=491, elapsed=2s
[2026-07-27 19:52:01] eval 008 galaxy 13/20 UGC06682: coverage=0.000, masked=0.871%, segments=41, elapsed=0s
[2026-07-27 19:52:02] eval 008 galaxy 14/20 IC3521: coverage=1.000, masked=0.715%, segments=41, elapsed=0s
[2026-07-27 19:52:02] eval 008 galaxy 15/20 IC1954: coverage=1.000, masked=2.370%, segments=86, elapsed=0s
[2026-07-27 19:52:02] eval 008 galaxy 16/20 NGC6237: coverage=0.720, masked=1.268%, segments=58, elapsed=0s
[2026-07-27 19:52:03] eval 008 galaxy 17/20 NGC3185: coverage=0.500, masked=1.350%, segments=82, elapsed=0s
[2026-07-27 19:52:05] eval 008 galaxy 18/20 NGC3992: coverage=1.000, masked=1.157%, segments=210, elapsed=2s
[2026-07-27 19:52:05] eval 008 galaxy 19/20 PGC051523: coverage=0.000, masked=0.521%, segments=47, elapsed=0s
[2026-07-27 19:52:06] eval 008 galaxy 20/20 NGC3264: coverage=1.000, masked=0.411%, segments=30, elapsed=1s
[2026-07-27 19:52:06] eval 008: objective=22.796 coverage=0.603 min_coverage=0.000 masked=1.407% max_masked=3.899% profile_affected=30.594% max_bridge=143.12arcsec status=ok elapsed=12s remaining=72, rough_eta=25m 39s, expected_completion=2026-07-27 20:17:44
[2026-07-27 19:52:06] eval 009 trial 8 starting (9/80); params=thresh=0.527, minarea=34, deblend=38/0.00115, back=48, filter=3, dilation=4, max_area=4504, max_elongation=26.287
[2026-07-27 19:52:07] eval 009 galaxy 1/20 NGC2500: coverage=0.000, masked=18.971%, segments=618, elapsed=1s
[2026-07-27 19:52:12] eval 009 galaxy 2/20 NGC4204: coverage=0.884, masked=12.733%, segments=2107, elapsed=5s
[2026-07-27 19:52:13] eval 009 galaxy 3/20 NGC4496A: coverage=0.500, masked=15.055%, segments=749, elapsed=1s
[2026-07-27 19:52:14] eval 009 galaxy 4/20 UGC06840: coverage=0.844, masked=7.382%, segments=567, elapsed=1s
[2026-07-27 19:52:15] eval 009 galaxy 5/20 NGC4123: coverage=0.000, masked=10.853%, segments=659, elapsed=1s
[2026-07-27 19:52:16] eval 009 galaxy 6/20 UGC09245: coverage=0.000, masked=20.861%, segments=834, elapsed=1s
[2026-07-27 19:52:17] eval 009 galaxy 7/20 NGC4532: coverage=0.000, masked=19.447%, segments=985, elapsed=1s
[2026-07-27 19:52:18] eval 009 galaxy 8/20 PGC011677: coverage=0.154, masked=19.581%, segments=654, elapsed=1s
[2026-07-27 19:52:18] eval 009 galaxy 9/20 IC1014: coverage=0.500, masked=12.413%, segments=485, elapsed=1s
[2026-07-27 19:52:20] eval 009 galaxy 10/20 NGC4293: coverage=0.000, masked=17.546%, segments=1349, elapsed=2s
[2026-07-27 19:52:21] eval 009 galaxy 11/20 NGC3850: coverage=0.000, masked=13.852%, segments=592, elapsed=1s
[2026-07-27 19:52:40] eval 009 galaxy 12/20 NGC2903: coverage=0.000, masked=23.902%, segments=4405, elapsed=19s
[2026-07-27 19:52:41] eval 009 galaxy 13/20 UGC06682: coverage=1.000, masked=15.181%, segments=672, elapsed=1s
[2026-07-27 19:52:42] eval 009 galaxy 14/20 IC3521: coverage=1.000, masked=11.744%, segments=759, elapsed=1s
[2026-07-27 19:52:43] eval 009 galaxy 15/20 IC1954: coverage=0.000, masked=16.276%, segments=638, elapsed=1s
[2026-07-27 19:52:44] eval 009 galaxy 16/20 NGC6237: coverage=1.000, masked=16.637%, segments=676, elapsed=1s
[2026-07-27 19:52:45] eval 009 galaxy 17/20 NGC3185: coverage=0.500, masked=16.276%, segments=937, elapsed=1s
[2026-07-27 19:52:54] eval 009 galaxy 18/20 NGC3992: coverage=0.000, masked=13.997%, segments=2935, elapsed=9s
[2026-07-27 19:52:55] eval 009 galaxy 19/20 PGC051523: coverage=0.000, masked=12.876%, segments=759, elapsed=1s
[2026-07-27 19:52:56] eval 009 galaxy 20/20 NGC3264: coverage=1.000, masked=9.925%, segments=689, elapsed=1s
[2026-07-27 19:52:56] eval 009: objective=47.898 coverage=0.369 min_coverage=0.000 masked=15.275% max_masked=23.902% profile_affected=31.103% max_bridge=102.75arcsec status=ok elapsed=51s remaining=71, rough_eta=29m 08s, expected_completion=2026-07-27 20:22:04
[2026-07-27 19:52:56] eval 010 trial 9 starting (10/80); params=thresh=3.804, minarea=17, deblend=32/0.00819, back=128, filter=3, dilation=1, max_area=2911, max_elongation=28.753
[2026-07-27 19:52:57] eval 010 galaxy 1/20 NGC2500: coverage=0.000, masked=1.797%, segments=254, elapsed=0s
[2026-07-27 19:52:58] eval 010 galaxy 2/20 NGC4204: coverage=0.000, masked=0.977%, segments=641, elapsed=1s
[2026-07-27 19:52:59] eval 010 galaxy 3/20 NGC4496A: coverage=0.000, masked=1.574%, segments=314, elapsed=0s
[2026-07-27 19:52:59] eval 010 galaxy 4/20 UGC06840: coverage=0.000, masked=0.552%, segments=191, elapsed=1s
[2026-07-27 19:53:00] eval 010 galaxy 5/20 NGC4123: coverage=0.000, masked=0.744%, segments=191, elapsed=1s
[2026-07-27 19:53:00] eval 010 galaxy 6/20 UGC09245: coverage=0.000, masked=1.586%, segments=235, elapsed=0s
[2026-07-27 19:53:01] eval 010 galaxy 7/20 NGC4532: coverage=0.000, masked=2.874%, segments=452, elapsed=1s
[2026-07-27 19:53:01] eval 010 galaxy 8/20 PGC011677: coverage=0.000, masked=1.479%, segments=192, elapsed=0s
[2026-07-27 19:53:01] eval 010 galaxy 9/20 IC1014: coverage=0.000, masked=1.199%, segments=162, elapsed=0s
[2026-07-27 19:53:02] eval 010 galaxy 10/20 NGC4293: coverage=0.000, masked=2.263%, segments=558, elapsed=1s
[2026-07-27 19:53:02] eval 010 galaxy 11/20 NGC3850: coverage=0.000, masked=1.631%, segments=210, elapsed=0s
[2026-07-27 19:53:05] eval 010 galaxy 12/20 NGC2903: coverage=0.000, masked=2.378%, segments=1518, elapsed=3s
[2026-07-27 19:53:05] eval 010 galaxy 13/20 UGC06682: coverage=0.000, masked=1.420%, segments=215, elapsed=0s
[2026-07-27 19:53:06] eval 010 galaxy 14/20 IC3521: coverage=1.000, masked=1.145%, segments=276, elapsed=0s
[2026-07-27 19:53:06] eval 010 galaxy 15/20 IC1954: coverage=0.000, masked=1.591%, segments=219, elapsed=0s
[2026-07-27 19:53:06] eval 010 galaxy 16/20 NGC6237: coverage=0.400, masked=1.505%, segments=225, elapsed=0s
[2026-07-27 19:53:07] eval 010 galaxy 17/20 NGC3185: coverage=0.000, masked=1.493%, segments=320, elapsed=1s
[2026-07-27 19:53:09] eval 010 galaxy 18/20 NGC3992: coverage=0.000, masked=1.069%, segments=733, elapsed=2s
[2026-07-27 19:53:09] eval 010 galaxy 19/20 PGC051523: coverage=0.000, masked=1.168%, segments=272, elapsed=0s
[2026-07-27 19:53:10] eval 010 galaxy 20/20 NGC3264: coverage=0.000, masked=0.795%, segments=216, elapsed=1s
[2026-07-27 19:53:10] eval 010: objective=34.482 coverage=0.070 min_coverage=0.000 masked=1.462% max_masked=2.874% profile_affected=2.739% max_bridge=69.73arcsec status=ok elapsed=13s remaining=70, rough_eta=27m 25s, expected_completion=2026-07-27 20:20:34
[2026-07-27 19:53:10] eval 011 trial 10 starting (11/80); params=thresh=2.284, minarea=5, deblend=36/0.02858, back=96, filter=3, dilation=4, max_area=1463, max_elongation=2.130
[2026-07-27 19:53:11] eval 011 galaxy 1/20 NGC2500: coverage=0.000, masked=9.512%, segments=753, elapsed=1s
[2026-07-27 19:53:12] eval 011 galaxy 2/20 NGC4204: coverage=0.116, masked=6.939%, segments=2285, elapsed=2s
[2026-07-27 19:53:13] eval 011 galaxy 3/20 NGC4496A: coverage=0.000, masked=8.643%, segments=855, elapsed=1s
[2026-07-27 19:53:13] eval 011 galaxy 4/20 UGC06840: coverage=0.000, masked=4.358%, segments=693, elapsed=1s
[2026-07-27 19:53:14] eval 011 galaxy 5/20 NGC4123: coverage=0.000, masked=5.303%, segments=681, elapsed=1s
[2026-07-27 19:53:14] eval 011 galaxy 6/20 UGC09245: coverage=0.000, masked=10.317%, segments=816, elapsed=0s
[2026-07-27 19:53:15] eval 011 galaxy 7/20 NGC4532: coverage=0.000, masked=11.703%, segments=1136, elapsed=1s
[2026-07-27 19:53:15] eval 011 galaxy 8/20 PGC011677: coverage=0.000, masked=9.161%, segments=626, elapsed=0s
[2026-07-27 19:53:16] eval 011 galaxy 9/20 IC1014: coverage=0.000, masked=6.693%, segments=522, elapsed=0s
[2026-07-27 19:53:17] eval 011 galaxy 10/20 NGC4293: coverage=0.000, masked=10.682%, segments=1541, elapsed=1s
[2026-07-27 19:53:17] eval 011 galaxy 11/20 NGC3850: coverage=0.000, masked=7.460%, segments=646, elapsed=0s
[2026-07-27 19:53:22] eval 011 galaxy 12/20 NGC2903: coverage=0.000, masked=12.756%, segments=4451, elapsed=5s
[2026-07-27 19:53:22] eval 011 galaxy 13/20 UGC06682: coverage=0.000, masked=8.163%, segments=683, elapsed=0s
[2026-07-27 19:53:23] eval 011 galaxy 14/20 IC3521: coverage=0.000, masked=6.297%, segments=832, elapsed=1s
[2026-07-27 19:53:23] eval 011 galaxy 15/20 IC1954: coverage=0.000, masked=8.745%, segments=687, elapsed=0s
[2026-07-27 19:53:24] eval 011 galaxy 16/20 NGC6237: coverage=0.000, masked=8.062%, segments=686, elapsed=0s
[2026-07-27 19:53:24] eval 011 galaxy 17/20 NGC3185: coverage=0.000, masked=8.521%, segments=1033, elapsed=1s
[2026-07-27 19:53:28] eval 011 galaxy 18/20 NGC3992: coverage=0.000, masked=7.212%, segments=2976, elapsed=3s
[2026-07-27 19:53:28] eval 011 galaxy 19/20 PGC051523: coverage=0.000, masked=7.529%, segments=845, elapsed=1s
[2026-07-27 19:53:29] eval 011 galaxy 20/20 NGC3264: coverage=0.000, masked=5.443%, segments=788, elapsed=1s
[2026-07-27 19:53:29] eval 011: objective=36.303 coverage=0.006 min_coverage=0.000 masked=8.175% max_masked=12.756% profile_affected=2.816% max_bridge=69.73arcsec status=ok elapsed=19s remaining=69, rough_eta=26m 31s, expected_completion=2026-07-27 20:19:59
[2026-07-27 19:53:29] eval 012 trial 11 starting (12/80); params=thresh=4.572, minarea=46, deblend=57/0.00014, back=192, filter=7, dilation=0, max_area=2815, max_elongation=8.229
[2026-07-27 19:53:29] eval 012 galaxy 1/20 NGC2500: coverage=0.000, masked=3.528%, segments=131, elapsed=0s
[2026-07-27 19:53:31] eval 012 galaxy 2/20 NGC4204: coverage=0.465, masked=0.476%, segments=201, elapsed=1s
[2026-07-27 19:53:31] eval 012 galaxy 3/20 NGC4496A: coverage=0.500, masked=1.770%, segments=133, elapsed=0s
[2026-07-27 19:53:32] eval 012 galaxy 4/20 UGC06840: coverage=0.078, masked=0.234%, segments=45, elapsed=1s
[2026-07-27 19:53:32] eval 012 galaxy 5/20 NGC4123: coverage=0.200, masked=1.043%, segments=60, elapsed=1s
[2026-07-27 19:53:33] eval 012 galaxy 6/20 UGC09245: coverage=1.000, masked=0.827%, segments=77, elapsed=0s
[2026-07-27 19:53:33] eval 012 galaxy 7/20 NGC4532: coverage=1.000, masked=2.459%, segments=164, elapsed=0s
[2026-07-27 19:53:33] eval 012 galaxy 8/20 PGC011677: coverage=0.000, masked=0.741%, segments=72, elapsed=0s
[2026-07-27 19:53:34] eval 012 galaxy 9/20 IC1014: coverage=0.000, masked=0.696%, segments=62, elapsed=0s
[2026-07-27 19:53:34] eval 012 galaxy 10/20 NGC4293: coverage=0.000, masked=1.945%, segments=220, elapsed=1s
[2026-07-27 19:53:35] eval 012 galaxy 11/20 NGC3850: coverage=0.000, masked=0.864%, segments=58, elapsed=0s
[2026-07-27 19:53:38] eval 012 galaxy 12/20 NGC2903: coverage=0.250, masked=1.649%, segments=550, elapsed=3s
[2026-07-27 19:53:38] eval 012 galaxy 13/20 UGC06682: coverage=0.000, masked=0.721%, segments=68, elapsed=0s
[2026-07-27 19:53:39] eval 012 galaxy 14/20 IC3521: coverage=0.000, masked=0.507%, segments=72, elapsed=1s
[2026-07-27 19:53:39] eval 012 galaxy 15/20 IC1954: coverage=0.000, masked=1.276%, segments=75, elapsed=0s
[2026-07-27 19:53:39] eval 012 galaxy 16/20 NGC6237: coverage=0.200, masked=0.865%, segments=81, elapsed=0s
[2026-07-27 19:53:40] eval 012 galaxy 17/20 NGC3185: coverage=0.000, masked=1.225%, segments=103, elapsed=1s
[2026-07-27 19:53:42] eval 012 galaxy 18/20 NGC3992: coverage=0.000, masked=0.905%, segments=251, elapsed=2s
[2026-07-27 19:53:42] eval 012 galaxy 19/20 PGC051523: coverage=0.000, masked=0.491%, segments=82, elapsed=0s
[2026-07-27 19:53:43] eval 012 galaxy 20/20 NGC3264: coverage=1.000, masked=0.380%, segments=57, elapsed=1s
[2026-07-27 19:53:43] eval 012: objective=31.038 coverage=0.235 min_coverage=0.000 masked=1.130% max_masked=3.528% profile_affected=15.789% max_bridge=69.73arcsec status=ok elapsed=14s remaining=68, rough_eta=25m 17s, expected_completion=2026-07-27 20:19:00
[2026-07-27 19:53:43] eval 013 trial 12 starting (13/80); params=thresh=4.053, minarea=10, deblend=36/0.00005, back=192, filter=3, dilation=2, max_area=3214, max_elongation=24.552
[2026-07-27 19:53:44] eval 013 galaxy 1/20 NGC2500: coverage=0.000, masked=7.409%, segments=445, elapsed=1s
[2026-07-27 19:53:45] eval 013 galaxy 2/20 NGC4204: coverage=0.581, masked=1.996%, segments=1052, elapsed=1s
[2026-07-27 19:53:46] eval 013 galaxy 3/20 NGC4496A: coverage=0.700, masked=4.544%, segments=539, elapsed=0s
[2026-07-27 19:53:46] eval 013 galaxy 4/20 UGC06840: coverage=0.078, masked=1.197%, segments=301, elapsed=1s
[2026-07-27 19:53:47] eval 013 galaxy 5/20 NGC4123: coverage=0.200, masked=2.565%, segments=342, elapsed=1s
[2026-07-27 19:53:47] eval 013 galaxy 6/20 UGC09245: coverage=1.000, masked=2.914%, segments=380, elapsed=0s
[2026-07-27 19:53:48] eval 013 galaxy 7/20 NGC4532: coverage=0.000, masked=4.715%, segments=692, elapsed=1s
[2026-07-27 19:53:48] eval 013 galaxy 8/20 PGC011677: coverage=0.000, masked=2.903%, segments=332, elapsed=0s
[2026-07-27 19:53:48] eval 013 galaxy 9/20 IC1014: coverage=1.000, masked=2.649%, segments=273, elapsed=0s
[2026-07-27 19:53:49] eval 013 galaxy 10/20 NGC4293: coverage=0.000, masked=5.460%, segments=890, elapsed=1s
[2026-07-27 19:53:49] eval 013 galaxy 11/20 NGC3850: coverage=0.933, masked=2.725%, segments=326, elapsed=0s
[2026-07-27 19:53:54] eval 013 galaxy 12/20 NGC2903: coverage=0.750, masked=5.368%, segments=2401, elapsed=4s
[2026-07-27 19:53:54] eval 013 galaxy 13/20 UGC06682: coverage=0.167, masked=2.403%, segments=336, elapsed=0s
[2026-07-27 19:53:55] eval 013 galaxy 14/20 IC3521: coverage=1.000, masked=2.144%, segments=421, elapsed=1s
[2026-07-27 19:53:55] eval 013 galaxy 15/20 IC1954: coverage=0.000, masked=4.669%, segments=370, elapsed=0s
[2026-07-27 19:53:55] eval 013 galaxy 16/20 NGC6237: coverage=1.000, masked=3.567%, segments=353, elapsed=0s
[2026-07-27 19:53:56] eval 013 galaxy 17/20 NGC3185: coverage=0.000, masked=3.319%, segments=557, elapsed=1s
[2026-07-27 19:53:59] eval 013 galaxy 18/20 NGC3992: coverage=0.200, masked=2.961%, segments=1393, elapsed=3s
[2026-07-27 19:53:59] eval 013 galaxy 19/20 PGC051523: coverage=0.000, masked=2.027%, segments=401, elapsed=0s
[2026-07-27 19:54:00] eval 013 galaxy 20/20 NGC3264: coverage=1.000, masked=1.453%, segments=329, elapsed=1s
[2026-07-27 19:54:00] eval 013: objective=26.993 coverage=0.430 min_coverage=0.000 masked=3.349% max_masked=7.409% profile_affected=30.082% max_bridge=146.79arcsec status=ok elapsed=16s remaining=67, rough_eta=24m 25s, expected_completion=2026-07-27 20:18:24
[2026-07-27 19:54:00] eval 014 trial 13 starting (14/80); params=thresh=2.813, minarea=9, deblend=18/0.00001, back=128, filter=9, dilation=0, max_area=2147, max_elongation=24.191
[2026-07-27 19:54:00] eval 014 galaxy 1/20 NGC2500: coverage=0.000, masked=4.383%, segments=305, elapsed=1s
[2026-07-27 19:54:02] eval 014 galaxy 2/20 NGC4204: coverage=0.767, masked=1.255%, segments=669, elapsed=2s
[2026-07-27 19:54:02] eval 014 galaxy 3/20 NGC4496A: coverage=0.500, masked=2.995%, segments=359, elapsed=1s
[2026-07-27 19:54:03] eval 014 galaxy 4/20 UGC06840: coverage=0.000, masked=0.709%, segments=204, elapsed=1s
[2026-07-27 19:54:04] eval 014 galaxy 5/20 NGC4123: coverage=0.200, masked=1.739%, segments=230, elapsed=1s
[2026-07-27 19:54:04] eval 014 galaxy 6/20 UGC09245: coverage=0.000, masked=1.885%, segments=240, elapsed=0s
[2026-07-27 19:54:05] eval 014 galaxy 7/20 NGC4532: coverage=0.000, masked=3.830%, segments=479, elapsed=1s
[2026-07-27 19:54:05] eval 014 galaxy 8/20 PGC011677: coverage=0.000, masked=1.792%, segments=206, elapsed=0s
[2026-07-27 19:54:05] eval 014 galaxy 9/20 IC1014: coverage=0.000, masked=1.543%, segments=171, elapsed=0s
[2026-07-27 19:54:06] eval 014 galaxy 10/20 NGC4293: coverage=0.000, masked=3.434%, segments=586, elapsed=1s
[2026-07-27 19:54:07] eval 014 galaxy 11/20 NGC3850: coverage=0.000, masked=1.597%, segments=219, elapsed=0s
[2026-07-27 19:54:11] eval 014 galaxy 12/20 NGC2903: coverage=0.350, masked=3.966%, segments=1674, elapsed=4s
[2026-07-27 19:54:11] eval 014 galaxy 13/20 UGC06682: coverage=0.000, masked=1.644%, segments=230, elapsed=0s
[2026-07-27 19:54:12] eval 014 galaxy 14/20 IC3521: coverage=1.000, masked=1.407%, segments=277, elapsed=1s
[2026-07-27 19:54:12] eval 014 galaxy 15/20 IC1954: coverage=0.000, masked=2.219%, segments=239, elapsed=0s
[2026-07-27 19:54:13] eval 014 galaxy 16/20 NGC6237: coverage=0.400, masked=1.932%, segments=231, elapsed=0s
[2026-07-27 19:54:13] eval 014 galaxy 17/20 NGC3185: coverage=0.000, masked=2.284%, segments=343, elapsed=1s
[2026-07-27 19:54:16] eval 014 galaxy 18/20 NGC3992: coverage=0.000, masked=1.423%, segments=853, elapsed=2s
[2026-07-27 19:54:16] eval 014 galaxy 19/20 PGC051523: coverage=0.000, masked=1.407%, segments=270, elapsed=0s
[2026-07-27 19:54:17] eval 014 galaxy 20/20 NGC3264: coverage=0.000, masked=0.988%, segments=228, elapsed=1s
[2026-07-27 19:54:17] eval 014: objective=32.612 coverage=0.161 min_coverage=0.000 masked=2.122% max_masked=4.383% profile_affected=9.997% max_bridge=103.98arcsec status=ok elapsed=17s remaining=66, rough_eta=23m 40s, expected_completion=2026-07-27 20:17:57
[2026-07-27 19:54:17] eval 015 trial 14 starting (15/80); params=thresh=0.336, minarea=1, deblend=21/0.00065, back=24, filter=7, dilation=3, max_area=7582, max_elongation=15.752
[2026-07-27 19:54:18] eval 015 galaxy 1/20 NGC2500: coverage=0.000, masked=29.368%, segments=1436, elapsed=1s
[2026-07-27 19:54:30] eval 015 galaxy 2/20 NGC4204: coverage=0.767, masked=23.177%, segments=6238, elapsed=11s
[2026-07-27 19:54:31] eval 015 galaxy 3/20 NGC4496A: coverage=1.000, masked=27.013%, segments=1978, elapsed=2s
[2026-07-27 19:54:33] eval 015 galaxy 4/20 UGC06840: coverage=0.766, masked=12.828%, segments=1639, elapsed=1s
[2026-07-27 19:54:34] eval 015 galaxy 5/20 NGC4123: coverage=0.800, masked=17.801%, segments=1766, elapsed=2s
[2026-07-27 19:54:36] eval 015 galaxy 6/20 UGC09245: coverage=0.000, masked=29.199%, segments=1821, elapsed=1s
[2026-07-27 19:54:39] eval 015 galaxy 7/20 NGC4532: coverage=0.000, masked=30.349%, segments=2081, elapsed=3s
[2026-07-27 19:54:40] eval 015 galaxy 8/20 PGC011677: coverage=0.615, masked=30.239%, segments=1564, elapsed=1s
[2026-07-27 19:54:41] eval 015 galaxy 9/20 IC1014: coverage=0.100, masked=20.380%, segments=1355, elapsed=1s
[2026-07-27 19:54:45] eval 015 galaxy 10/20 NGC4293: coverage=0.650, masked=27.112%, segments=2781, elapsed=4s
[2026-07-27 19:54:46] eval 015 galaxy 11/20 NGC3850: coverage=0.000, masked=22.809%, segments=1527, elapsed=1s
[2026-07-27 19:55:20] eval 015 galaxy 12/20 NGC2903: coverage=0.750, masked=36.976%, segments=8321, elapsed=34s
[2026-07-27 19:55:21] eval 015 galaxy 13/20 UGC06682: coverage=1.000, masked=23.600%, segments=1660, elapsed=1s
[2026-07-27 19:55:22] eval 015 galaxy 14/20 IC3521: coverage=1.000, masked=17.878%, segments=1814, elapsed=1s
[2026-07-27 19:55:24] eval 015 galaxy 15/20 IC1954: coverage=0.000, masked=25.940%, segments=1540, elapsed=1s
[2026-07-27 19:55:25] eval 015 galaxy 16/20 NGC6237: coverage=0.600, masked=23.986%, segments=1663, elapsed=1s
[2026-07-27 19:55:27] eval 015 galaxy 17/20 NGC3185: coverage=0.000, masked=22.474%, segments=1998, elapsed=2s
[2026-07-27 19:55:48] eval 015 galaxy 18/20 NGC3992: coverage=1.000, masked=26.715%, segments=8658, elapsed=21s
[2026-07-27 19:55:49] eval 015 galaxy 19/20 PGC051523: coverage=0.000, masked=19.557%, segments=1739, elapsed=1s
[2026-07-27 19:55:51] eval 015 galaxy 20/20 NGC3264: coverage=0.000, masked=15.470%, segments=1768, elapsed=1s
[2026-07-27 19:55:51] eval 015: objective=59.623 coverage=0.452 min_coverage=0.000 masked=24.144% max_masked=36.976% profile_affected=38.278% max_bridge=152.25arcsec status=ok elapsed=1m 34s remaining=65, rough_eta=28m 31s, expected_completion=2026-07-27 20:24:22
[2026-07-27 19:55:51] eval 016 trial 15 starting (16/80); params=thresh=0.261, minarea=27, deblend=21/0.04415, back=48, filter=7, dilation=0, max_area=685, max_elongation=2.508
[2026-07-27 19:55:52] eval 016 galaxy 1/20 NGC2500: coverage=0.000, masked=6.992%, segments=632, elapsed=1s
[2026-07-27 19:56:01] eval 016 galaxy 2/20 NGC4204: coverage=0.116, masked=8.384%, segments=3049, elapsed=9s
[2026-07-27 19:56:03] eval 016 galaxy 3/20 NGC4496A: coverage=0.000, masked=8.662%, segments=970, elapsed=1s
[2026-07-27 19:56:04] eval 016 galaxy 4/20 UGC06840: coverage=0.000, masked=4.911%, segments=853, elapsed=1s
[2026-07-27 19:56:05] eval 016 galaxy 5/20 NGC4123: coverage=0.000, masked=6.092%, segments=836, elapsed=1s
[2026-07-27 19:56:07] eval 016 galaxy 6/20 UGC09245: coverage=0.000, masked=10.697%, segments=879, elapsed=1s
[2026-07-27 19:56:08] eval 016 galaxy 7/20 NGC4532: coverage=0.000, masked=9.312%, segments=1039, elapsed=2s
[2026-07-27 19:56:09] eval 016 galaxy 8/20 PGC011677: coverage=0.615, masked=10.095%, segments=709, elapsed=1s
[2026-07-27 19:56:10] eval 016 galaxy 9/20 IC1014: coverage=0.000, masked=6.859%, segments=662, elapsed=1s
[2026-07-27 19:56:13] eval 016 galaxy 10/20 NGC4293: coverage=0.000, masked=9.167%, segments=1371, elapsed=3s
[2026-07-27 19:56:14] eval 016 galaxy 11/20 NGC3850: coverage=0.000, masked=7.549%, segments=758, elapsed=1s
[2026-07-27 19:56:35] eval 016 galaxy 12/20 NGC2903: coverage=0.000, masked=9.134%, segments=3364, elapsed=20s
[2026-07-27 19:56:36] eval 016 galaxy 13/20 UGC06682: coverage=0.000, masked=8.914%, segments=834, elapsed=1s
[2026-07-27 19:56:37] eval 016 galaxy 14/20 IC3521: coverage=0.000, masked=6.906%, segments=982, elapsed=1s
[2026-07-27 19:56:38] eval 016 galaxy 15/20 IC1954: coverage=0.000, masked=8.253%, segments=728, elapsed=1s
[2026-07-27 19:56:39] eval 016 galaxy 16/20 NGC6237: coverage=0.000, masked=7.457%, segments=764, elapsed=1s
[2026-07-27 19:56:41] eval 016 galaxy 17/20 NGC3185: coverage=0.000, masked=7.513%, segments=1015, elapsed=2s
[2026-07-27 19:57:00] eval 016 galaxy 18/20 NGC3992: coverage=0.000, masked=9.292%, segments=4380, elapsed=19s
[2026-07-27 19:57:01] eval 016 galaxy 19/20 PGC051523: coverage=0.000, masked=8.413%, segments=940, elapsed=1s
[2026-07-27 19:57:03] eval 016 galaxy 20/20 NGC3264: coverage=0.000, masked=5.968%, segments=928, elapsed=1s
[2026-07-27 19:57:03] eval 016: objective=35.525 coverage=0.037 min_coverage=0.000 masked=8.028% max_masked=10.697% profile_affected=2.142% max_bridge=69.73arcsec status=ok elapsed=1m 12s remaining=64, rough_eta=31m 07s, expected_completion=2026-07-27 20:28:09
[2026-07-27 19:57:03] eval 017 trial 16 starting (17/80); params=thresh=1.782, minarea=50, deblend=48/0.00001, back=32, filter=1, dilation=3, max_area=6171, max_elongation=23.005
[2026-07-27 19:57:03] eval 017 galaxy 1/20 NGC2500: coverage=1.000, masked=6.499%, segments=228, elapsed=0s
[2026-07-27 19:57:05] eval 017 galaxy 2/20 NGC4204: coverage=0.465, masked=1.657%, segments=277, elapsed=1s
[2026-07-27 19:57:05] eval 017 galaxy 3/20 NGC4496A: coverage=1.000, masked=3.021%, segments=153, elapsed=0s
[2026-07-27 19:57:06] eval 017 galaxy 4/20 UGC06840: coverage=0.156, masked=1.114%, segments=70, elapsed=1s
[2026-07-27 19:57:06] eval 017 galaxy 5/20 NGC4123: coverage=0.600, masked=1.906%, segments=124, elapsed=1s
[2026-07-27 19:57:06] eval 017 galaxy 6/20 UGC09245: coverage=1.000, masked=2.405%, segments=98, elapsed=0s
[2026-07-27 19:57:07] eval 017 galaxy 7/20 NGC4532: coverage=1.000, masked=4.266%, segments=177, elapsed=0s
[2026-07-27 19:57:07] eval 017 galaxy 8/20 PGC011677: coverage=0.385, masked=2.422%, segments=89, elapsed=0s
[2026-07-27 19:57:08] eval 017 galaxy 9/20 IC1014: coverage=1.000, masked=2.153%, segments=83, elapsed=0s
[2026-07-27 19:57:08] eval 017 galaxy 10/20 NGC4293: coverage=1.000, masked=4.469%, segments=272, elapsed=1s
[2026-07-27 19:57:09] eval 017 galaxy 11/20 NGC3850: coverage=0.667, masked=2.473%, segments=96, elapsed=0s
[2026-07-27 19:57:12] eval 017 galaxy 12/20 NGC2903: coverage=0.750, masked=6.095%, segments=1000, elapsed=4s
[2026-07-27 19:57:13] eval 017 galaxy 13/20 UGC06682: coverage=0.000, masked=1.878%, segments=79, elapsed=0s
[2026-07-27 19:57:13] eval 017 galaxy 14/20 IC3521: coverage=1.000, masked=1.460%, segments=105, elapsed=1s
[2026-07-27 19:57:13] eval 017 galaxy 15/20 IC1954: coverage=1.000, masked=3.949%, segments=155, elapsed=0s
[2026-07-27 19:57:14] eval 017 galaxy 16/20 NGC6237: coverage=0.920, masked=3.775%, segments=129, elapsed=0s
[2026-07-27 19:57:14] eval 017 galaxy 17/20 NGC3185: coverage=1.000, masked=3.858%, segments=191, elapsed=1s
[2026-07-27 19:57:17] eval 017 galaxy 18/20 NGC3992: coverage=0.500, masked=2.233%, segments=419, elapsed=2s
[2026-07-27 19:57:17] eval 017 galaxy 19/20 PGC051523: coverage=0.000, masked=1.613%, segments=101, elapsed=0s
[2026-07-27 19:57:18] eval 017 galaxy 20/20 NGC3264: coverage=1.000, masked=1.063%, segments=78, elapsed=1s
[2026-07-27 19:57:18] eval 017: objective=20.847 coverage=0.722 min_coverage=0.000 masked=2.915% max_masked=6.499% profile_affected=49.423% max_bridge=199.40arcsec status=ok elapsed=15s remaining=63, rough_eta=29m 45s, expected_completion=2026-07-27 20:27:02
[2026-07-27 19:57:18] eval 018 trial 17 starting (18/80); params=thresh=1.718, minarea=50, deblend=48/0.00001, back=32, filter=1, dilation=2, max_area=6592, max_elongation=20.754
[2026-07-27 19:57:18] eval 018 galaxy 1/20 NGC2500: coverage=1.000, masked=5.647%, segments=240, elapsed=1s
[2026-07-27 19:57:20] eval 018 galaxy 2/20 NGC4204: coverage=0.465, masked=1.366%, segments=294, elapsed=1s
[2026-07-27 19:57:20] eval 018 galaxy 3/20 NGC4496A: coverage=1.000, masked=2.553%, segments=162, elapsed=0s
[2026-07-27 19:57:21] eval 018 galaxy 4/20 UGC06840: coverage=0.109, masked=0.935%, segments=70, elapsed=1s
[2026-07-27 19:57:21] eval 018 galaxy 5/20 NGC4123: coverage=0.600, masked=1.630%, segments=131, elapsed=1s
[2026-07-27 19:57:21] eval 018 galaxy 6/20 UGC09245: coverage=1.000, masked=1.957%, segments=103, elapsed=0s
[2026-07-27 19:57:22] eval 018 galaxy 7/20 NGC4532: coverage=1.000, masked=3.655%, segments=186, elapsed=0s
[2026-07-27 19:57:22] eval 018 galaxy 8/20 PGC011677: coverage=0.385, masked=1.964%, segments=94, elapsed=0s
[2026-07-27 19:57:23] eval 018 galaxy 9/20 IC1014: coverage=1.000, masked=1.826%, segments=88, elapsed=0s
[2026-07-27 19:57:23] eval 018 galaxy 10/20 NGC4293: coverage=1.000, masked=3.896%, segments=299, elapsed=1s
[2026-07-27 19:57:24] eval 018 galaxy 11/20 NGC3850: coverage=0.533, masked=2.075%, segments=100, elapsed=0s
[2026-07-27 19:57:27] eval 018 galaxy 12/20 NGC2903: coverage=0.750, masked=5.210%, segments=1031, elapsed=4s
[2026-07-27 19:57:28] eval 018 galaxy 13/20 UGC06682: coverage=0.000, masked=1.599%, segments=88, elapsed=0s
[2026-07-27 19:57:28] eval 018 galaxy 14/20 IC3521: coverage=1.000, masked=1.182%, segments=105, elapsed=0s
[2026-07-27 19:57:29] eval 018 galaxy 15/20 IC1954: coverage=1.000, masked=3.524%, segments=169, elapsed=0s
[2026-07-27 19:57:29] eval 018 galaxy 16/20 NGC6237: coverage=0.720, masked=3.268%, segments=139, elapsed=0s
[2026-07-27 19:57:30] eval 018 galaxy 17/20 NGC3185: coverage=1.000, masked=3.329%, segments=190, elapsed=1s
[2026-07-27 19:57:32] eval 018 galaxy 18/20 NGC3992: coverage=1.000, masked=1.971%, segments=451, elapsed=2s
[2026-07-27 19:57:32] eval 018 galaxy 19/20 PGC051523: coverage=0.000, masked=1.350%, segments=112, elapsed=0s
[2026-07-27 19:57:33] eval 018 galaxy 20/20 NGC3264: coverage=1.000, masked=0.856%, segments=82, elapsed=1s
[2026-07-27 19:57:33] eval 018: objective=20.548 coverage=0.728 min_coverage=0.000 masked=2.490% max_masked=5.647% profile_affected=47.334% max_bridge=198.17arcsec status=ok elapsed=15s remaining=62, rough_eta=28m 30s, expected_completion=2026-07-27 20:26:02
[2026-07-27 19:57:33] eval 019 trial 18 starting (19/80); params=thresh=1.413, minarea=41, deblend=46/0.00001, back=32, filter=1, dilation=3, max_area=7963, max_elongation=20.917
[2026-07-27 19:57:33] eval 019 galaxy 1/20 NGC2500: coverage=1.000, masked=8.391%, segments=340, elapsed=1s
[2026-07-27 19:57:35] eval 019 galaxy 2/20 NGC4204: coverage=0.465, masked=2.775%, segments=537, elapsed=2s
[2026-07-27 19:57:35] eval 019 galaxy 3/20 NGC4496A: coverage=1.000, masked=4.579%, segments=272, elapsed=1s
[2026-07-27 19:57:36] eval 019 galaxy 4/20 UGC06840: coverage=0.141, masked=1.785%, segments=136, elapsed=1s
[2026-07-27 19:57:37] eval 019 galaxy 5/20 NGC4123: coverage=0.600, masked=2.775%, segments=205, elapsed=1s
[2026-07-27 19:57:37] eval 019 galaxy 6/20 UGC09245: coverage=1.000, masked=3.889%, segments=187, elapsed=0s
[2026-07-27 19:57:37] eval 019 galaxy 7/20 NGC4532: coverage=1.000, masked=5.885%, segments=287, elapsed=1s
[2026-07-27 19:57:38] eval 019 galaxy 8/20 PGC011677: coverage=0.077, masked=4.025%, segments=161, elapsed=0s
[2026-07-27 19:57:38] eval 019 galaxy 9/20 IC1014: coverage=1.000, masked=3.207%, segments=146, elapsed=0s
[2026-07-27 19:57:39] eval 019 galaxy 10/20 NGC4293: coverage=1.000, masked=6.518%, segments=471, elapsed=1s
[2026-07-27 19:57:39] eval 019 galaxy 11/20 NGC3850: coverage=0.933, masked=3.823%, segments=178, elapsed=0s
[2026-07-27 19:57:45] eval 019 galaxy 12/20 NGC2903: coverage=0.750, masked=8.877%, segments=1718, elapsed=6s
[2026-07-27 19:57:46] eval 019 galaxy 13/20 UGC06682: coverage=0.833, masked=3.244%, segments=161, elapsed=0s
[2026-07-27 19:57:46] eval 019 galaxy 14/20 IC3521: coverage=1.000, masked=2.399%, segments=199, elapsed=1s
[2026-07-27 19:57:47] eval 019 galaxy 15/20 IC1954: coverage=1.000, masked=5.482%, segments=245, elapsed=0s
[2026-07-27 19:57:47] eval 019 galaxy 16/20 NGC6237: coverage=0.920, masked=5.134%, segments=214, elapsed=0s
[2026-07-27 19:57:48] eval 019 galaxy 17/20 NGC3185: coverage=1.000, masked=5.560%, segments=328, elapsed=1s
[2026-07-27 19:57:50] eval 019 galaxy 18/20 NGC3992: coverage=1.000, masked=3.496%, segments=772, elapsed=2s
[2026-07-27 19:57:51] eval 019 galaxy 19/20 PGC051523: coverage=0.000, masked=2.462%, segments=170, elapsed=0s
[2026-07-27 19:57:51] eval 019 galaxy 20/20 NGC3264: coverage=1.000, masked=1.789%, segments=152, elapsed=1s
[2026-07-27 19:57:51] eval 019: objective=19.459 coverage=0.786 min_coverage=0.000 masked=4.305% max_masked=8.877% profile_affected=52.551% max_bridge=194.50arcsec status=ok elapsed=19s remaining=61, rough_eta=27m 33s, expected_completion=2026-07-27 20:25:24
[2026-07-27 19:57:51] eval 020 trial 19 starting (20/80); params=thresh=1.377, minarea=40, deblend=47/0.00011, back=64, filter=5, dilation=1, max_area=7854, max_elongation=20.790
[2026-07-27 19:57:52] eval 020 galaxy 1/20 NGC2500: coverage=0.000, masked=7.640%, segments=322, elapsed=1s
[2026-07-27 19:57:54] eval 020 galaxy 2/20 NGC4204: coverage=0.767, masked=2.432%, segments=755, elapsed=2s
[2026-07-27 19:57:54] eval 020 galaxy 3/20 NGC4496A: coverage=0.900, masked=4.657%, segments=350, elapsed=1s
[2026-07-27 19:57:55] eval 020 galaxy 4/20 UGC06840: coverage=0.328, masked=1.353%, segments=218, elapsed=1s
[2026-07-27 19:57:56] eval 020 galaxy 5/20 NGC4123: coverage=0.200, masked=3.032%, segments=249, elapsed=1s
[2026-07-27 19:57:56] eval 020 galaxy 6/20 UGC09245: coverage=1.000, masked=4.015%, segments=298, elapsed=0s
[2026-07-27 19:57:57] eval 020 galaxy 7/20 NGC4532: coverage=0.000, masked=5.282%, segments=454, elapsed=1s
[2026-07-27 19:57:57] eval 020 galaxy 8/20 PGC011677: coverage=0.000, masked=3.696%, segments=248, elapsed=0s
[2026-07-27 19:57:57] eval 020 galaxy 9/20 IC1014: coverage=0.500, masked=2.763%, segments=185, elapsed=0s
[2026-07-27 19:57:59] eval 020 galaxy 10/20 NGC4293: coverage=0.000, masked=5.535%, segments=641, elapsed=1s
[2026-07-27 19:57:59] eval 020 galaxy 11/20 NGC3850: coverage=0.000, masked=3.526%, segments=246, elapsed=0s
[2026-07-27 19:58:06] eval 020 galaxy 12/20 NGC2903: coverage=0.750, masked=7.694%, segments=2040, elapsed=7s
[2026-07-27 19:58:06] eval 020 galaxy 13/20 UGC06682: coverage=0.000, masked=2.936%, segments=253, elapsed=0s
[2026-07-27 19:58:07] eval 020 galaxy 14/20 IC3521: coverage=1.000, masked=2.784%, segments=324, elapsed=1s
[2026-07-27 19:58:07] eval 020 galaxy 15/20 IC1954: coverage=0.000, masked=4.710%, segments=289, elapsed=0s
[2026-07-27 19:58:08] eval 020 galaxy 16/20 NGC6237: coverage=1.000, masked=5.274%, segments=262, elapsed=0s
[2026-07-27 19:58:08] eval 020 galaxy 17/20 NGC3185: coverage=0.000, masked=4.650%, segments=382, elapsed=1s
[2026-07-27 19:58:11] eval 020 galaxy 18/20 NGC3992: coverage=0.000, masked=3.449%, segments=1042, elapsed=3s
[2026-07-27 19:58:12] eval 020 galaxy 19/20 PGC051523: coverage=0.000, masked=2.342%, segments=291, elapsed=1s
[2026-07-27 19:58:12] eval 020 galaxy 20/20 NGC3264: coverage=1.000, masked=2.113%, segments=260, elapsed=1s
[2026-07-27 19:58:12] eval 020: objective=28.391 coverage=0.372 min_coverage=0.000 masked=3.994% max_masked=7.694% profile_affected=28.768% max_bridge=152.91arcsec status=ok elapsed=21s remaining=60, rough_eta=26m 48s, expected_completion=2026-07-27 20:25:00
[2026-07-27 19:58:13] eval 021 trial 20 starting (21/80); params=thresh=1.342, minarea=39, deblend=64/0.00003, back=256, filter=1, dilation=2, max_area=6829, max_elongation=13.165
[2026-07-27 19:58:14] eval 021 galaxy 1/20 NGC2500: coverage=1.000, masked=12.414%, segments=352, elapsed=1s
[2026-07-27 19:58:16] eval 021 galaxy 2/20 NGC4204: coverage=0.884, masked=3.497%, segments=861, elapsed=2s
[2026-07-27 19:58:17] eval 021 galaxy 3/20 NGC4496A: coverage=1.000, masked=6.922%, segments=375, elapsed=1s
[2026-07-27 19:58:17] eval 021 galaxy 4/20 UGC06840: coverage=0.328, masked=2.816%, segments=248, elapsed=1s
[2026-07-27 19:58:18] eval 021 galaxy 5/20 NGC4123: coverage=0.800, masked=4.304%, segments=270, elapsed=1s
[2026-07-27 19:58:19] eval 021 galaxy 6/20 UGC09245: coverage=1.000, masked=4.557%, segments=294, elapsed=0s
[2026-07-27 19:58:20] eval 021 galaxy 7/20 NGC4532: coverage=1.000, masked=8.797%, segments=507, elapsed=1s
[2026-07-27 19:58:20] eval 021 galaxy 8/20 PGC011677: coverage=0.385, masked=4.462%, segments=240, elapsed=0s
[2026-07-27 19:58:21] eval 021 galaxy 9/20 IC1014: coverage=1.000, masked=4.536%, segments=267, elapsed=0s
[2026-07-27 19:58:23] eval 021 galaxy 10/20 NGC4293: coverage=0.250, masked=10.376%, segments=643, elapsed=3s
[2026-07-27 19:58:24] eval 021 galaxy 11/20 NGC3850: coverage=0.933, masked=4.746%, segments=285, elapsed=0s
[2026-07-27 19:58:25] eval 021: objective=1e+06 coverage=nan min_coverage=nan masked=nan% max_masked=nan% profile_affected=nan% max_bridge=nanarcsec status=error elapsed=13s remaining=59, rough_eta=25m 41s, expected_completion=2026-07-27 20:24:06
[2026-07-27 19:58:25] eval 022 trial 21 starting (22/80); params=thresh=1.876, minarea=45, deblend=46/0.00001, back=32, filter=1, dilation=3, max_area=6464, max_elongation=21.280
[2026-07-27 19:58:26] eval 022 galaxy 1/20 NGC2500: coverage=1.000, masked=6.479%, segments=251, elapsed=1s
[2026-07-27 19:58:27] eval 022 galaxy 2/20 NGC4204: coverage=0.465, masked=1.717%, segments=305, elapsed=1s
[2026-07-27 19:58:28] eval 022 galaxy 3/20 NGC4496A: coverage=1.000, masked=3.028%, segments=163, elapsed=1s
[2026-07-27 19:58:29] eval 022 galaxy 4/20 UGC06840: coverage=0.078, masked=1.100%, segments=73, elapsed=1s
[2026-07-27 19:58:29] eval 022 galaxy 5/20 NGC4123: coverage=0.600, masked=1.926%, segments=127, elapsed=1s
[2026-07-27 19:58:30] eval 022 galaxy 6/20 UGC09245: coverage=1.000, masked=2.404%, segments=104, elapsed=0s
[2026-07-27 19:58:30] eval 022 galaxy 7/20 NGC4532: coverage=1.000, masked=4.341%, segments=195, elapsed=1s
[2026-07-27 19:58:31] eval 022 galaxy 8/20 PGC011677: coverage=0.385, masked=2.461%, segments=96, elapsed=0s
[2026-07-27 19:58:31] eval 022 galaxy 9/20 IC1014: coverage=1.000, masked=2.186%, segments=91, elapsed=0s
[2026-07-27 19:58:32] eval 022 galaxy 10/20 NGC4293: coverage=1.000, masked=4.637%, segments=319, elapsed=1s
[2026-07-27 19:58:32] eval 022 galaxy 11/20 NGC3850: coverage=0.667, masked=2.450%, segments=99, elapsed=0s
[2026-07-27 19:58:36] eval 022 galaxy 12/20 NGC2903: coverage=0.750, masked=6.200%, segments=1111, elapsed=4s
[2026-07-27 19:58:37] eval 022 galaxy 13/20 UGC06682: coverage=0.000, masked=2.036%, segments=93, elapsed=0s
[2026-07-27 19:58:37] eval 022 galaxy 14/20 IC3521: coverage=1.000, masked=1.469%, segments=108, elapsed=1s
[2026-07-27 19:58:38] eval 022 galaxy 15/20 IC1954: coverage=1.000, masked=4.003%, segments=167, elapsed=0s
[2026-07-27 19:58:38] eval 022 galaxy 16/20 NGC6237: coverage=0.920, masked=3.875%, segments=148, elapsed=0s
[2026-07-27 19:58:39] eval 022 galaxy 17/20 NGC3185: coverage=1.000, masked=3.922%, segments=201, elapsed=1s
[2026-07-27 19:58:41] eval 022 galaxy 18/20 NGC3992: coverage=0.900, masked=2.319%, segments=490, elapsed=2s
[2026-07-27 19:58:41] eval 022 galaxy 19/20 PGC051523: coverage=0.000, masked=1.742%, segments=117, elapsed=0s
[2026-07-27 19:58:42] eval 022 galaxy 20/20 NGC3264: coverage=1.000, masked=1.102%, segments=87, elapsed=1s
[2026-07-27 19:58:42] eval 022: objective=20.458 coverage=0.738 min_coverage=0.000 masked=2.970% max_masked=6.479% profile_affected=49.334% max_bridge=198.17arcsec status=ok elapsed=17s remaining=58, rough_eta=24m 49s, expected_completion=2026-07-27 20:23:31
[2026-07-27 19:58:42] eval 023 trial 22 starting (23/80); params=thresh=1.949, minarea=43, deblend=42/0.00002, back=32, filter=1, dilation=3, max_area=6969, max_elongation=20.490
[2026-07-27 19:58:43] eval 023 galaxy 1/20 NGC2500: coverage=1.000, masked=6.382%, segments=245, elapsed=0s
[2026-07-27 19:58:44] eval 023 galaxy 2/20 NGC4204: coverage=0.465, masked=1.671%, segments=298, elapsed=1s
[2026-07-27 19:58:45] eval 023 galaxy 3/20 NGC4496A: coverage=1.000, masked=3.038%, segments=170, elapsed=0s
[2026-07-27 19:58:45] eval 023 galaxy 4/20 UGC06840: coverage=0.078, masked=1.098%, segments=70, elapsed=1s
[2026-07-27 19:58:46] eval 023 galaxy 5/20 NGC4123: coverage=0.600, masked=1.875%, segments=132, elapsed=1s
[2026-07-27 19:58:46] eval 023 galaxy 6/20 UGC09245: coverage=1.000, masked=2.425%, segments=107, elapsed=0s
[2026-07-27 19:58:47] eval 023 galaxy 7/20 NGC4532: coverage=1.000, masked=4.274%, segments=193, elapsed=0s
[2026-07-27 19:58:47] eval 023 galaxy 8/20 PGC011677: coverage=0.385, masked=2.443%, segments=97, elapsed=0s
[2026-07-27 19:58:47] eval 023 galaxy 9/20 IC1014: coverage=1.000, masked=2.161%, segments=94, elapsed=0s
[2026-07-27 19:58:48] eval 023 galaxy 10/20 NGC4293: coverage=1.000, masked=4.585%, segments=312, elapsed=1s
[2026-07-27 19:58:48] eval 023 galaxy 11/20 NGC3850: coverage=0.667, masked=2.547%, segments=107, elapsed=0s
[2026-07-27 19:58:52] eval 023 galaxy 12/20 NGC2903: coverage=0.750, masked=6.234%, segments=1110, elapsed=4s
[2026-07-27 19:58:53] eval 023 galaxy 13/20 UGC06682: coverage=0.000, masked=1.994%, segments=95, elapsed=0s
[2026-07-27 19:58:53] eval 023 galaxy 14/20 IC3521: coverage=1.000, masked=1.457%, segments=106, elapsed=0s
[2026-07-27 19:58:53] eval 023 galaxy 15/20 IC1954: coverage=1.000, masked=4.000%, segments=171, elapsed=0s
[2026-07-27 19:58:54] eval 023 galaxy 16/20 NGC6237: coverage=0.720, masked=3.811%, segments=146, elapsed=0s
[2026-07-27 19:58:54] eval 023 galaxy 17/20 NGC3185: coverage=1.000, masked=4.050%, segments=212, elapsed=1s
[2026-07-27 19:58:56] eval 023 galaxy 18/20 NGC3992: coverage=1.000, masked=2.385%, segments=492, elapsed=2s
[2026-07-27 19:58:57] eval 023 galaxy 19/20 PGC051523: coverage=0.000, masked=1.612%, segments=116, elapsed=0s
[2026-07-27 19:58:57] eval 023 galaxy 20/20 NGC3264: coverage=1.000, masked=1.110%, segments=89, elapsed=1s
[2026-07-27 19:58:57] eval 023: objective=20.518 coverage=0.733 min_coverage=0.000 masked=2.958% max_masked=6.382% profile_affected=47.673% max_bridge=199.40arcsec status=ok elapsed=15s remaining=57, rough_eta=23m 58s, expected_completion=2026-07-27 20:22:55
[2026-07-27 19:58:58] eval 024 trial 23 starting (24/80); params=thresh=2.043, minarea=42, deblend=42/0.00007, back=32, filter=1, dilation=3, max_area=7202, max_elongation=21.080
[2026-07-27 19:58:58] eval 024 galaxy 1/20 NGC2500: coverage=1.000, masked=6.232%, segments=206, elapsed=0s
[2026-07-27 19:59:00] eval 024 galaxy 2/20 NGC4204: coverage=0.465, masked=1.635%, segments=287, elapsed=1s
[2026-07-27 19:59:00] eval 024 galaxy 3/20 NGC4496A: coverage=1.000, masked=2.986%, segments=160, elapsed=0s
[2026-07-27 19:59:00] eval 024 galaxy 4/20 UGC06840: coverage=0.156, masked=1.074%, segments=63, elapsed=1s
[2026-07-27 19:59:01] eval 024 galaxy 5/20 NGC4123: coverage=0.600, masked=1.799%, segments=113, elapsed=1s
[2026-07-27 19:59:01] eval 024 galaxy 6/20 UGC09245: coverage=1.000, masked=2.445%, segments=110, elapsed=0s
[2026-07-27 19:59:02] eval 024 galaxy 7/20 NGC4532: coverage=1.000, masked=4.227%, segments=191, elapsed=0s
[2026-07-27 19:59:02] eval 024 galaxy 8/20 PGC011677: coverage=0.385, masked=2.474%, segments=97, elapsed=0s
[2026-07-27 19:59:02] eval 024 galaxy 9/20 IC1014: coverage=1.000, masked=2.074%, segments=84, elapsed=0s
[2026-07-27 19:59:03] eval 024 galaxy 10/20 NGC4293: coverage=0.750, masked=4.203%, segments=274, elapsed=1s
[2026-07-27 19:59:03] eval 024 galaxy 11/20 NGC3850: coverage=0.800, masked=2.394%, segments=98, elapsed=0s
[2026-07-27 19:59:06] eval 024 galaxy 12/20 NGC2903: coverage=0.750, masked=6.087%, segments=943, elapsed=3s
[2026-07-27 19:59:07] eval 024 galaxy 13/20 UGC06682: coverage=0.000, masked=1.902%, segments=90, elapsed=0s
[2026-07-27 19:59:07] eval 024 galaxy 14/20 IC3521: coverage=1.000, masked=1.434%, segments=101, elapsed=0s
[2026-07-27 19:59:08] eval 024 galaxy 15/20 IC1954: coverage=1.000, masked=3.941%, segments=151, elapsed=0s
[2026-07-27 19:59:08] eval 024 galaxy 16/20 NGC6237: coverage=0.720, masked=3.698%, segments=132, elapsed=0s
[2026-07-27 19:59:09] eval 024 galaxy 17/20 NGC3185: coverage=1.000, masked=3.858%, segments=186, elapsed=1s
[2026-07-27 19:59:11] eval 024 galaxy 18/20 NGC3992: coverage=0.500, masked=2.177%, segments=438, elapsed=2s
[2026-07-27 19:59:11] eval 024 galaxy 19/20 PGC051523: coverage=0.000, masked=1.471%, segments=105, elapsed=0s
[2026-07-27 19:59:11] eval 024 galaxy 20/20 NGC3264: coverage=1.000, masked=1.065%, segments=86, elapsed=1s
[2026-07-27 19:59:11] eval 024: objective=21.078 coverage=0.706 min_coverage=0.000 masked=2.859% max_masked=6.232% profile_affected=45.958% max_bridge=187.16arcsec status=ok elapsed=14s remaining=56, rough_eta=23m 06s, expected_completion=2026-07-27 20:22:18
[2026-07-27 19:59:12] eval 025 trial 24 starting (25/80); params=thresh=1.141, minarea=44, deblend=29/0.00002, back=32, filter=1, dilation=3, max_area=5223, max_elongation=19.006
[2026-07-27 19:59:12] eval 025 galaxy 1/20 NGC2500: coverage=1.000, masked=9.629%, segments=335, elapsed=1s
[2026-07-27 19:59:14] eval 025 galaxy 2/20 NGC4204: coverage=0.605, masked=3.419%, segments=617, elapsed=2s
[2026-07-27 19:59:14] eval 025 galaxy 3/20 NGC4496A: coverage=1.000, masked=5.481%, segments=304, elapsed=0s
[2026-07-27 19:59:15] eval 025 galaxy 4/20 UGC06840: coverage=0.234, masked=1.858%, segments=156, elapsed=1s
[2026-07-27 19:59:15] eval 025 galaxy 5/20 NGC4123: coverage=0.600, masked=3.425%, segments=226, elapsed=1s
[2026-07-27 19:59:16] eval 025 galaxy 6/20 UGC09245: coverage=1.000, masked=5.005%, segments=231, elapsed=0s
[2026-07-27 19:59:16] eval 025 galaxy 7/20 NGC4532: coverage=1.000, masked=6.897%, segments=310, elapsed=1s
[2026-07-27 19:59:17] eval 025 galaxy 8/20 PGC011677: coverage=0.000, masked=4.942%, segments=185, elapsed=0s
[2026-07-27 19:59:17] eval 025 galaxy 9/20 IC1014: coverage=1.000, masked=3.879%, segments=167, elapsed=0s
[2026-07-27 19:59:18] eval 025 galaxy 10/20 NGC4293: coverage=0.750, masked=7.360%, segments=505, elapsed=1s
[2026-07-27 19:59:18] eval 025 galaxy 11/20 NGC3850: coverage=0.733, masked=4.533%, segments=204, elapsed=0s
[2026-07-27 19:59:25] eval 025 galaxy 12/20 NGC2903: coverage=0.750, masked=10.553%, segments=1846, elapsed=6s
[2026-07-27 19:59:25] eval 025 galaxy 13/20 UGC06682: coverage=0.667, masked=4.130%, segments=203, elapsed=0s
[2026-07-27 19:59:26] eval 025 galaxy 14/20 IC3521: coverage=1.000, masked=3.066%, segments=229, elapsed=1s
[2026-07-27 19:59:26] eval 025 galaxy 15/20 IC1954: coverage=1.000, masked=6.447%, segments=259, elapsed=0s
[2026-07-27 19:59:27] eval 025 galaxy 16/20 NGC6237: coverage=1.000, masked=5.608%, segments=236, elapsed=0s
[2026-07-27 19:59:27] eval 025 galaxy 17/20 NGC3185: coverage=1.000, masked=5.798%, segments=335, elapsed=1s
[2026-07-27 19:59:30] eval 025 galaxy 18/20 NGC3992: coverage=1.000, masked=4.190%, segments=865, elapsed=3s
[2026-07-27 19:59:31] eval 025 galaxy 19/20 PGC051523: coverage=0.000, masked=3.289%, segments=213, elapsed=0s
[2026-07-27 19:59:31] eval 025 galaxy 20/20 NGC3264: coverage=1.000, masked=2.203%, segments=181, elapsed=1s
[2026-07-27 19:59:31] eval 025: objective=19.928 coverage=0.767 min_coverage=0.000 masked=5.086% max_masked=10.553% profile_affected=52.328% max_bridge=160.25arcsec status=ok elapsed=19s remaining=55, rough_eta=22m 30s, expected_completion=2026-07-27 20:22:01
[2026-07-27 19:59:31] eval 026 trial 25 starting (26/80); params=thresh=1.202, minarea=36, deblend=29/0.00037, back=32, filter=1, dilation=4, max_area=5003, max_elongation=14.066
[2026-07-27 19:59:32] eval 026 galaxy 1/20 NGC2500: coverage=0.000, masked=10.478%, segments=269, elapsed=0s
[2026-07-27 19:59:33] eval 026 galaxy 2/20 NGC4204: coverage=0.767, masked=4.759%, segments=749, elapsed=2s
[2026-07-27 19:59:34] eval 026 galaxy 3/20 NGC4496A: coverage=1.000, masked=7.233%, segments=327, elapsed=0s
[2026-07-27 19:59:34] eval 026 galaxy 4/20 UGC06840: coverage=0.203, masked=2.480%, segments=204, elapsed=1s
[2026-07-27 19:59:35] eval 026 galaxy 5/20 NGC4123: coverage=0.440, masked=4.293%, segments=234, elapsed=1s
[2026-07-27 19:59:35] eval 026 galaxy 6/20 UGC09245: coverage=1.000, masked=7.084%, segments=276, elapsed=0s
[2026-07-27 19:59:36] eval 026 galaxy 7/20 NGC4532: coverage=1.000, masked=9.142%, segments=388, elapsed=1s
[2026-07-27 19:59:36] eval 026 galaxy 8/20 PGC011677: coverage=0.385, masked=7.668%, segments=254, elapsed=0s
[2026-07-27 19:59:37] eval 026 galaxy 9/20 IC1014: coverage=0.400, masked=4.586%, segments=168, elapsed=0s
[2026-07-27 19:59:38] eval 026 galaxy 10/20 NGC4293: coverage=0.500, masked=8.382%, segments=579, elapsed=1s
[2026-07-27 19:59:38] eval 026 galaxy 11/20 NGC3850: coverage=1.000, masked=6.088%, segments=230, elapsed=0s
[2026-07-27 19:59:44] eval 026 galaxy 12/20 NGC2903: coverage=0.750, masked=12.327%, segments=2033, elapsed=6s
[2026-07-27 19:59:44] eval 026 galaxy 13/20 UGC06682: coverage=0.917, masked=5.739%, segments=244, elapsed=0s
[2026-07-27 19:59:45] eval 026 galaxy 14/20 IC3521: coverage=1.000, masked=4.085%, segments=261, elapsed=1s
[2026-07-27 19:59:45] eval 026 galaxy 15/20 IC1954: coverage=1.000, masked=8.284%, segments=263, elapsed=0s
[2026-07-27 19:59:46] eval 026 galaxy 16/20 NGC6237: coverage=0.840, masked=6.115%, segments=242, elapsed=0s
[2026-07-27 19:59:46] eval 026 galaxy 17/20 NGC3185: coverage=0.500, masked=6.701%, segments=374, elapsed=1s
[2026-07-27 19:59:49] eval 026 galaxy 18/20 NGC3992: coverage=1.000, masked=5.684%, segments=1022, elapsed=3s
[2026-07-27 19:59:50] eval 026 galaxy 19/20 PGC051523: coverage=0.000, masked=4.579%, segments=264, elapsed=0s
[2026-07-27 19:59:50] eval 026 galaxy 20/20 NGC3264: coverage=1.000, masked=3.201%, segments=229, elapsed=1s
[2026-07-27 19:59:50] eval 026: objective=21.746 coverage=0.685 min_coverage=0.000 masked=6.445% max_masked=12.327% profile_affected=48.311% max_bridge=190.83arcsec status=ok elapsed=19s remaining=54, rough_eta=21m 53s, expected_completion=2026-07-27 20:21:43
[2026-07-27 19:59:50] eval 027 trial 26 starting (27/80); params=thresh=1.004, minarea=45, deblend=28/0.00003, back=32, filter=1, dilation=3, max_area=5175, max_elongation=18.412
[2026-07-27 19:59:51] eval 027 galaxy 1/20 NGC2500: coverage=1.000, masked=10.572%, segments=358, elapsed=1s
[2026-07-27 19:59:53] eval 027 galaxy 2/20 NGC4204: coverage=0.651, masked=3.825%, segments=681, elapsed=2s
[2026-07-27 19:59:53] eval 027 galaxy 3/20 NGC4496A: coverage=1.000, masked=6.051%, segments=303, elapsed=1s
[2026-07-27 19:59:54] eval 027 galaxy 4/20 UGC06840: coverage=0.281, masked=2.523%, segments=175, elapsed=1s
[2026-07-27 19:59:54] eval 027 galaxy 5/20 NGC4123: coverage=0.600, masked=3.952%, segments=252, elapsed=1s
[2026-07-27 19:59:55] eval 027 galaxy 6/20 UGC09245: coverage=1.000, masked=5.752%, segments=255, elapsed=0s
[2026-07-27 19:59:55] eval 027 galaxy 7/20 NGC4532: coverage=0.000, masked=7.346%, segments=347, elapsed=1s
[2026-07-27 19:59:56] eval 027 galaxy 8/20 PGC011677: coverage=0.000, masked=6.173%, segments=237, elapsed=0s
[2026-07-27 19:59:56] eval 027 galaxy 9/20 IC1014: coverage=1.000, masked=4.218%, segments=178, elapsed=0s
[2026-07-27 19:59:57] eval 027 galaxy 10/20 NGC4293: coverage=0.750, masked=8.384%, segments=550, elapsed=1s
[2026-07-27 19:59:58] eval 027 galaxy 11/20 NGC3850: coverage=0.867, masked=5.288%, segments=233, elapsed=0s
[2026-07-27 20:00:07] eval 027 galaxy 12/20 NGC2903: coverage=0.750, masked=11.665%, segments=1992, elapsed=10s
[2026-07-27 20:00:08] eval 027 galaxy 13/20 UGC06682: coverage=0.667, masked=4.632%, segments=221, elapsed=0s
[2026-07-27 20:00:08] eval 027 galaxy 14/20 IC3521: coverage=1.000, masked=3.368%, segments=247, elapsed=1s
[2026-07-27 20:00:09] eval 027 galaxy 15/20 IC1954: coverage=1.000, masked=7.118%, segments=280, elapsed=0s
[2026-07-27 20:00:09] eval 027 galaxy 16/20 NGC6237: coverage=1.000, masked=6.200%, segments=251, elapsed=0s
[2026-07-27 20:00:10] eval 027 galaxy 17/20 NGC3185: coverage=1.000, masked=6.271%, segments=381, elapsed=1s
[2026-07-27 20:00:13] eval 027 galaxy 18/20 NGC3992: coverage=1.000, masked=4.856%, segments=1002, elapsed=3s
[2026-07-27 20:00:13] eval 027 galaxy 19/20 PGC051523: coverage=0.000, masked=3.762%, segments=239, elapsed=0s
[2026-07-27 20:00:14] eval 027 galaxy 20/20 NGC3264: coverage=1.000, masked=2.486%, segments=203, elapsed=1s
[2026-07-27 20:00:14] eval 027: objective=20.781 coverage=0.728 min_coverage=0.000 masked=5.722% max_masked=11.665% profile_affected=50.062% max_bridge=194.50arcsec status=ok elapsed=24s remaining=53, rough_eta=21m 28s, expected_completion=2026-07-27 20:21:42
[2026-07-27 20:00:14] eval 028 trial 27 starting (28/80); params=thresh=2.379, minarea=38, deblend=52/0.00008, back=96, filter=5, dilation=4, max_area=6359, max_elongation=23.163
[2026-07-27 20:00:15] eval 028 galaxy 1/20 NGC2500: coverage=0.000, masked=9.122%, segments=233, elapsed=1s
[2026-07-27 20:00:16] eval 028 galaxy 2/20 NGC4204: coverage=0.651, masked=2.783%, segments=447, elapsed=1s
[2026-07-27 20:00:17] eval 028 galaxy 3/20 NGC4496A: coverage=0.500, masked=5.972%, segments=237, elapsed=1s
[2026-07-27 20:00:17] eval 028 galaxy 4/20 UGC06840: coverage=0.156, masked=1.684%, segments=137, elapsed=1s
[2026-07-27 20:00:18] eval 028 galaxy 5/20 NGC4123: coverage=0.280, masked=3.645%, segments=163, elapsed=1s
[2026-07-27 20:00:18] eval 028 galaxy 6/20 UGC09245: coverage=1.000, masked=4.559%, segments=178, elapsed=0s
[2026-07-27 20:00:19] eval 028 galaxy 7/20 NGC4532: coverage=0.000, masked=6.371%, segments=295, elapsed=1s
[2026-07-27 20:00:19] eval 028 galaxy 8/20 PGC011677: coverage=0.000, masked=3.554%, segments=126, elapsed=0s
[2026-07-27 20:00:20] eval 028 galaxy 9/20 IC1014: coverage=0.500, masked=3.372%, segments=128, elapsed=0s
[2026-07-27 20:00:21] eval 028 galaxy 10/20 NGC4293: coverage=0.000, masked=7.761%, segments=466, elapsed=1s
[2026-07-27 20:00:21] eval 028 galaxy 11/20 NGC3850: coverage=0.000, masked=3.634%, segments=141, elapsed=0s
[2026-07-27 20:00:25] eval 028 galaxy 12/20 NGC2903: coverage=0.750, masked=8.407%, segments=1133, elapsed=4s
[2026-07-27 20:00:25] eval 028 galaxy 13/20 UGC06682: coverage=0.000, masked=3.402%, segments=148, elapsed=0s
[2026-07-27 20:00:26] eval 028 galaxy 14/20 IC3521: coverage=1.000, masked=2.875%, segments=173, elapsed=1s
[2026-07-27 20:00:26] eval 028 galaxy 15/20 IC1954: coverage=0.000, masked=6.709%, segments=191, elapsed=0s
[2026-07-27 20:00:27] eval 028 galaxy 16/20 NGC6237: coverage=1.000, masked=6.446%, segments=188, elapsed=0s
[2026-07-27 20:00:27] eval 028 galaxy 17/20 NGC3185: coverage=0.000, masked=5.840%, segments=256, elapsed=1s
[2026-07-27 20:00:30] eval 028 galaxy 18/20 NGC3992: coverage=0.000, masked=4.095%, segments=615, elapsed=2s
[2026-07-27 20:00:30] eval 028 galaxy 19/20 PGC051523: coverage=0.000, masked=2.967%, segments=185, elapsed=0s
[2026-07-27 20:00:31] eval 028 galaxy 20/20 NGC3264: coverage=1.000, masked=2.185%, segments=146, elapsed=1s
[2026-07-27 20:00:31] eval 028: objective=29.373 coverage=0.342 min_coverage=0.000 masked=4.769% max_masked=9.122% profile_affected=33.533% max_bridge=181.05arcsec status=ok elapsed=17s remaining=52, rough_eta=20m 49s, expected_completion=2026-07-27 20:21:20
[2026-07-27 20:00:31] eval 029 trial 28 starting (29/80); params=thresh=1.551, minarea=46, deblend=42/0.00002, back=64, filter=9, dilation=3, max_area=7407, max_elongation=19.911
[2026-07-27 20:00:32] eval 029 galaxy 1/20 NGC2500: coverage=0.000, masked=11.660%, segments=320, elapsed=1s
[2026-07-27 20:00:34] eval 029 galaxy 2/20 NGC4204: coverage=0.767, masked=4.268%, segments=673, elapsed=2s
[2026-07-27 20:00:34] eval 029 galaxy 3/20 NGC4496A: coverage=1.000, masked=7.750%, segments=337, elapsed=1s
[2026-07-27 20:00:35] eval 029 galaxy 4/20 UGC06840: coverage=0.391, masked=2.513%, segments=193, elapsed=1s
[2026-07-27 20:00:35] eval 029 galaxy 5/20 NGC4123: coverage=0.400, masked=4.707%, segments=232, elapsed=1s
[2026-07-27 20:00:36] eval 029 galaxy 6/20 UGC09245: coverage=1.000, masked=6.684%, segments=253, elapsed=0s
[2026-07-27 20:00:37] eval 029 galaxy 7/20 NGC4532: coverage=0.000, masked=9.292%, segments=428, elapsed=1s
[2026-07-27 20:00:37] eval 029 galaxy 8/20 PGC011677: coverage=0.000, masked=6.450%, segments=216, elapsed=0s
[2026-07-27 20:00:37] eval 029 galaxy 9/20 IC1014: coverage=0.000, masked=4.510%, segments=174, elapsed=0s
[2026-07-27 20:00:38] eval 029 galaxy 10/20 NGC4293: coverage=0.750, masked=9.943%, segments=612, elapsed=1s
[2026-07-27 20:00:39] eval 029 galaxy 11/20 NGC3850: coverage=0.000, masked=5.677%, segments=226, elapsed=0s
[2026-07-27 20:00:45] eval 029 galaxy 12/20 NGC2903: coverage=0.600, masked=13.096%, segments=1900, elapsed=7s
[2026-07-27 20:00:46] eval 029 galaxy 13/20 UGC06682: coverage=0.000, masked=5.229%, segments=228, elapsed=0s
[2026-07-27 20:00:47] eval 029 galaxy 14/20 IC3521: coverage=1.000, masked=4.576%, segments=280, elapsed=1s
[2026-07-27 20:00:47] eval 029 galaxy 15/20 IC1954: coverage=0.000, masked=7.343%, segments=266, elapsed=1s
[2026-07-27 20:00:48] eval 029 galaxy 16/20 NGC6237: coverage=0.400, masked=5.648%, segments=226, elapsed=1s
[2026-07-27 20:00:48] eval 029 galaxy 17/20 NGC3185: coverage=0.100, masked=6.586%, segments=345, elapsed=1s
[2026-07-27 20:00:51] eval 029 galaxy 18/20 NGC3992: coverage=0.000, masked=5.478%, segments=974, elapsed=3s
[2026-07-27 20:00:52] eval 029 galaxy 19/20 PGC051523: coverage=0.000, masked=4.726%, segments=280, elapsed=1s
[2026-07-27 20:00:52] eval 029 galaxy 20/20 NGC3264: coverage=1.000, masked=3.423%, segments=224, elapsed=1s
[2026-07-27 20:00:52] eval 029: objective=28.7 coverage=0.370 min_coverage=0.000 masked=6.478% max_masked=13.096% profile_affected=32.138% max_bridge=144.35arcsec status=ok elapsed=22s remaining=51, rough_eta=20m 21s, expected_completion=2026-07-27 20:21:13
[2026-07-27 20:00:53] eval 030 trial 29 starting (30/80); params=thresh=0.957, minarea=33, deblend=30/0.00005, back=256, filter=9, dilation=4, max_area=7924, max_elongation=14.915
[2026-07-27 20:00:54] eval 030 galaxy 1/20 NGC2500: coverage=0.000, masked=19.625%, segments=434, elapsed=1s
[2026-07-27 20:00:57] eval 030 galaxy 2/20 NGC4204: coverage=0.884, masked=11.286%, segments=1508, elapsed=3s
[2026-07-27 20:00:58] eval 030 galaxy 3/20 NGC4496A: coverage=0.500, masked=16.234%, segments=601, elapsed=1s
[2026-07-27 20:00:59] eval 030 galaxy 4/20 UGC06840: coverage=0.562, masked=6.504%, segments=396, elapsed=1s
[2026-07-27 20:00:59] eval 030 galaxy 5/20 NGC4123: coverage=0.800, masked=8.953%, segments=422, elapsed=1s
[2026-07-27 20:01:00] eval 030 galaxy 6/20 UGC09245: coverage=0.000, masked=14.790%, segments=504, elapsed=1s
[2026-07-27 20:01:01] eval 030 galaxy 7/20 NGC4532: coverage=1.000, masked=21.951%, segments=821, elapsed=1s
[2026-07-27 20:01:02] eval 030 galaxy 8/20 PGC011677: coverage=0.000, masked=14.596%, segments=407, elapsed=0s
[2026-07-27 20:01:02] eval 030 galaxy 9/20 IC1014: coverage=0.100, masked=10.414%, segments=335, elapsed=0s
[2026-07-27 20:01:04] eval 030 galaxy 10/20 NGC4293: coverage=0.000, masked=18.011%, segments=935, elapsed=2s
[2026-07-27 20:01:05] eval 030 galaxy 11/20 NGC3850: coverage=0.000, masked=11.595%, segments=394, elapsed=1s
[2026-07-27 20:01:07] eval 030: objective=1e+06 coverage=nan min_coverage=nan masked=nan% max_masked=nan% profile_affected=nan% max_bridge=nanarcsec status=error elapsed=14s remaining=50, rough_eta=19m 40s, expected_completion=2026-07-27 20:20:47
[2026-07-27 20:01:07] eval 031 trial 30 starting (31/80); params=thresh=2.553, minarea=42, deblend=25/0.00026, back=24, filter=1, dilation=2, max_area=4456, max_elongation=10.103
[2026-07-27 20:01:07] eval 031 galaxy 1/20 NGC2500: coverage=0.000, masked=3.274%, segments=138, elapsed=0s
[2026-07-27 20:01:08] eval 031 galaxy 2/20 NGC4204: coverage=0.465, masked=0.889%, segments=206, elapsed=1s
[2026-07-27 20:01:09] eval 031 galaxy 3/20 NGC4496A: coverage=1.000, masked=1.707%, segments=107, elapsed=0s
[2026-07-27 20:01:09] eval 031 galaxy 4/20 UGC06840: coverage=0.078, masked=0.614%, segments=36, elapsed=1s
[2026-07-27 20:01:10] eval 031 galaxy 5/20 NGC4123: coverage=0.600, masked=0.920%, segments=72, elapsed=0s
[2026-07-27 20:01:10] eval 031 galaxy 6/20 UGC09245: coverage=1.000, masked=1.290%, segments=72, elapsed=0s
[2026-07-27 20:01:11] eval 031 galaxy 7/20 NGC4532: coverage=0.000, masked=2.161%, segments=138, elapsed=0s
[2026-07-27 20:01:11] eval 031 galaxy 8/20 PGC011677: coverage=0.385, masked=1.209%, segments=69, elapsed=0s
[2026-07-27 20:01:11] eval 031 galaxy 9/20 IC1014: coverage=1.000, masked=1.137%, segments=51, elapsed=0s
[2026-07-27 20:01:12] eval 031 galaxy 10/20 NGC4293: coverage=0.250, masked=2.164%, segments=193, elapsed=1s
[2026-07-27 20:01:12] eval 031 galaxy 11/20 NGC3850: coverage=0.400, masked=1.321%, segments=62, elapsed=0s
[2026-07-27 20:01:14] eval 031 galaxy 12/20 NGC2903: coverage=0.750, masked=3.612%, segments=705, elapsed=2s
[2026-07-27 20:01:15] eval 031 galaxy 13/20 UGC06682: coverage=0.000, masked=1.075%, segments=63, elapsed=0s
[2026-07-27 20:01:15] eval 031 galaxy 14/20 IC3521: coverage=1.000, masked=0.801%, segments=63, elapsed=0s
[2026-07-27 20:01:16] eval 031 galaxy 15/20 IC1954: coverage=1.000, masked=2.298%, segments=96, elapsed=0s
[2026-07-27 20:01:16] eval 031 galaxy 16/20 NGC6237: coverage=0.680, masked=1.256%, segments=72, elapsed=0s
[2026-07-27 20:01:16] eval 031 galaxy 17/20 NGC3185: coverage=1.000, masked=1.404%, segments=100, elapsed=1s
[2026-07-27 20:01:18] eval 031 galaxy 18/20 NGC3992: coverage=0.500, masked=1.455%, segments=334, elapsed=2s
[2026-07-27 20:01:19] eval 031 galaxy 19/20 PGC051523: coverage=0.000, masked=0.691%, segments=70, elapsed=0s
[2026-07-27 20:01:19] eval 031 galaxy 20/20 NGC3264: coverage=1.000, masked=0.488%, segments=48, elapsed=1s
[2026-07-27 20:01:19] eval 031: objective=23.916 coverage=0.555 min_coverage=0.000 masked=1.488% max_masked=3.612% profile_affected=29.860% max_bridge=156.58arcsec status=ok elapsed=12s remaining=49, rough_eta=18m 59s, expected_completion=2026-07-27 20:20:18
[2026-07-27 20:01:19] eval 032 trial 31 starting (32/80); params=thresh=1.898, minarea=43, deblend=44/0.00002, back=32, filter=1, dilation=3, max_area=7037, max_elongation=19.457
[2026-07-27 20:01:20] eval 032 galaxy 1/20 NGC2500: coverage=1.000, masked=6.384%, segments=239, elapsed=0s
[2026-07-27 20:01:21] eval 032 galaxy 2/20 NGC4204: coverage=0.465, masked=1.759%, segments=316, elapsed=1s
[2026-07-27 20:01:22] eval 032 galaxy 3/20 NGC4496A: coverage=1.000, masked=3.125%, segments=173, elapsed=0s
[2026-07-27 20:01:22] eval 032 galaxy 4/20 UGC06840: coverage=0.141, masked=1.116%, segments=72, elapsed=1s
[2026-07-27 20:01:23] eval 032 galaxy 5/20 NGC4123: coverage=0.600, masked=1.941%, segments=132, elapsed=1s
[2026-07-27 20:01:23] eval 032 galaxy 6/20 UGC09245: coverage=1.000, masked=2.596%, segments=116, elapsed=0s
[2026-07-27 20:01:24] eval 032 galaxy 7/20 NGC4532: coverage=1.000, masked=4.410%, segments=200, elapsed=0s
[2026-07-27 20:01:24] eval 032 galaxy 8/20 PGC011677: coverage=0.385, masked=2.592%, segments=100, elapsed=0s
[2026-07-27 20:01:24] eval 032 galaxy 9/20 IC1014: coverage=1.000, masked=2.250%, segments=97, elapsed=0s
[2026-07-27 20:01:25] eval 032 galaxy 10/20 NGC4293: coverage=1.000, masked=4.746%, segments=326, elapsed=1s
[2026-07-27 20:01:25] eval 032 galaxy 11/20 NGC3850: coverage=0.667, masked=2.549%, segments=108, elapsed=0s
[2026-07-27 20:01:29] eval 032 galaxy 12/20 NGC2903: coverage=0.750, masked=6.362%, segments=1107, elapsed=3s
[2026-07-27 20:01:29] eval 032 galaxy 13/20 UGC06682: coverage=0.000, masked=2.036%, segments=95, elapsed=0s
[2026-07-27 20:01:30] eval 032 galaxy 14/20 IC3521: coverage=1.000, masked=1.527%, segments=113, elapsed=1s
[2026-07-27 20:01:30] eval 032 galaxy 15/20 IC1954: coverage=1.000, masked=4.097%, segments=172, elapsed=0s
[2026-07-27 20:01:30] eval 032 galaxy 16/20 NGC6237: coverage=0.720, masked=3.888%, segments=149, elapsed=0s
[2026-07-27 20:01:31] eval 032 galaxy 17/20 NGC3185: coverage=1.000, masked=4.034%, segments=207, elapsed=1s
[2026-07-27 20:01:33] eval 032 galaxy 18/20 NGC3992: coverage=1.000, masked=2.461%, segments=510, elapsed=2s
[2026-07-27 20:01:34] eval 032 galaxy 19/20 PGC051523: coverage=0.000, masked=1.780%, segments=120, elapsed=0s
[2026-07-27 20:01:34] eval 032 galaxy 20/20 NGC3264: coverage=1.000, masked=1.137%, segments=91, elapsed=1s
[2026-07-27 20:01:34] eval 032: objective=20.669 coverage=0.736 min_coverage=0.000 masked=3.039% max_masked=6.384% profile_affected=52.129% max_bridge=195.73arcsec status=ok elapsed=15s remaining=48, rough_eta=18m 23s, expected_completion=2026-07-27 20:19:57
[2026-07-27 20:01:34] eval 033 trial 32 starting (33/80); params=thresh=2.135, minarea=46, deblend=53/0.00002, back=32, filter=1, dilation=3, max_area=5772, max_elongation=22.201
[2026-07-27 20:01:35] eval 033 galaxy 1/20 NGC2500: coverage=1.000, masked=5.855%, segments=219, elapsed=0s
[2026-07-27 20:01:36] eval 033 galaxy 2/20 NGC4204: coverage=0.465, masked=1.405%, segments=242, elapsed=1s
[2026-07-27 20:01:37] eval 033 galaxy 3/20 NGC4496A: coverage=1.000, masked=2.684%, segments=142, elapsed=0s
[2026-07-27 20:01:37] eval 033 galaxy 4/20 UGC06840: coverage=0.078, masked=0.942%, segments=53, elapsed=1s
[2026-07-27 20:01:38] eval 033 galaxy 5/20 NGC4123: coverage=0.600, masked=1.691%, segments=115, elapsed=1s
[2026-07-27 20:01:38] eval 033 galaxy 6/20 UGC09245: coverage=1.000, masked=2.081%, segments=86, elapsed=0s
[2026-07-27 20:01:39] eval 033 galaxy 7/20 NGC4532: coverage=1.000, masked=3.845%, segments=162, elapsed=0s
[2026-07-27 20:01:39] eval 033 galaxy 8/20 PGC011677: coverage=0.385, masked=2.063%, segments=82, elapsed=0s
[2026-07-27 20:01:39] eval 033 galaxy 9/20 IC1014: coverage=1.000, masked=1.860%, segments=76, elapsed=0s
[2026-07-27 20:01:40] eval 033 galaxy 10/20 NGC4293: coverage=0.800, masked=4.073%, segments=251, elapsed=1s
[2026-07-27 20:01:40] eval 033 galaxy 11/20 NGC3850: coverage=0.600, masked=2.241%, segments=88, elapsed=0s
[2026-07-27 20:01:43] eval 033 galaxy 12/20 NGC2903: coverage=0.750, masked=5.395%, segments=858, elapsed=3s
[2026-07-27 20:01:44] eval 033 galaxy 13/20 UGC06682: coverage=0.000, masked=1.709%, segments=77, elapsed=0s
[2026-07-27 20:01:44] eval 033 galaxy 14/20 IC3521: coverage=1.000, masked=1.193%, segments=79, elapsed=1s
[2026-07-27 20:01:45] eval 033 galaxy 15/20 IC1954: coverage=1.000, masked=3.625%, segments=141, elapsed=0s
[2026-07-27 20:01:45] eval 033 galaxy 16/20 NGC6237: coverage=0.720, masked=3.331%, segments=118, elapsed=0s
[2026-07-27 20:01:46] eval 033 galaxy 17/20 NGC3185: coverage=1.000, masked=3.405%, segments=152, elapsed=1s
[2026-07-27 20:01:48] eval 033 galaxy 18/20 NGC3992: coverage=1.000, masked=2.051%, segments=389, elapsed=2s
[2026-07-27 20:01:48] eval 033 galaxy 19/20 PGC051523: coverage=0.000, masked=1.441%, segments=96, elapsed=0s
[2026-07-27 20:01:49] eval 033 galaxy 20/20 NGC3264: coverage=1.000, masked=0.900%, segments=68, elapsed=1s
[2026-07-27 20:01:49] eval 033: objective=21.01 coverage=0.720 min_coverage=0.000 masked=2.589% max_masked=5.855% profile_affected=50.994% max_bridge=167.59arcsec status=ok elapsed=14s remaining=47, rough_eta=17m 48s, expected_completion=2026-07-27 20:19:37
[2026-07-27 20:01:49] eval 034 trial 33 starting (34/80); params=thresh=1.557, minarea=36, deblend=41/0.00002, back=32, filter=1, dilation=3, max_area=6486, max_elongation=26.670
[2026-07-27 20:01:50] eval 034 galaxy 1/20 NGC2500: coverage=1.000, masked=8.455%, segments=355, elapsed=1s
[2026-07-27 20:01:51] eval 034 galaxy 2/20 NGC4204: coverage=0.558, masked=2.736%, segments=564, elapsed=2s
[2026-07-27 20:01:52] eval 034 galaxy 3/20 NGC4496A: coverage=1.000, masked=4.473%, segments=284, elapsed=0s
[2026-07-27 20:01:52] eval 034 galaxy 4/20 UGC06840: coverage=0.156, masked=1.794%, segments=151, elapsed=1s
[2026-07-27 20:01:53] eval 034 galaxy 5/20 NGC4123: coverage=0.600, masked=2.774%, segments=214, elapsed=1s
[2026-07-27 20:01:53] eval 034 galaxy 6/20 UGC09245: coverage=1.000, masked=3.886%, segments=199, elapsed=0s
[2026-07-27 20:01:54] eval 034 galaxy 7/20 NGC4532: coverage=1.000, masked=5.909%, segments=307, elapsed=1s
[2026-07-27 20:01:54] eval 034 galaxy 8/20 PGC011677: coverage=0.385, masked=4.045%, segments=174, elapsed=0s
[2026-07-27 20:01:54] eval 034 galaxy 9/20 IC1014: coverage=1.000, masked=3.175%, segments=152, elapsed=0s
[2026-07-27 20:01:55] eval 034 galaxy 10/20 NGC4293: coverage=1.000, masked=6.410%, segments=527, elapsed=1s
[2026-07-27 20:01:56] eval 034 galaxy 11/20 NGC3850: coverage=0.800, masked=3.803%, segments=191, elapsed=0s
[2026-07-27 20:02:01] eval 034 galaxy 12/20 NGC2903: coverage=0.750, masked=8.897%, segments=1812, elapsed=6s
[2026-07-27 20:02:02] eval 034 galaxy 13/20 UGC06682: coverage=0.833, masked=3.298%, segments=182, elapsed=0s
[2026-07-27 20:02:02] eval 034 galaxy 14/20 IC3521: coverage=1.000, masked=2.447%, segments=216, elapsed=1s
[2026-07-27 20:02:02] eval 034 galaxy 15/20 IC1954: coverage=0.800, masked=5.481%, segments=253, elapsed=0s
[2026-07-27 20:02:03] eval 034 galaxy 16/20 NGC6237: coverage=1.000, masked=5.195%, segments=228, elapsed=0s
[2026-07-27 20:02:04] eval 034 galaxy 17/20 NGC3185: coverage=0.500, masked=5.433%, segments=336, elapsed=1s
[2026-07-27 20:02:06] eval 034 galaxy 18/20 NGC3992: coverage=1.000, masked=3.550%, segments=833, elapsed=2s
[2026-07-27 20:02:06] eval 034 galaxy 19/20 PGC051523: coverage=0.000, masked=2.523%, segments=189, elapsed=0s
[2026-07-27 20:02:07] eval 034 galaxy 20/20 NGC3264: coverage=1.000, masked=1.799%, segments=168, elapsed=1s
[2026-07-27 20:02:07] eval 034: objective=20.011 coverage=0.769 min_coverage=0.000 masked=4.304% max_masked=8.897% profile_affected=54.959% max_bridge=201.84arcsec status=ok elapsed=18s remaining=46, rough_eta=17m 19s, expected_completion=2026-07-27 20:19:26
[2026-07-27 20:02:07] eval 035 trial 34 starting (35/80); params=thresh=1.199, minarea=36, deblend=33/0.00001, back=32, filter=1, dilation=4, max_area=6163, max_elongation=26.542
[2026-07-27 20:02:08] eval 035 galaxy 1/20 NGC2500: coverage=1.000, masked=11.732%, segments=458, elapsed=1s
[2026-07-27 20:02:10] eval 035 galaxy 2/20 NGC4204: coverage=0.767, masked=4.694%, segments=791, elapsed=2s
[2026-07-27 20:02:10] eval 035 galaxy 3/20 NGC4496A: coverage=1.000, masked=7.110%, segments=386, elapsed=1s
[2026-07-27 20:02:11] eval 035 galaxy 4/20 UGC06840: coverage=0.234, masked=3.045%, segments=221, elapsed=1s
[2026-07-27 20:02:11] eval 035 galaxy 5/20 NGC4123: coverage=0.600, masked=4.474%, segments=298, elapsed=1s
[2026-07-27 20:02:12] eval 035 galaxy 6/20 UGC09245: coverage=1.000, masked=7.038%, segments=297, elapsed=0s
[2026-07-27 20:02:12] eval 035 galaxy 7/20 NGC4532: coverage=0.000, masked=8.638%, segments=408, elapsed=1s
[2026-07-27 20:02:13] eval 035 galaxy 8/20 PGC011677: coverage=0.385, masked=7.542%, segments=259, elapsed=0s
[2026-07-27 20:02:13] eval 035 galaxy 9/20 IC1014: coverage=1.000, masked=5.011%, segments=204, elapsed=0s
[2026-07-27 20:02:14] eval 035 galaxy 10/20 NGC4293: coverage=0.750, masked=9.820%, segments=676, elapsed=1s
[2026-07-27 20:02:15] eval 035 galaxy 11/20 NGC3850: coverage=1.000, masked=6.125%, segments=265, elapsed=0s
[2026-07-27 20:02:22] eval 035 galaxy 12/20 NGC2903: coverage=0.750, masked=13.537%, segments=2435, elapsed=7s
[2026-07-27 20:02:22] eval 035 galaxy 13/20 UGC06682: coverage=0.750, masked=5.712%, segments=254, elapsed=0s
[2026-07-27 20:02:23] eval 035 galaxy 14/20 IC3521: coverage=1.000, masked=3.989%, segments=281, elapsed=1s
[2026-07-27 20:02:23] eval 035 galaxy 15/20 IC1954: coverage=1.000, masked=8.113%, segments=339, elapsed=0s
[2026-07-27 20:02:24] eval 035 galaxy 16/20 NGC6237: coverage=1.000, masked=7.619%, segments=295, elapsed=0s
[2026-07-27 20:02:25] eval 035 galaxy 17/20 NGC3185: coverage=1.000, masked=8.283%, segments=446, elapsed=1s
[2026-07-27 20:02:28] eval 035 galaxy 18/20 NGC3992: coverage=1.000, masked=5.566%, segments=1126, elapsed=3s
[2026-07-27 20:02:28] eval 035 galaxy 19/20 PGC051523: coverage=0.000, masked=4.825%, segments=280, elapsed=0s
[2026-07-27 20:02:29] eval 035 galaxy 20/20 NGC3264: coverage=1.000, masked=3.157%, segments=241, elapsed=1s
[2026-07-27 20:02:29] eval 035: objective=20.325 coverage=0.762 min_coverage=0.000 masked=6.802% max_masked=13.537% profile_affected=55.710% max_bridge=181.05arcsec status=ok elapsed=21s remaining=45, rough_eta=16m 55s, expected_completion=2026-07-27 20:19:23
[2026-07-27 20:02:29] eval 036 trial 35 starting (36/80); params=thresh=1.162, minarea=30, deblend=33/0.00003, back=32, filter=1, dilation=4, max_area=5288, max_elongation=27.583
[2026-07-27 20:02:29] eval 036 galaxy 1/20 NGC2500: coverage=1.000, masked=13.025%, segments=483, elapsed=1s
[2026-07-27 20:02:31] eval 036 galaxy 2/20 NGC4204: coverage=0.767, masked=5.899%, segments=1079, elapsed=2s
[2026-07-27 20:02:32] eval 036 galaxy 3/20 NGC4496A: coverage=1.000, masked=8.663%, segments=511, elapsed=1s
[2026-07-27 20:02:33] eval 036 galaxy 4/20 UGC06840: coverage=0.391, masked=3.719%, segments=284, elapsed=1s
[2026-07-27 20:02:33] eval 036 galaxy 5/20 NGC4123: coverage=0.600, masked=5.527%, segments=383, elapsed=1s
[2026-07-27 20:02:34] eval 036 galaxy 6/20 UGC09245: coverage=1.000, masked=8.883%, segments=407, elapsed=0s
[2026-07-27 20:02:34] eval 036 galaxy 7/20 NGC4532: coverage=0.000, masked=10.740%, segments=581, elapsed=1s
[2026-07-27 20:02:35] eval 036 galaxy 8/20 PGC011677: coverage=0.000, masked=9.192%, segments=339, elapsed=0s
[2026-07-27 20:02:35] eval 036 galaxy 9/20 IC1014: coverage=1.000, masked=6.006%, segments=261, elapsed=0s
[2026-07-27 20:02:36] eval 036 galaxy 10/20 NGC4293: coverage=0.500, masked=10.708%, segments=825, elapsed=1s
[2026-07-27 20:02:37] eval 036 galaxy 11/20 NGC3850: coverage=1.000, masked=7.467%, segments=353, elapsed=0s
[2026-07-27 20:02:45] eval 036 galaxy 12/20 NGC2903: coverage=0.750, masked=16.254%, segments=3103, elapsed=9s
[2026-07-27 20:02:46] eval 036 galaxy 13/20 UGC06682: coverage=0.917, masked=7.091%, segments=350, elapsed=0s
[2026-07-27 20:02:46] eval 036 galaxy 14/20 IC3521: coverage=1.000, masked=5.140%, segments=385, elapsed=1s
[2026-07-27 20:02:47] eval 036 galaxy 15/20 IC1954: coverage=1.000, masked=9.550%, segments=404, elapsed=1s
[2026-07-27 20:02:48] eval 036 galaxy 16/20 NGC6237: coverage=1.000, masked=8.510%, segments=365, elapsed=1s
[2026-07-27 20:02:48] eval 036 galaxy 17/20 NGC3185: coverage=1.000, masked=9.705%, segments=553, elapsed=1s
[2026-07-27 20:02:52] eval 036 galaxy 18/20 NGC3992: coverage=1.000, masked=6.842%, segments=1509, elapsed=4s
[2026-07-27 20:02:52] eval 036 galaxy 19/20 PGC051523: coverage=0.000, masked=6.058%, segments=385, elapsed=1s
[2026-07-27 20:02:53] eval 036 galaxy 20/20 NGC3264: coverage=1.000, masked=3.993%, segments=328, elapsed=1s
[2026-07-27 20:02:53] eval 036: objective=32.073 coverage=0.746 min_coverage=0.000 masked=8.149% max_masked=16.254% profile_affected=57.141% max_bridge=181.05arcsec status=ok elapsed=24s remaining=44, rough_eta=16m 34s, expected_completion=2026-07-27 20:19:27
[2026-07-27 20:02:53] eval 037 trial 36 starting (37/80); params=thresh=1.560, minarea=36, deblend=25/0.00009, back=16, filter=5, dilation=4, max_area=4635, max_elongation=26.416
[2026-07-27 20:02:54] eval 037 galaxy 1/20 NGC2500: coverage=1.000, masked=9.618%, segments=356, elapsed=0s
[2026-07-27 20:02:56] eval 037 galaxy 2/20 NGC4204: coverage=0.581, masked=3.693%, segments=645, elapsed=2s
[2026-07-27 20:02:56] eval 037 galaxy 3/20 NGC4496A: coverage=1.000, masked=6.849%, segments=375, elapsed=1s
[2026-07-27 20:02:57] eval 037 galaxy 4/20 UGC06840: coverage=0.078, masked=2.103%, segments=155, elapsed=1s
[2026-07-27 20:02:57] eval 037 galaxy 5/20 NGC4123: coverage=0.400, masked=3.093%, segments=209, elapsed=1s
[2026-07-27 20:02:58] eval 037 galaxy 6/20 UGC09245: coverage=1.000, masked=5.546%, segments=237, elapsed=0s
[2026-07-27 20:02:58] eval 037 galaxy 7/20 NGC4532: coverage=1.000, masked=8.867%, segments=438, elapsed=1s
[2026-07-27 20:02:59] eval 037 galaxy 8/20 PGC011677: coverage=0.000, masked=5.023%, segments=185, elapsed=0s
[2026-07-27 20:02:59] eval 037 galaxy 9/20 IC1014: coverage=1.000, masked=3.770%, segments=158, elapsed=0s
[2026-07-27 20:03:00] eval 037 galaxy 10/20 NGC4293: coverage=0.250, masked=6.905%, segments=530, elapsed=1s
[2026-07-27 20:03:00] eval 037 galaxy 11/20 NGC3850: coverage=0.000, masked=4.402%, segments=192, elapsed=0s
[2026-07-27 20:03:04] eval 037 galaxy 12/20 NGC2903: coverage=0.750, masked=12.319%, segments=2231, elapsed=4s
[2026-07-27 20:03:05] eval 037 galaxy 13/20 UGC06682: coverage=0.000, masked=4.456%, segments=208, elapsed=0s
[2026-07-27 20:03:05] eval 037 galaxy 14/20 IC3521: coverage=1.000, masked=3.202%, segments=236, elapsed=1s
[2026-07-27 20:03:06] eval 037 galaxy 15/20 IC1954: coverage=1.000, masked=6.016%, segments=251, elapsed=0s
[2026-07-27 20:03:06] eval 037 galaxy 16/20 NGC6237: coverage=1.000, masked=5.112%, segments=230, elapsed=0s
[2026-07-27 20:03:07] eval 037 galaxy 17/20 NGC3185: coverage=1.000, masked=4.844%, segments=305, elapsed=1s
[2026-07-27 20:03:09] eval 037 galaxy 18/20 NGC3992: coverage=1.000, masked=4.998%, segments=1054, elapsed=2s
[2026-07-27 20:03:10] eval 037 galaxy 19/20 PGC051523: coverage=0.000, masked=3.537%, segments=228, elapsed=0s
[2026-07-27 20:03:10] eval 037 galaxy 20/20 NGC3264: coverage=1.000, masked=2.183%, segments=168, elapsed=1s
[2026-07-27 20:03:10] eval 037: objective=22.2 coverage=0.653 min_coverage=0.000 masked=5.327% max_masked=12.319% profile_affected=41.215% max_bridge=181.05arcsec status=ok elapsed=17s remaining=43, rough_eta=16m 05s, expected_completion=2026-07-27 20:19:16
[2026-07-27 20:03:10] eval 038 trial 37 starting (38/80); params=thresh=0.832, minarea=25, deblend=39/0.00004, back=32, filter=1, dilation=4, max_area=3685, max_elongation=29.863
[2026-07-27 20:03:11] eval 038 galaxy 1/20 NGC2500: coverage=1.000, masked=18.987%, segments=826, elapsed=1s
[2026-07-27 20:03:14] eval 038 galaxy 2/20 NGC4204: coverage=0.767, masked=10.250%, segments=2013, elapsed=3s
[2026-07-27 20:03:15] eval 038 galaxy 3/20 NGC4496A: coverage=1.000, masked=13.038%, segments=812, elapsed=1s
[2026-07-27 20:03:16] eval 038 galaxy 4/20 UGC06840: coverage=0.469, masked=6.508%, segments=539, elapsed=1s
[2026-07-27 20:03:16] eval 038 galaxy 5/20 NGC4123: coverage=0.800, masked=9.315%, segments=679, elapsed=1s
[2026-07-27 20:03:17] eval 038 galaxy 6/20 UGC09245: coverage=1.000, masked=15.183%, segments=755, elapsed=1s
[2026-07-27 20:03:18] eval 038 galaxy 7/20 NGC4532: coverage=0.000, masked=16.305%, segments=1025, elapsed=1s
[2026-07-27 20:03:18] eval 038 galaxy 8/20 PGC011677: coverage=0.385, masked=15.110%, segments=614, elapsed=0s
[2026-07-27 20:03:19] eval 038 galaxy 9/20 IC1014: coverage=1.000, masked=9.783%, segments=469, elapsed=0s
[2026-07-27 20:03:20] eval 038 galaxy 10/20 NGC4293: coverage=0.250, masked=15.782%, segments=1388, elapsed=2s
[2026-07-27 20:03:21] eval 038 galaxy 11/20 NGC3850: coverage=1.000, masked=11.799%, segments=604, elapsed=1s
[2026-07-27 20:03:34] eval 038 galaxy 12/20 NGC2903: coverage=0.750, masked=24.096%, segments=5200, elapsed=14s
[2026-07-27 20:03:35] eval 038 galaxy 13/20 UGC06682: coverage=1.000, masked=11.919%, segments=646, elapsed=1s
[2026-07-27 20:03:36] eval 038 galaxy 14/20 IC3521: coverage=1.000, masked=8.843%, segments=729, elapsed=1s
[2026-07-27 20:03:36] eval 038 galaxy 15/20 IC1954: coverage=1.000, masked=14.916%, segments=706, elapsed=1s
[2026-07-27 20:03:37] eval 038 galaxy 16/20 NGC6237: coverage=1.000, masked=14.379%, segments=691, elapsed=1s
[2026-07-27 20:03:38] eval 038 galaxy 17/20 NGC3185: coverage=0.500, masked=14.855%, segments=989, elapsed=1s
[2026-07-27 20:03:43] eval 038 galaxy 18/20 NGC3992: coverage=1.000, masked=11.666%, segments=2852, elapsed=6s
[2026-07-27 20:03:44] eval 038 galaxy 19/20 PGC051523: coverage=0.000, masked=10.116%, segments=683, elapsed=1s
[2026-07-27 20:03:45] eval 038 galaxy 20/20 NGC3264: coverage=1.000, masked=7.278%, segments=654, elapsed=1s
[2026-07-27 20:03:45] eval 038: objective=40.297 coverage=0.746 min_coverage=0.000 masked=13.006% max_masked=24.096% profile_affected=61.890% max_bridge=181.05arcsec status=ok elapsed=34s remaining=42, rough_eta=15m 56s, expected_completion=2026-07-27 20:19:41
[2026-07-27 20:03:45] eval 039 trial 38 starting (39/80); params=thresh=0.581, minarea=36, deblend=34/0.00002, back=32, filter=1, dilation=2, max_area=6043, max_elongation=27.574
[2026-07-27 20:03:46] eval 039 galaxy 1/20 NGC2500: coverage=1.000, masked=14.599%, segments=763, elapsed=1s
[2026-07-27 20:03:51] eval 039 galaxy 2/20 NGC4204: coverage=0.767, masked=6.606%, segments=1723, elapsed=5s
[2026-07-27 20:03:52] eval 039 galaxy 3/20 NGC4496A: coverage=1.000, masked=9.413%, segments=726, elapsed=1s
[2026-07-27 20:03:53] eval 039 galaxy 4/20 UGC06840: coverage=0.469, masked=4.437%, segments=469, elapsed=1s
[2026-07-27 20:03:54] eval 039 galaxy 5/20 NGC4123: coverage=0.800, masked=6.373%, segments=614, elapsed=1s
[2026-07-27 20:03:55] eval 039 galaxy 6/20 UGC09245: coverage=1.000, masked=9.502%, segments=626, elapsed=1s
[2026-07-27 20:03:56] eval 039 galaxy 7/20 NGC4532: coverage=1.000, masked=11.960%, segments=875, elapsed=1s
[2026-07-27 20:03:57] eval 039 galaxy 8/20 PGC011677: coverage=0.385, masked=9.972%, segments=537, elapsed=1s
[2026-07-27 20:03:57] eval 039 galaxy 9/20 IC1014: coverage=1.000, masked=6.728%, segments=422, elapsed=1s
[2026-07-27 20:04:00] eval 039 galaxy 10/20 NGC4293: coverage=0.700, masked=12.480%, segments=1299, elapsed=2s
[2026-07-27 20:04:00] eval 039 galaxy 11/20 NGC3850: coverage=0.733, masked=8.223%, segments=549, elapsed=1s
[2026-07-27 20:04:23] eval 039 galaxy 12/20 NGC2903: coverage=0.750, masked=17.530%, segments=4579, elapsed=23s
[2026-07-27 20:04:24] eval 039 galaxy 13/20 UGC06682: coverage=1.000, masked=7.768%, segments=551, elapsed=1s
[2026-07-27 20:04:24] eval 039 galaxy 14/20 IC3521: coverage=1.000, masked=5.811%, segments=628, elapsed=1s
[2026-07-27 20:04:25] eval 039 galaxy 15/20 IC1954: coverage=0.000, masked=10.717%, segments=638, elapsed=1s
[2026-07-27 20:04:26] eval 039 galaxy 16/20 NGC6237: coverage=1.000, masked=9.787%, segments=606, elapsed=1s
[2026-07-27 20:04:28] eval 039 galaxy 17/20 NGC3185: coverage=1.000, masked=11.168%, segments=880, elapsed=1s
[2026-07-27 20:04:37] eval 039 galaxy 18/20 NGC3992: coverage=1.000, masked=8.059%, segments=2509, elapsed=9s
[2026-07-27 20:04:37] eval 039 galaxy 19/20 PGC051523: coverage=0.000, masked=6.465%, segments=587, elapsed=1s
[2026-07-27 20:04:38] eval 039 galaxy 20/20 NGC3264: coverage=1.000, masked=4.666%, segments=550, elapsed=1s
[2026-07-27 20:04:38] eval 039: objective=32.479 coverage=0.780 min_coverage=0.000 masked=9.113% max_masked=17.530% profile_affected=57.032% max_bridge=161.47arcsec status=ok elapsed=53s remaining=41, rough_eta=16m 05s, expected_completion=2026-07-27 20:20:44
[2026-07-27 20:04:38] eval 040 trial 39 starting (40/80); params=thresh=1.467, minarea=29, deblend=25/0.00003, back=48, filter=1, dilation=3, max_area=3868, max_elongation=25.463
[2026-07-27 20:04:39] eval 040 galaxy 1/20 NGC2500: coverage=1.000, masked=10.473%, segments=414, elapsed=1s
[2026-07-27 20:04:40] eval 040 galaxy 2/20 NGC4204: coverage=0.767, masked=3.681%, segments=832, elapsed=1s
[2026-07-27 20:04:41] eval 040 galaxy 3/20 NGC4496A: coverage=1.000, masked=6.122%, segments=394, elapsed=0s
[2026-07-27 20:04:41] eval 040 galaxy 4/20 UGC06840: coverage=0.297, masked=2.716%, segments=233, elapsed=1s
[2026-07-27 20:04:42] eval 040 galaxy 5/20 NGC4123: coverage=0.600, masked=4.347%, segments=344, elapsed=1s
[2026-07-27 20:04:42] eval 040 galaxy 6/20 UGC09245: coverage=1.000, masked=6.239%, segments=353, elapsed=0s
[2026-07-27 20:04:43] eval 040 galaxy 7/20 NGC4532: coverage=0.000, masked=6.961%, segments=456, elapsed=1s
[2026-07-27 20:04:43] eval 040 galaxy 8/20 PGC011677: coverage=0.308, masked=6.231%, segments=294, elapsed=0s
[2026-07-27 20:04:44] eval 040 galaxy 9/20 IC1014: coverage=1.000, masked=4.450%, segments=223, elapsed=0s
[2026-07-27 20:04:44] eval 040 galaxy 10/20 NGC4293: coverage=0.000, masked=7.365%, segments=722, elapsed=1s
[2026-07-27 20:04:45] eval 040 galaxy 11/20 NGC3850: coverage=1.000, masked=5.551%, segments=307, elapsed=0s
[2026-07-27 20:04:50] eval 040 galaxy 12/20 NGC2903: coverage=0.500, masked=11.606%, segments=2475, elapsed=5s
[2026-07-27 20:04:50] eval 040 galaxy 13/20 UGC06682: coverage=0.833, masked=4.777%, segments=295, elapsed=0s
[2026-07-27 20:04:51] eval 040 galaxy 14/20 IC3521: coverage=1.000, masked=3.872%, segments=348, elapsed=1s
[2026-07-27 20:04:51] eval 040 galaxy 15/20 IC1954: coverage=0.000, masked=7.830%, segments=356, elapsed=0s
[2026-07-27 20:04:52] eval 040 galaxy 16/20 NGC6237: coverage=1.000, masked=6.122%, segments=323, elapsed=0s
[2026-07-27 20:04:52] eval 040 galaxy 17/20 NGC3185: coverage=0.500, masked=6.307%, segments=479, elapsed=1s
[2026-07-27 20:04:55] eval 040 galaxy 18/20 NGC3992: coverage=0.500, masked=4.851%, segments=1204, elapsed=2s
[2026-07-27 20:04:55] eval 040 galaxy 19/20 PGC051523: coverage=0.000, masked=3.931%, segments=323, elapsed=0s
[2026-07-27 20:04:56] eval 040 galaxy 20/20 NGC3264: coverage=1.000, masked=2.760%, segments=275, elapsed=1s
[2026-07-27 20:04:56] eval 040: objective=23.415 coverage=0.615 min_coverage=0.000 masked=5.810% max_masked=11.606% profile_affected=47.058% max_bridge=111.00arcsec status=ok elapsed=17s remaining=40, rough_eta=15m 36s, expected_completion=2026-07-27 20:20:32
[2026-07-27 20:04:56] eval 041 trial 40 starting (41/80); params=thresh=1.160, minarea=22, deblend=39/0.00006, back=16, filter=7, dilation=4, max_area=5496, max_elongation=18.356
[2026-07-27 20:04:57] eval 041 galaxy 1/20 NGC2500: coverage=1.000, masked=15.610%, segments=633, elapsed=1s
[2026-07-27 20:04:59] eval 041 galaxy 2/20 NGC4204: coverage=0.581, masked=7.557%, segments=1450, elapsed=2s
[2026-07-27 20:04:59] eval 041 galaxy 3/20 NGC4496A: coverage=1.000, masked=11.877%, segments=661, elapsed=1s
[2026-07-27 20:05:00] eval 041 galaxy 4/20 UGC06840: coverage=0.156, masked=3.957%, segments=313, elapsed=1s
[2026-07-27 20:05:01] eval 041 galaxy 5/20 NGC4123: coverage=0.600, masked=6.111%, segments=441, elapsed=1s
[2026-07-27 20:05:01] eval 041 galaxy 6/20 UGC09245: coverage=1.000, masked=10.826%, segments=497, elapsed=0s
[2026-07-27 20:05:02] eval 041 galaxy 7/20 NGC4532: coverage=1.000, masked=15.220%, segments=828, elapsed=1s
[2026-07-27 20:05:02] eval 041 galaxy 8/20 PGC011677: coverage=0.000, masked=9.935%, segments=380, elapsed=0s
[2026-07-27 20:05:03] eval 041 galaxy 9/20 IC1014: coverage=1.000, masked=6.640%, segments=297, elapsed=0s
[2026-07-27 20:05:04] eval 041 galaxy 10/20 NGC4293: coverage=0.500, masked=12.120%, segments=986, elapsed=1s
[2026-07-27 20:05:04] eval 041 galaxy 11/20 NGC3850: coverage=0.733, masked=8.083%, segments=382, elapsed=0s
[2026-07-27 20:05:12] eval 041 galaxy 12/20 NGC2903: coverage=0.750, masked=20.300%, segments=3857, elapsed=8s
[2026-07-27 20:05:12] eval 041 galaxy 13/20 UGC06682: coverage=0.583, masked=8.199%, segments=399, elapsed=0s
[2026-07-27 20:05:13] eval 041 galaxy 14/20 IC3521: coverage=1.000, masked=6.246%, segments=477, elapsed=1s
[2026-07-27 20:05:13] eval 041 galaxy 15/20 IC1954: coverage=1.000, masked=10.818%, segments=502, elapsed=0s
[2026-07-27 20:05:14] eval 041 galaxy 16/20 NGC6237: coverage=1.000, masked=9.311%, segments=443, elapsed=0s
[2026-07-27 20:05:15] eval 041 galaxy 17/20 NGC3185: coverage=0.700, masked=9.178%, segments=615, elapsed=1s
[2026-07-27 20:05:18] eval 041 galaxy 18/20 NGC3992: coverage=1.000, masked=9.469%, segments=2195, elapsed=4s
[2026-07-27 20:05:19] eval 041 galaxy 19/20 PGC051523: coverage=0.000, masked=6.932%, segments=455, elapsed=1s
[2026-07-27 20:05:19] eval 041 galaxy 20/20 NGC3264: coverage=1.000, masked=4.524%, segments=372, elapsed=1s
[2026-07-27 20:05:19] eval 041: objective=36.058 coverage=0.730 min_coverage=0.000 masked=9.646% max_masked=20.300% profile_affected=46.870% max_bridge=181.05arcsec status=ok elapsed=23s remaining=39, rough_eta=15m 12s, expected_completion=2026-07-27 20:20:32
[2026-07-27 20:05:19] eval 042 trial 41 starting (42/80); params=thresh=1.672, minarea=41, deblend=46/0.00001, back=32, filter=1, dilation=3, max_area=6512, max_elongation=22.286
[2026-07-27 20:05:20] eval 042 galaxy 1/20 NGC2500: coverage=1.000, masked=7.477%, segments=296, elapsed=0s
[2026-07-27 20:05:21] eval 042 galaxy 2/20 NGC4204: coverage=0.465, masked=2.202%, segments=422, elapsed=1s
[2026-07-27 20:05:22] eval 042 galaxy 3/20 NGC4496A: coverage=1.000, masked=3.773%, segments=221, elapsed=0s
[2026-07-27 20:05:22] eval 042 galaxy 4/20 UGC06840: coverage=0.078, masked=1.411%, segments=105, elapsed=1s
[2026-07-27 20:05:23] eval 042 galaxy 5/20 NGC4123: coverage=0.600, masked=2.362%, segments=176, elapsed=1s
[2026-07-27 20:05:23] eval 042 galaxy 6/20 UGC09245: coverage=1.000, masked=3.160%, segments=146, elapsed=0s
[2026-07-27 20:05:24] eval 042 galaxy 7/20 NGC4532: coverage=1.000, masked=5.120%, segments=247, elapsed=0s
[2026-07-27 20:05:24] eval 042 galaxy 8/20 PGC011677: coverage=0.231, masked=3.276%, segments=135, elapsed=0s
[2026-07-27 20:05:24] eval 042 galaxy 9/20 IC1014: coverage=1.000, masked=2.768%, segments=130, elapsed=0s
[2026-07-27 20:05:25] eval 042 galaxy 10/20 NGC4293: coverage=1.000, masked=5.110%, segments=385, elapsed=1s
[2026-07-27 20:05:25] eval 042 galaxy 11/20 NGC3850: coverage=0.933, masked=3.149%, segments=148, elapsed=0s
[2026-07-27 20:05:29] eval 042 galaxy 12/20 NGC2903: coverage=0.750, masked=7.511%, segments=1445, elapsed=4s
[2026-07-27 20:05:29] eval 042 galaxy 13/20 UGC06682: coverage=0.667, masked=2.572%, segments=128, elapsed=0s
[2026-07-27 20:05:30] eval 042 galaxy 14/20 IC3521: coverage=1.000, masked=1.912%, segments=157, elapsed=0s
[2026-07-27 20:05:30] eval 042 galaxy 15/20 IC1954: coverage=1.000, masked=4.738%, segments=207, elapsed=0s
[2026-07-27 20:05:31] eval 042 galaxy 16/20 NGC6237: coverage=0.920, masked=4.494%, segments=191, elapsed=0s
[2026-07-27 20:05:31] eval 042 galaxy 17/20 NGC3185: coverage=1.000, masked=4.661%, segments=263, elapsed=1s
[2026-07-27 20:05:33] eval 042 galaxy 18/20 NGC3992: coverage=1.000, masked=2.924%, segments=636, elapsed=2s
[2026-07-27 20:05:34] eval 042 galaxy 19/20 PGC051523: coverage=0.000, masked=2.178%, segments=151, elapsed=0s
[2026-07-27 20:05:34] eval 042 galaxy 20/20 NGC3264: coverage=1.000, masked=1.423%, segments=117, elapsed=1s
[2026-07-27 20:05:34] eval 042: objective=19.635 coverage=0.782 min_coverage=0.000 masked=3.611% max_masked=7.511% profile_affected=53.794% max_bridge=157.80arcsec status=ok elapsed=15s remaining=38, rough_eta=14m 41s, expected_completion=2026-07-27 20:20:15
[2026-07-27 20:05:34] eval 043 trial 42 starting (43/80); params=thresh=0.697, minarea=40, deblend=51/0.00002, back=32, filter=1, dilation=3, max_area=5977, max_elongation=25.043
[2026-07-27 20:05:35] eval 043 galaxy 1/20 NGC2500: coverage=1.000, masked=14.156%, segments=600, elapsed=1s
[2026-07-27 20:05:38] eval 043 galaxy 2/20 NGC4204: coverage=0.744, masked=6.462%, segments=1249, elapsed=3s
[2026-07-27 20:05:39] eval 043 galaxy 3/20 NGC4496A: coverage=1.000, masked=9.339%, segments=560, elapsed=1s
[2026-07-27 20:05:40] eval 043 galaxy 4/20 UGC06840: coverage=0.312, masked=4.236%, segments=356, elapsed=1s
[2026-07-27 20:05:41] eval 043 galaxy 5/20 NGC4123: coverage=0.600, masked=6.209%, segments=469, elapsed=1s
[2026-07-27 20:05:41] eval 043 galaxy 6/20 UGC09245: coverage=1.000, masked=9.316%, segments=447, elapsed=1s
[2026-07-27 20:05:42] eval 043 galaxy 7/20 NGC4532: coverage=1.000, masked=11.836%, segments=663, elapsed=1s
[2026-07-27 20:05:43] eval 043 galaxy 8/20 PGC011677: coverage=0.385, masked=9.720%, segments=386, elapsed=1s
[2026-07-27 20:05:43] eval 043 galaxy 9/20 IC1014: coverage=1.000, masked=6.656%, segments=314, elapsed=0s
[2026-07-27 20:05:45] eval 043 galaxy 10/20 NGC4293: coverage=1.000, masked=12.309%, segments=980, elapsed=2s
[2026-07-27 20:05:46] eval 043 galaxy 11/20 NGC3850: coverage=1.000, masked=8.108%, segments=407, elapsed=1s
[2026-07-27 20:06:02] eval 043 galaxy 12/20 NGC2903: coverage=0.750, masked=17.243%, segments=3473, elapsed=16s
[2026-07-27 20:06:03] eval 043 galaxy 13/20 UGC06682: coverage=1.000, masked=7.564%, segments=396, elapsed=1s
[2026-07-27 20:06:03] eval 043 galaxy 14/20 IC3521: coverage=1.000, masked=5.696%, segments=477, elapsed=1s
[2026-07-27 20:06:04] eval 043 galaxy 15/20 IC1954: coverage=1.000, masked=10.211%, segments=486, elapsed=1s
[2026-07-27 20:06:05] eval 043 galaxy 16/20 NGC6237: coverage=1.000, masked=10.068%, segments=447, elapsed=1s
[2026-07-27 20:06:06] eval 043 galaxy 17/20 NGC3185: coverage=1.000, masked=10.603%, segments=642, elapsed=1s
[2026-07-27 20:06:12] eval 043 galaxy 18/20 NGC3992: coverage=1.000, masked=7.721%, segments=1804, elapsed=6s
[2026-07-27 20:06:12] eval 043 galaxy 19/20 PGC051523: coverage=0.000, masked=6.235%, segments=415, elapsed=1s
[2026-07-27 20:06:13] eval 043 galaxy 20/20 NGC3264: coverage=1.000, masked=4.318%, segments=378, elapsed=1s
[2026-07-27 20:06:13] eval 043: objective=31.072 coverage=0.840 min_coverage=0.000 masked=8.900% max_masked=17.243% profile_affected=62.233% max_bridge=200.62arcsec status=ok elapsed=39s remaining=37, rough_eta=14m 31s, expected_completion=2026-07-27 20:20:44
[2026-07-27 20:06:13] eval 044 trial 43 starting (44/80); params=thresh=1.631, minarea=32, deblend=58/0.00001, back=32, filter=1, dilation=2, max_area=4841, max_elongation=27.973
[2026-07-27 20:06:14] eval 044 galaxy 1/20 NGC2500: coverage=1.000, masked=7.096%, segments=413, elapsed=0s
[2026-07-27 20:06:15] eval 044 galaxy 2/20 NGC4204: coverage=0.581, masked=2.202%, segments=645, elapsed=1s
[2026-07-27 20:06:16] eval 044 galaxy 3/20 NGC4496A: coverage=1.000, masked=3.743%, segments=324, elapsed=0s
[2026-07-27 20:06:16] eval 044 galaxy 4/20 UGC06840: coverage=0.125, masked=1.471%, segments=172, elapsed=1s
[2026-07-27 20:06:17] eval 044 galaxy 5/20 NGC4123: coverage=0.600, masked=2.266%, segments=245, elapsed=1s
[2026-07-27 20:06:17] eval 044 galaxy 6/20 UGC09245: coverage=1.000, masked=3.262%, segments=242, elapsed=0s
[2026-07-27 20:06:17] eval 044 galaxy 7/20 NGC4532: coverage=1.000, masked=4.928%, segments=357, elapsed=1s
[2026-07-27 20:06:18] eval 044 galaxy 8/20 PGC011677: coverage=0.385, masked=3.185%, segments=199, elapsed=0s
[2026-07-27 20:06:18] eval 044 galaxy 9/20 IC1014: coverage=1.000, masked=2.565%, segments=173, elapsed=0s
[2026-07-27 20:06:19] eval 044 galaxy 10/20 NGC4293: coverage=1.000, masked=5.209%, segments=620, elapsed=1s
[2026-07-27 20:06:19] eval 044 galaxy 11/20 NGC3850: coverage=0.733, masked=3.135%, segments=220, elapsed=0s
[2026-07-27 20:06:24] eval 044 galaxy 12/20 NGC2903: coverage=0.750, masked=7.472%, segments=2138, elapsed=4s
[2026-07-27 20:06:24] eval 044 galaxy 13/20 UGC06682: coverage=0.750, masked=2.571%, segments=198, elapsed=0s
[2026-07-27 20:06:24] eval 044 galaxy 14/20 IC3521: coverage=1.000, masked=2.032%, segments=251, elapsed=0s
[2026-07-27 20:06:25] eval 044 galaxy 15/20 IC1954: coverage=1.000, masked=4.677%, segments=293, elapsed=0s
[2026-07-27 20:06:25] eval 044 galaxy 16/20 NGC6237: coverage=0.880, masked=4.293%, segments=256, elapsed=0s
[2026-07-27 20:06:26] eval 044 galaxy 17/20 NGC3185: coverage=1.000, masked=4.543%, segments=383, elapsed=1s
[2026-07-27 20:06:28] eval 044 galaxy 18/20 NGC3992: coverage=1.000, masked=2.885%, segments=974, elapsed=2s
[2026-07-27 20:06:28] eval 044 galaxy 19/20 PGC051523: coverage=0.000, masked=2.012%, segments=218, elapsed=0s
[2026-07-27 20:06:29] eval 044 galaxy 20/20 NGC3264: coverage=1.000, masked=1.443%, segments=188, elapsed=0s
[2026-07-27 20:06:29] eval 044: objective=19.37 coverage=0.790 min_coverage=0.000 masked=3.550% max_masked=7.472% profile_affected=51.932% max_bridge=185.94arcsec status=ok elapsed=16s remaining=36, rough_eta=14m 01s, expected_completion=2026-07-27 20:20:30
[2026-07-27 20:06:29] eval 045 trial 44 starting (45/80); params=thresh=1.617, minarea=31, deblend=60/0.00437, back=96, filter=1, dilation=2, max_area=4732, max_elongation=28.121
[2026-07-27 20:06:30] eval 045 galaxy 1/20 NGC2500: coverage=0.000, masked=3.465%, segments=204, elapsed=1s
[2026-07-27 20:06:31] eval 045 galaxy 2/20 NGC4204: coverage=0.000, masked=2.267%, segments=652, elapsed=1s
[2026-07-27 20:06:32] eval 045 galaxy 3/20 NGC4496A: coverage=0.000, masked=2.802%, segments=244, elapsed=0s
[2026-07-27 20:06:32] eval 045 galaxy 4/20 UGC06840: coverage=0.078, masked=1.526%, segments=218, elapsed=1s
[2026-07-27 20:06:33] eval 045 galaxy 5/20 NGC4123: coverage=0.000, masked=1.888%, segments=209, elapsed=1s
[2026-07-27 20:06:33] eval 045 galaxy 6/20 UGC09245: coverage=0.000, masked=4.123%, segments=272, elapsed=0s
[2026-07-27 20:06:34] eval 045 galaxy 7/20 NGC4532: coverage=0.000, masked=5.292%, segments=379, elapsed=1s
[2026-07-27 20:06:34] eval 045 galaxy 8/20 PGC011677: coverage=0.000, masked=3.611%, segments=208, elapsed=0s
[2026-07-27 20:06:34] eval 045 galaxy 9/20 IC1014: coverage=0.000, masked=2.863%, segments=160, elapsed=0s
[2026-07-27 20:06:35] eval 045 galaxy 10/20 NGC4293: coverage=0.000, masked=4.978%, segments=555, elapsed=1s
[2026-07-27 20:06:36] eval 045 galaxy 11/20 NGC3850: coverage=0.000, masked=2.962%, segments=204, elapsed=0s
[2026-07-27 20:06:41] eval 045 galaxy 12/20 NGC2903: coverage=0.000, masked=5.070%, segments=1411, elapsed=5s
[2026-07-27 20:06:41] eval 045 galaxy 13/20 UGC06682: coverage=0.000, masked=3.380%, segments=237, elapsed=0s
[2026-07-27 20:06:42] eval 045 galaxy 14/20 IC3521: coverage=1.000, masked=2.430%, segments=266, elapsed=1s
[2026-07-27 20:06:42] eval 045 galaxy 15/20 IC1954: coverage=0.000, masked=3.620%, segments=222, elapsed=0s
[2026-07-27 20:06:43] eval 045 galaxy 16/20 NGC6237: coverage=0.200, masked=2.936%, segments=198, elapsed=0s
[2026-07-27 20:06:43] eval 045 galaxy 17/20 NGC3185: coverage=0.000, masked=3.769%, segments=315, elapsed=1s
[2026-07-27 20:06:46] eval 045 galaxy 18/20 NGC3992: coverage=0.000, masked=2.520%, segments=843, elapsed=3s
[2026-07-27 20:06:46] eval 045 galaxy 19/20 PGC051523: coverage=0.000, masked=2.752%, segments=279, elapsed=0s
[2026-07-27 20:06:47] eval 045 galaxy 20/20 NGC3264: coverage=0.000, masked=1.820%, segments=222, elapsed=1s
[2026-07-27 20:06:47] eval 045: objective=34.741 coverage=0.064 min_coverage=0.000 masked=3.204% max_masked=5.292% profile_affected=3.754% max_bridge=69.73arcsec status=ok elapsed=18s remaining=35, rough_eta=13m 33s, expected_completion=2026-07-27 20:20:20
[2026-07-27 20:06:47] eval 046 trial 45 starting (46/80); params=thresh=2.272, minarea=33, deblend=57/0.00003, back=32, filter=1, dilation=1, max_area=4356, max_elongation=23.298
[2026-07-27 20:06:47] eval 046 galaxy 1/20 NGC2500: coverage=1.000, masked=4.375%, segments=273, elapsed=0s
[2026-07-27 20:06:48] eval 046 galaxy 2/20 NGC4204: coverage=0.372, masked=1.070%, segments=397, elapsed=1s
[2026-07-27 20:06:49] eval 046 galaxy 3/20 NGC4496A: coverage=1.000, masked=2.056%, segments=206, elapsed=0s
[2026-07-27 20:06:49] eval 046 galaxy 4/20 UGC06840: coverage=0.078, masked=0.784%, segments=96, elapsed=1s
[2026-07-27 20:06:50] eval 046 galaxy 5/20 NGC4123: coverage=0.600, masked=1.263%, segments=149, elapsed=0s
[2026-07-27 20:06:50] eval 046 galaxy 6/20 UGC09245: coverage=1.000, masked=1.557%, segments=147, elapsed=0s
[2026-07-27 20:06:51] eval 046 galaxy 7/20 NGC4532: coverage=1.000, masked=2.901%, segments=230, elapsed=0s
[2026-07-27 20:06:51] eval 046 galaxy 8/20 PGC011677: coverage=0.385, masked=1.480%, segments=127, elapsed=0s
[2026-07-27 20:06:51] eval 046 galaxy 9/20 IC1014: coverage=0.900, masked=1.446%, segments=117, elapsed=0s
[2026-07-27 20:06:52] eval 046 galaxy 10/20 NGC4293: coverage=0.600, masked=3.162%, segments=379, elapsed=1s
[2026-07-27 20:06:52] eval 046 galaxy 11/20 NGC3850: coverage=0.467, masked=1.667%, segments=138, elapsed=0s
[2026-07-27 20:06:55] eval 046 galaxy 12/20 NGC2903: coverage=0.750, masked=4.346%, segments=1354, elapsed=3s
[2026-07-27 20:06:55] eval 046 galaxy 13/20 UGC06682: coverage=0.000, masked=1.242%, segments=119, elapsed=0s
[2026-07-27 20:06:56] eval 046 galaxy 14/20 IC3521: coverage=1.000, masked=1.005%, segments=133, elapsed=0s
[2026-07-27 20:06:56] eval 046 galaxy 15/20 IC1954: coverage=0.800, masked=2.913%, segments=191, elapsed=0s
[2026-07-27 20:06:56] eval 046 galaxy 16/20 NGC6237: coverage=0.880, masked=2.619%, segments=176, elapsed=0s
[2026-07-27 20:06:57] eval 046 galaxy 17/20 NGC3185: coverage=0.500, masked=2.224%, segments=232, elapsed=1s
[2026-07-27 20:06:59] eval 046 galaxy 18/20 NGC3992: coverage=1.000, masked=1.607%, segments=601, elapsed=2s
[2026-07-27 20:06:59] eval 046 galaxy 19/20 PGC051523: coverage=0.000, masked=1.050%, segments=151, elapsed=0s
[2026-07-27 20:07:00] eval 046 galaxy 20/20 NGC3264: coverage=1.000, masked=0.653%, segments=107, elapsed=0s
[2026-07-27 20:07:00] eval 046: objective=21.921 coverage=0.667 min_coverage=0.000 masked=1.971% max_masked=4.375% profile_affected=43.393% max_bridge=170.04arcsec status=ok elapsed=13s remaining=34, rough_eta=13m 02s, expected_completion=2026-07-27 20:20:02
[2026-07-27 20:07:00] eval 047 trial 46 starting (47/80); params=thresh=3.109, minarea=48, deblend=57/0.00002, back=192, filter=9, dilation=2, max_area=6700, max_elongation=22.211
[2026-07-27 20:07:00] eval 047 galaxy 1/20 NGC2500: coverage=0.000, masked=7.481%, segments=192, elapsed=0s
[2026-07-27 20:07:02] eval 047 galaxy 2/20 NGC4204: coverage=0.651, masked=1.696%, segments=331, elapsed=1s
[2026-07-27 20:07:02] eval 047 galaxy 3/20 NGC4496A: coverage=0.500, masked=4.587%, segments=210, elapsed=0s
[2026-07-27 20:07:03] eval 047 galaxy 4/20 UGC06840: coverage=0.156, masked=0.861%, segments=82, elapsed=1s
[2026-07-27 20:07:03] eval 047 galaxy 5/20 NGC4123: coverage=0.200, masked=2.270%, segments=107, elapsed=1s
[2026-07-27 20:07:04] eval 047 galaxy 6/20 UGC09245: coverage=0.000, masked=2.588%, segments=126, elapsed=0s
[2026-07-27 20:07:04] eval 047 galaxy 7/20 NGC4532: coverage=1.000, masked=5.532%, segments=252, elapsed=1s
[2026-07-27 20:07:05] eval 047 galaxy 8/20 PGC011677: coverage=0.000, masked=2.438%, segments=108, elapsed=0s
[2026-07-27 20:07:05] eval 047 galaxy 9/20 IC1014: coverage=0.000, masked=1.969%, segments=97, elapsed=0s
[2026-07-27 20:07:06] eval 047 galaxy 10/20 NGC4293: coverage=0.000, masked=5.343%, segments=359, elapsed=1s
[2026-07-27 20:07:06] eval 047 galaxy 11/20 NGC3850: coverage=0.000, masked=2.228%, segments=104, elapsed=0s
[2026-07-27 20:07:10] eval 047 galaxy 12/20 NGC2903: coverage=0.750, masked=6.842%, segments=906, elapsed=4s
[2026-07-27 20:07:10] eval 047 galaxy 13/20 UGC06682: coverage=0.000, masked=2.043%, segments=109, elapsed=0s
[2026-07-27 20:07:11] eval 047 galaxy 14/20 IC3521: coverage=1.000, masked=1.810%, segments=125, elapsed=1s
[2026-07-27 20:07:11] eval 047 galaxy 15/20 IC1954: coverage=0.000, masked=3.003%, segments=124, elapsed=0s
[2026-07-27 20:07:11] eval 047 galaxy 16/20 NGC6237: coverage=0.200, masked=3.769%, segments=133, elapsed=0s
[2026-07-27 20:07:12] eval 047 galaxy 17/20 NGC3185: coverage=0.000, masked=3.009%, segments=185, elapsed=1s
[2026-07-27 20:07:14] eval 047 galaxy 18/20 NGC3992: coverage=0.000, masked=2.769%, segments=455, elapsed=2s
[2026-07-27 20:07:15] eval 047 galaxy 19/20 PGC051523: coverage=0.000, masked=1.618%, segments=125, elapsed=0s
[2026-07-27 20:07:15] eval 047 galaxy 20/20 NGC3264: coverage=1.000, masked=1.170%, segments=100, elapsed=1s
[2026-07-27 20:07:15] eval 047: objective=30.729 coverage=0.273 min_coverage=0.000 masked=3.151% max_masked=7.481% profile_affected=28.174% max_bridge=149.24arcsec status=ok elapsed=15s remaining=33, rough_eta=12m 34s, expected_completion=2026-07-27 20:19:49
[2026-07-27 20:07:15] eval 048 trial 47 starting (48/80); params=thresh=2.669, minarea=17, deblend=64/0.00013, back=128, filter=1, dilation=3, max_area=5574, max_elongation=16.825
[2026-07-27 20:07:16] eval 048 galaxy 1/20 NGC2500: coverage=0.000, masked=9.746%, segments=355, elapsed=1s
[2026-07-27 20:07:17] eval 048 galaxy 2/20 NGC4204: coverage=0.767, masked=3.174%, segments=933, elapsed=1s
[2026-07-27 20:07:18] eval 048 galaxy 3/20 NGC4496A: coverage=1.000, masked=6.466%, segments=433, elapsed=0s
[2026-07-27 20:07:18] eval 048 galaxy 4/20 UGC06840: coverage=0.172, masked=2.732%, segments=293, elapsed=1s
[2026-07-27 20:07:19] eval 048 galaxy 5/20 NGC4123: coverage=0.440, masked=4.197%, segments=328, elapsed=1s
[2026-07-27 20:07:19] eval 048 galaxy 6/20 UGC09245: coverage=1.000, masked=4.923%, segments=362, elapsed=0s
[2026-07-27 20:07:20] eval 048 galaxy 7/20 NGC4532: coverage=1.000, masked=8.240%, segments=641, elapsed=1s
[2026-07-27 20:07:20] eval 048 galaxy 8/20 PGC011677: coverage=0.385, masked=4.664%, segments=298, elapsed=0s
[2026-07-27 20:07:20] eval 048 galaxy 9/20 IC1014: coverage=1.000, masked=4.036%, segments=244, elapsed=0s
[2026-07-27 20:07:21] eval 048 galaxy 10/20 NGC4293: coverage=0.250, masked=6.903%, segments=763, elapsed=1s
[2026-07-27 20:07:22] eval 048 galaxy 11/20 NGC3850: coverage=1.000, masked=4.532%, segments=307, elapsed=0s
[2026-07-27 20:07:26] eval 048 galaxy 12/20 NGC2903: coverage=0.500, masked=7.310%, segments=2134, elapsed=4s
[2026-07-27 20:07:26] eval 048 galaxy 13/20 UGC06682: coverage=0.667, masked=3.897%, segments=319, elapsed=0s
[2026-07-27 20:07:27] eval 048 galaxy 14/20 IC3521: coverage=1.000, masked=3.493%, segments=402, elapsed=1s
[2026-07-27 20:07:27] eval 048 galaxy 15/20 IC1954: coverage=1.000, masked=6.868%, segments=345, elapsed=0s
[2026-07-27 20:07:28] eval 048 galaxy 16/20 NGC6237: coverage=1.000, masked=6.588%, segments=350, elapsed=0s
[2026-07-27 20:07:28] eval 048 galaxy 17/20 NGC3185: coverage=0.500, masked=5.839%, segments=512, elapsed=1s
[2026-07-27 20:07:30] eval 048 galaxy 18/20 NGC3992: coverage=0.000, masked=3.808%, segments=1109, elapsed=2s
[2026-07-27 20:07:31] eval 048 galaxy 19/20 PGC051523: coverage=0.000, masked=3.537%, segments=374, elapsed=0s
[2026-07-27 20:07:31] eval 048 galaxy 20/20 NGC3264: coverage=1.000, masked=2.808%, segments=354, elapsed=1s
[2026-07-27 20:07:31] eval 048: objective=23.099 coverage=0.634 min_coverage=0.000 masked=5.188% max_masked=9.746% profile_affected=49.625% max_bridge=111.00arcsec status=ok elapsed=16s remaining=32, rough_eta=12m 07s, expected_completion=2026-07-27 20:19:38
[2026-07-27 20:07:32] eval 049 trial 48 starting (49/80); params=thresh=1.723, minarea=39, deblend=50/0.00004, back=256, filter=3, dilation=2, max_area=4112, max_elongation=24.317
[2026-07-27 20:07:32] eval 049 galaxy 1/20 NGC2500: coverage=0.000, masked=10.376%, segments=253, elapsed=1s
[2026-07-27 20:07:34] eval 049 galaxy 2/20 NGC4204: coverage=0.767, masked=2.498%, segments=624, elapsed=1s
[2026-07-27 20:07:34] eval 049 galaxy 3/20 NGC4496A: coverage=1.000, masked=5.996%, segments=307, elapsed=1s
[2026-07-27 20:07:35] eval 049 galaxy 4/20 UGC06840: coverage=0.312, masked=1.519%, segments=162, elapsed=1s
[2026-07-27 20:07:35] eval 049 galaxy 5/20 NGC4123: coverage=0.440, masked=3.291%, segments=196, elapsed=1s
[2026-07-27 20:07:36] eval 049 galaxy 6/20 UGC09245: coverage=1.000, masked=3.375%, segments=203, elapsed=0s
[2026-07-27 20:07:36] eval 049 galaxy 7/20 NGC4532: coverage=1.000, masked=7.239%, segments=431, elapsed=1s
[2026-07-27 20:07:37] eval 049 galaxy 8/20 PGC011677: coverage=0.000, masked=3.030%, segments=163, elapsed=0s
[2026-07-27 20:07:37] eval 049 galaxy 9/20 IC1014: coverage=0.500, masked=2.916%, segments=161, elapsed=0s
[2026-07-27 20:07:38] eval 049 galaxy 10/20 NGC4293: coverage=0.250, masked=7.644%, segments=513, elapsed=1s
[2026-07-27 20:07:38] eval 049 galaxy 11/20 NGC3850: coverage=0.933, masked=3.155%, segments=189, elapsed=0s
[2026-07-27 20:07:44] eval 049 galaxy 12/20 NGC2903: coverage=0.500, masked=6.516%, segments=1245, elapsed=6s
[2026-07-27 20:07:45] eval 049 galaxy 13/20 UGC06682: coverage=0.667, masked=2.675%, segments=175, elapsed=0s
[2026-07-27 20:07:45] eval 049 galaxy 14/20 IC3521: coverage=1.000, masked=2.535%, segments=228, elapsed=0s
[2026-07-27 20:07:46] eval 049 galaxy 15/20 IC1954: coverage=0.000, masked=5.841%, segments=220, elapsed=0s
[2026-07-27 20:07:46] eval 049 galaxy 16/20 NGC6237: coverage=1.000, masked=4.879%, segments=189, elapsed=0s
[2026-07-27 20:07:47] eval 049 galaxy 17/20 NGC3185: coverage=0.000, masked=5.346%, segments=326, elapsed=1s
[2026-07-27 20:07:50] eval 049 galaxy 18/20 NGC3992: coverage=0.000, masked=3.520%, segments=723, elapsed=3s
[2026-07-27 20:07:50] eval 049 galaxy 19/20 PGC051523: coverage=0.000, masked=2.109%, segments=208, elapsed=0s
[2026-07-27 20:07:51] eval 049 galaxy 20/20 NGC3264: coverage=1.000, masked=1.952%, segments=201, elapsed=1s
[2026-07-27 20:07:51] eval 049: objective=25.323 coverage=0.518 min_coverage=0.000 masked=4.321% max_masked=10.376% profile_affected=39.998% max_bridge=85.50arcsec status=ok elapsed=19s remaining=31, rough_eta=11m 42s, expected_completion=2026-07-27 20:19:32
[2026-07-27 20:07:51] eval 050 trial 49 starting (50/80); params=thresh=0.988, minarea=35, deblend=16/0.00001, back=64, filter=5, dilation=3, max_area=7552, max_elongation=6.174
[2026-07-27 20:07:51] eval 050 galaxy 1/20 NGC2500: coverage=0.000, masked=15.270%, segments=529, elapsed=1s
[2026-07-27 20:07:53] eval 050 galaxy 2/20 NGC4204: coverage=0.884, masked=6.439%, segments=1314, elapsed=2s
[2026-07-27 20:07:54] eval 050 galaxy 3/20 NGC4496A: coverage=1.000, masked=10.440%, segments=569, elapsed=1s
[2026-07-27 20:07:55] eval 050 galaxy 4/20 UGC06840: coverage=0.578, masked=4.113%, segments=362, elapsed=1s
[2026-07-27 20:07:55] eval 050 galaxy 5/20 NGC4123: coverage=0.520, masked=6.633%, segments=436, elapsed=1s
[2026-07-27 20:07:56] eval 050 galaxy 6/20 UGC09245: coverage=1.000, masked=10.332%, segments=501, elapsed=0s
[2026-07-27 20:07:56] eval 050 galaxy 7/20 NGC4532: coverage=0.000, masked=12.036%, segments=712, elapsed=1s
[2026-07-27 20:07:57] eval 050 galaxy 8/20 PGC011677: coverage=0.000, masked=9.860%, segments=401, elapsed=0s
[2026-07-27 20:07:57] eval 050 galaxy 9/20 IC1014: coverage=0.000, masked=6.710%, segments=317, elapsed=0s
[2026-07-27 20:07:58] eval 050 galaxy 10/20 NGC4293: coverage=0.000, masked=12.189%, segments=956, elapsed=1s
[2026-07-27 20:07:59] eval 050 galaxy 11/20 NGC3850: coverage=0.000, masked=8.106%, segments=392, elapsed=0s
[2026-07-27 20:08:08] eval 050 galaxy 12/20 NGC2903: coverage=0.750, masked=17.330%, segments=3194, elapsed=9s
[2026-07-27 20:08:08] eval 050 galaxy 13/20 UGC06682: coverage=0.833, masked=7.575%, segments=412, elapsed=0s
[2026-07-27 20:08:09] eval 050 galaxy 14/20 IC3521: coverage=1.000, masked=6.350%, segments=500, elapsed=1s
[2026-07-27 20:08:10] eval 050 galaxy 15/20 IC1954: coverage=0.000, masked=10.293%, segments=459, elapsed=1s
[2026-07-27 20:08:10] eval 050 galaxy 16/20 NGC6237: coverage=0.400, masked=8.520%, segments=428, elapsed=1s
[2026-07-27 20:08:11] eval 050 galaxy 17/20 NGC3185: coverage=0.500, masked=9.603%, segments=646, elapsed=1s
[2026-07-27 20:08:15] eval 050 galaxy 18/20 NGC3992: coverage=0.500, masked=7.792%, segments=1807, elapsed=4s
[2026-07-27 20:08:15] eval 050 galaxy 19/20 PGC051523: coverage=0.000, masked=6.308%, segments=469, elapsed=1s
[2026-07-27 20:08:16] eval 050 galaxy 20/20 NGC3264: coverage=1.000, masked=5.198%, segments=446, elapsed=1s
[2026-07-27 20:08:16] eval 050: objective=39.36 coverage=0.448 min_coverage=0.000 masked=9.055% max_masked=17.330% profile_affected=34.884% max_bridge=143.12arcsec status=ok elapsed=25s remaining=30, rough_eta=11m 20s, expected_completion=2026-07-27 20:19:36
[2026-07-27 20:08:16] eval 051 trial 50 starting (51/80); params=thresh=2.163, minarea=28, deblend=54/0.09262, back=24, filter=7, dilation=3, max_area=4992, max_elongation=18.795
[2026-07-27 20:08:17] eval 051 galaxy 1/20 NGC2500: coverage=0.000, masked=7.463%, segments=284, elapsed=0s
[2026-07-27 20:08:18] eval 051 galaxy 2/20 NGC4204: coverage=0.116, masked=3.133%, segments=666, elapsed=2s
[2026-07-27 20:08:19] eval 051 galaxy 3/20 NGC4496A: coverage=0.000, masked=5.392%, segments=331, elapsed=0s
[2026-07-27 20:08:19] eval 051 galaxy 4/20 UGC06840: coverage=0.000, masked=1.354%, segments=155, elapsed=1s
[2026-07-27 20:08:20] eval 051 galaxy 5/20 NGC4123: coverage=0.000, masked=2.201%, segments=192, elapsed=1s
[2026-07-27 20:08:20] eval 051 galaxy 6/20 UGC09245: coverage=0.000, masked=4.245%, segments=218, elapsed=0s
[2026-07-27 20:08:21] eval 051 galaxy 7/20 NGC4532: coverage=0.000, masked=6.628%, segments=390, elapsed=1s
[2026-07-27 20:08:21] eval 051 galaxy 8/20 PGC011677: coverage=0.000, masked=4.503%, segments=209, elapsed=0s
[2026-07-27 20:08:21] eval 051 galaxy 9/20 IC1014: coverage=0.000, masked=2.898%, segments=149, elapsed=0s
[2026-07-27 20:08:22] eval 051 galaxy 10/20 NGC4293: coverage=0.250, masked=6.421%, segments=577, elapsed=1s
[2026-07-27 20:08:22] eval 051 galaxy 11/20 NGC3850: coverage=0.000, masked=3.704%, segments=193, elapsed=0s
[2026-07-27 20:08:26] eval 051 galaxy 12/20 NGC2903: coverage=0.000, masked=8.790%, segments=1873, elapsed=3s
[2026-07-27 20:08:26] eval 051 galaxy 13/20 UGC06682: coverage=0.000, masked=3.705%, segments=213, elapsed=0s
[2026-07-27 20:08:27] eval 051 galaxy 14/20 IC3521: coverage=0.000, masked=2.673%, segments=243, elapsed=1s
[2026-07-27 20:08:27] eval 051 galaxy 15/20 IC1954: coverage=0.000, masked=4.242%, segments=222, elapsed=0s
[2026-07-27 20:08:28] eval 051 galaxy 16/20 NGC6237: coverage=0.200, masked=3.678%, segments=207, elapsed=0s
[2026-07-27 20:08:28] eval 051 galaxy 17/20 NGC3185: coverage=0.000, masked=3.813%, segments=282, elapsed=1s
[2026-07-27 20:08:30] eval 051 galaxy 18/20 NGC3992: coverage=0.000, masked=3.810%, segments=968, elapsed=2s
[2026-07-27 20:08:31] eval 051 galaxy 19/20 PGC051523: coverage=0.000, masked=3.060%, segments=228, elapsed=0s
[2026-07-27 20:08:31] eval 051 galaxy 20/20 NGC3264: coverage=0.000, masked=1.812%, segments=174, elapsed=1s
[2026-07-27 20:08:31] eval 051: objective=35.612 coverage=0.028 min_coverage=0.000 masked=4.176% max_masked=8.790% profile_affected=3.119% max_bridge=69.73arcsec status=ok elapsed=15s remaining=29, rough_eta=10m 54s, expected_completion=2026-07-27 20:19:25
[2026-07-27 20:08:31] eval 052 trial 51 starting (52/80); params=thresh=1.269, minarea=38, deblend=45/0.00001, back=32, filter=1, dilation=4, max_area=6311, max_elongation=26.619
[2026-07-27 20:08:32] eval 052 galaxy 1/20 NGC2500: coverage=1.000, masked=10.732%, segments=414, elapsed=1s
[2026-07-27 20:08:34] eval 052 galaxy 2/20 NGC4204: coverage=0.581, masked=4.145%, segments=675, elapsed=2s
[2026-07-27 20:08:34] eval 052 galaxy 3/20 NGC4496A: coverage=1.000, masked=6.382%, segments=340, elapsed=0s
[2026-07-27 20:08:35] eval 052 galaxy 4/20 UGC06840: coverage=0.141, masked=2.574%, segments=187, elapsed=1s
[2026-07-27 20:08:35] eval 052 galaxy 5/20 NGC4123: coverage=0.600, masked=3.982%, segments=258, elapsed=1s
[2026-07-27 20:08:36] eval 052 galaxy 6/20 UGC09245: coverage=1.000, masked=6.226%, segments=259, elapsed=0s
[2026-07-27 20:08:36] eval 052 galaxy 7/20 NGC4532: coverage=1.000, masked=8.169%, segments=363, elapsed=1s
[2026-07-27 20:08:36] eval 052 galaxy 8/20 PGC011677: coverage=0.385, masked=6.429%, segments=216, elapsed=0s
[2026-07-27 20:08:37] eval 052 galaxy 9/20 IC1014: coverage=1.000, masked=4.592%, segments=185, elapsed=0s
[2026-07-27 20:08:38] eval 052 galaxy 10/20 NGC4293: coverage=1.000, masked=8.800%, segments=602, elapsed=1s
[2026-07-27 20:08:38] eval 052 galaxy 11/20 NGC3850: coverage=0.867, masked=5.477%, segments=238, elapsed=0s
[2026-07-27 20:08:44] eval 052 galaxy 12/20 NGC2903: coverage=0.750, masked=12.208%, segments=2160, elapsed=6s
[2026-07-27 20:08:44] eval 052 galaxy 13/20 UGC06682: coverage=0.917, masked=5.016%, segments=218, elapsed=0s
[2026-07-27 20:08:45] eval 052 galaxy 14/20 IC3521: coverage=1.000, masked=3.593%, segments=255, elapsed=1s
[2026-07-27 20:08:45] eval 052 galaxy 15/20 IC1954: coverage=1.000, masked=7.390%, segments=309, elapsed=0s
[2026-07-27 20:08:46] eval 052 galaxy 16/20 NGC6237: coverage=1.000, masked=7.044%, segments=261, elapsed=0s
[2026-07-27 20:08:46] eval 052 galaxy 17/20 NGC3185: coverage=1.000, masked=7.404%, segments=398, elapsed=1s
[2026-07-27 20:08:49] eval 052 galaxy 18/20 NGC3992: coverage=1.000, masked=4.878%, segments=966, elapsed=2s
[2026-07-27 20:08:49] eval 052 galaxy 19/20 PGC051523: coverage=0.000, masked=3.944%, segments=232, elapsed=0s
[2026-07-27 20:08:50] eval 052 galaxy 20/20 NGC3264: coverage=1.000, masked=2.722%, segments=204, elapsed=1s
[2026-07-27 20:08:50] eval 052: objective=19.237 coverage=0.812 min_coverage=0.000 masked=6.085% max_masked=12.208% profile_affected=58.241% max_bridge=196.95arcsec status=ok elapsed=18s remaining=28, rough_eta=10m 29s, expected_completion=2026-07-27 20:19:19
[2026-07-27 20:08:50] eval 053 trial 52 starting (53/80); params=thresh=1.329, minarea=38, deblend=45/0.00001, back=32, filter=1, dilation=1, max_area=5765, max_elongation=25.719
[2026-07-27 20:08:50] eval 053 galaxy 1/20 NGC2500: coverage=1.000, masked=6.362%, segments=388, elapsed=1s
[2026-07-27 20:08:52] eval 053 galaxy 2/20 NGC4204: coverage=0.581, masked=1.864%, segments=632, elapsed=1s
[2026-07-27 20:08:52] eval 053 galaxy 3/20 NGC4496A: coverage=1.000, masked=3.316%, segments=320, elapsed=0s
[2026-07-27 20:08:53] eval 053 galaxy 4/20 UGC06840: coverage=0.094, masked=1.327%, segments=173, elapsed=1s
[2026-07-27 20:08:53] eval 053 galaxy 5/20 NGC4123: coverage=0.600, masked=2.086%, segments=243, elapsed=1s
[2026-07-27 20:08:54] eval 053 galaxy 6/20 UGC09245: coverage=1.000, masked=2.745%, segments=235, elapsed=0s
[2026-07-27 20:08:54] eval 053 galaxy 7/20 NGC4532: coverage=1.000, masked=4.326%, segments=340, elapsed=1s
[2026-07-27 20:08:55] eval 053 galaxy 8/20 PGC011677: coverage=0.000, masked=2.755%, segments=206, elapsed=0s
[2026-07-27 20:08:55] eval 053 galaxy 9/20 IC1014: coverage=1.000, masked=2.288%, segments=167, elapsed=0s
[2026-07-27 20:08:56] eval 053 galaxy 10/20 NGC4293: coverage=1.000, masked=4.568%, segments=557, elapsed=1s
[2026-07-27 20:08:56] eval 053 galaxy 11/20 NGC3850: coverage=0.600, masked=2.692%, segments=210, elapsed=0s
[2026-07-27 20:09:01] eval 053 galaxy 12/20 NGC2903: coverage=0.750, masked=6.626%, segments=2029, elapsed=5s
[2026-07-27 20:09:02] eval 053 galaxy 13/20 UGC06682: coverage=0.417, masked=2.264%, segments=206, elapsed=0s
[2026-07-27 20:09:02] eval 053 galaxy 14/20 IC3521: coverage=1.000, masked=1.732%, segments=240, elapsed=0s
[2026-07-27 20:09:03] eval 053 galaxy 15/20 IC1954: coverage=0.800, masked=4.250%, segments=291, elapsed=0s
[2026-07-27 20:09:03] eval 053 galaxy 16/20 NGC6237: coverage=0.840, masked=3.904%, segments=255, elapsed=0s
[2026-07-27 20:09:04] eval 053 galaxy 17/20 NGC3185: coverage=1.000, masked=4.052%, segments=373, elapsed=1s
[2026-07-27 20:09:06] eval 053 galaxy 18/20 NGC3992: coverage=1.000, masked=2.507%, segments=922, elapsed=2s
[2026-07-27 20:09:06] eval 053 galaxy 19/20 PGC051523: coverage=0.000, masked=1.695%, segments=218, elapsed=0s
[2026-07-27 20:09:07] eval 053 galaxy 20/20 NGC3264: coverage=1.000, masked=1.254%, segments=194, elapsed=1s
[2026-07-27 20:09:07] eval 053: objective=20.419 coverage=0.734 min_coverage=0.000 masked=3.131% max_masked=6.626% profile_affected=46.145% max_bridge=146.79arcsec status=ok elapsed=17s remaining=27, rough_eta=10m 03s, expected_completion=2026-07-27 20:19:10
[2026-07-27 20:09:07] eval 054 trial 53 starting (54/80); params=thresh=0.456, minarea=42, deblend=49/0.00002, back=32, filter=1, dilation=3, max_area=7302, max_elongation=29.401
[2026-07-27 20:09:08] eval 054 galaxy 1/20 NGC2500: coverage=1.000, masked=18.459%, segments=746, elapsed=1s
[2026-07-27 20:09:16] eval 054 galaxy 2/20 NGC4204: coverage=0.767, masked=8.849%, segments=1662, elapsed=8s
[2026-07-27 20:09:17] eval 054 galaxy 3/20 NGC4496A: coverage=1.000, masked=12.096%, segments=693, elapsed=1s
[2026-07-27 20:09:18] eval 054 galaxy 4/20 UGC06840: coverage=0.469, masked=5.866%, segments=455, elapsed=1s
[2026-07-27 20:09:20] eval 054 galaxy 5/20 NGC4123: coverage=0.800, masked=8.422%, segments=595, elapsed=1s
[2026-07-27 20:09:21] eval 054 galaxy 6/20 UGC09245: coverage=1.000, masked=12.513%, segments=588, elapsed=1s
[2026-07-27 20:09:23] eval 054 galaxy 7/20 NGC4532: coverage=1.000, masked=15.529%, segments=827, elapsed=2s
[2026-07-27 20:09:24] eval 054 galaxy 8/20 PGC011677: coverage=0.385, masked=12.977%, segments=498, elapsed=1s
[2026-07-27 20:09:25] eval 054 galaxy 9/20 IC1014: coverage=1.000, masked=9.105%, segments=415, elapsed=1s
[2026-07-27 20:09:28] eval 054 galaxy 10/20 NGC4293: coverage=1.000, masked=15.996%, segments=1255, elapsed=3s
[2026-07-27 20:09:29] eval 054 galaxy 11/20 NGC3850: coverage=0.733, masked=10.617%, segments=507, elapsed=1s
[2026-07-27 20:10:00] eval 054 galaxy 12/20 NGC2903: coverage=0.750, masked=22.224%, segments=4271, elapsed=31s
[2026-07-27 20:10:01] eval 054 galaxy 13/20 UGC06682: coverage=1.000, masked=10.219%, segments=515, elapsed=1s
[2026-07-27 20:10:02] eval 054 galaxy 14/20 IC3521: coverage=1.000, masked=7.862%, segments=614, elapsed=1s
[2026-07-27 20:10:03] eval 054 galaxy 15/20 IC1954: coverage=1.000, masked=13.562%, segments=615, elapsed=1s
[2026-07-27 20:10:05] eval 054 galaxy 16/20 NGC6237: coverage=1.000, masked=13.448%, segments=560, elapsed=1s
[2026-07-27 20:10:07] eval 054 galaxy 17/20 NGC3185: coverage=1.000, masked=14.220%, segments=842, elapsed=2s
[2026-07-27 20:10:21] eval 054 galaxy 18/20 NGC3992: coverage=1.000, masked=10.791%, segments=2424, elapsed=15s
[2026-07-27 20:10:22] eval 054 galaxy 19/20 PGC051523: coverage=0.000, masked=8.817%, segments=559, elapsed=1s
[2026-07-27 20:10:24] eval 054 galaxy 20/20 NGC3264: coverage=1.000, masked=6.243%, segments=529, elapsed=1s
[2026-07-27 20:10:24] eval 054: objective=36.06 coverage=0.845 min_coverage=0.000 masked=11.891% max_masked=22.224% profile_affected=63.682% max_bridge=198.17arcsec status=ok elapsed=1m 17s remaining=26, rough_eta=10m 07s, expected_completion=2026-07-27 20:20:31
[2026-07-27 20:10:24] eval 055 trial 54 starting (55/80); params=thresh=0.804, minarea=32, deblend=43/0.00001, back=32, filter=1, dilation=2, max_area=6523, max_elongation=28.513
[2026-07-27 20:10:25] eval 055 galaxy 1/20 NGC2500: coverage=1.000, masked=12.068%, segments=718, elapsed=1s
[2026-07-27 20:10:27] eval 055 galaxy 2/20 NGC4204: coverage=0.767, masked=5.253%, segments=1498, elapsed=3s
[2026-07-27 20:10:28] eval 055 galaxy 3/20 NGC4496A: coverage=1.000, masked=7.714%, segments=662, elapsed=1s
[2026-07-27 20:10:29] eval 055 galaxy 4/20 UGC06840: coverage=0.359, masked=3.495%, segments=421, elapsed=1s
[2026-07-27 20:10:29] eval 055 galaxy 5/20 NGC4123: coverage=0.600, masked=5.140%, segments=542, elapsed=1s
[2026-07-27 20:10:30] eval 055 galaxy 6/20 UGC09245: coverage=1.000, masked=7.835%, segments=559, elapsed=1s
[2026-07-27 20:10:31] eval 055 galaxy 7/20 NGC4532: coverage=1.000, masked=9.748%, segments=771, elapsed=1s
[2026-07-27 20:10:31] eval 055 galaxy 8/20 PGC011677: coverage=0.385, masked=7.925%, segments=462, elapsed=0s
[2026-07-27 20:10:32] eval 055 galaxy 9/20 IC1014: coverage=1.000, masked=5.422%, segments=375, elapsed=0s
[2026-07-27 20:10:33] eval 055 galaxy 10/20 NGC4293: coverage=1.000, masked=10.263%, segments=1135, elapsed=2s
[2026-07-27 20:10:34] eval 055 galaxy 11/20 NGC3850: coverage=0.933, masked=6.592%, segments=478, elapsed=1s
[2026-07-27 20:10:47] eval 055 galaxy 12/20 NGC2903: coverage=0.750, masked=14.556%, segments=4185, elapsed=14s
[2026-07-27 20:10:48] eval 055 galaxy 13/20 UGC06682: coverage=1.000, masked=6.208%, segments=476, elapsed=0s
[2026-07-27 20:10:48] eval 055 galaxy 14/20 IC3521: coverage=1.000, masked=4.597%, segments=549, elapsed=1s
[2026-07-27 20:10:49] eval 055 galaxy 15/20 IC1954: coverage=1.000, masked=8.696%, segments=564, elapsed=1s
[2026-07-27 20:10:50] eval 055 galaxy 16/20 NGC6237: coverage=0.960, masked=8.552%, segments=549, elapsed=1s
[2026-07-27 20:10:51] eval 055 galaxy 17/20 NGC3185: coverage=0.500, masked=9.023%, segments=782, elapsed=1s
[2026-07-27 20:10:56] eval 055 galaxy 18/20 NGC3992: coverage=1.000, masked=6.381%, segments=2175, elapsed=5s
[2026-07-27 20:10:56] eval 055 galaxy 19/20 PGC051523: coverage=0.000, masked=5.265%, segments=507, elapsed=1s
[2026-07-27 20:10:57] eval 055 galaxy 20/20 NGC3264: coverage=1.000, masked=3.559%, segments=459, elapsed=1s
[2026-07-27 20:10:57] eval 055: objective=19.154 coverage=0.813 min_coverage=0.000 masked=7.415% max_masked=14.556% profile_affected=57.937% max_bridge=188.39arcsec status=ok elapsed=33s remaining=25, rough_eta=9m 48s, expected_completion=2026-07-27 20:20:45
[2026-07-27 20:10:57] eval 056 trial 55 starting (56/80); params=thresh=0.813, minarea=32, deblend=55/0.00001, back=32, filter=1, dilation=2, max_area=6828, max_elongation=28.743
[2026-07-27 20:10:58] eval 056 galaxy 1/20 NGC2500: coverage=1.000, masked=11.949%, segments=737, elapsed=1s
[2026-07-27 20:11:01] eval 056 galaxy 2/20 NGC4204: coverage=0.767, masked=5.181%, segments=1494, elapsed=3s
[2026-07-27 20:11:02] eval 056 galaxy 3/20 NGC4496A: coverage=1.000, masked=7.581%, segments=647, elapsed=1s
[2026-07-27 20:11:03] eval 056 galaxy 4/20 UGC06840: coverage=0.375, masked=3.431%, segments=416, elapsed=1s
[2026-07-27 20:11:03] eval 056 galaxy 5/20 NGC4123: coverage=0.600, masked=5.037%, segments=534, elapsed=1s
[2026-07-27 20:11:04] eval 056 galaxy 6/20 UGC09245: coverage=1.000, masked=7.753%, segments=561, elapsed=1s
[2026-07-27 20:11:05] eval 056 galaxy 7/20 NGC4532: coverage=1.000, masked=9.641%, segments=772, elapsed=1s
[2026-07-27 20:11:05] eval 056 galaxy 8/20 PGC011677: coverage=0.231, masked=7.709%, segments=449, elapsed=0s
[2026-07-27 20:11:06] eval 056 galaxy 9/20 IC1014: coverage=1.000, masked=5.234%, segments=364, elapsed=0s
[2026-07-27 20:11:07] eval 056 galaxy 10/20 NGC4293: coverage=1.000, masked=10.183%, segments=1155, elapsed=2s
[2026-07-27 20:11:08] eval 056 galaxy 11/20 NGC3850: coverage=0.867, masked=6.536%, segments=481, elapsed=1s
[2026-07-27 20:11:22] eval 056 galaxy 12/20 NGC2903: coverage=0.750, masked=14.280%, segments=4174, elapsed=14s
[2026-07-27 20:11:22] eval 056 galaxy 13/20 UGC06682: coverage=1.000, masked=6.023%, segments=458, elapsed=1s
[2026-07-27 20:11:23] eval 056 galaxy 14/20 IC3521: coverage=1.000, masked=4.482%, segments=541, elapsed=1s
[2026-07-27 20:11:23] eval 056 galaxy 15/20 IC1954: coverage=1.000, masked=8.587%, segments=575, elapsed=1s
[2026-07-27 20:11:24] eval 056 galaxy 16/20 NGC6237: coverage=1.000, masked=8.334%, segments=540, elapsed=1s
[2026-07-27 20:11:25] eval 056 galaxy 17/20 NGC3185: coverage=1.000, masked=8.920%, segments=793, elapsed=1s
[2026-07-27 20:11:30] eval 056 galaxy 18/20 NGC3992: coverage=0.500, masked=6.165%, segments=2148, elapsed=5s
[2026-07-27 20:11:31] eval 056 galaxy 19/20 PGC051523: coverage=0.000, masked=5.161%, segments=504, elapsed=1s
[2026-07-27 20:11:32] eval 056 galaxy 20/20 NGC3264: coverage=1.000, masked=3.460%, segments=454, elapsed=1s
[2026-07-27 20:11:32] eval 056: objective=19.36 coverage=0.804 min_coverage=0.000 masked=7.282% max_masked=14.280% profile_affected=57.403% max_bridge=194.50arcsec status=ok elapsed=34s remaining=24, rough_eta=9m 29s, expected_completion=2026-07-27 20:21:01
[2026-07-27 20:11:32] eval 057 trial 56 starting (57/80); params=thresh=4.913, minarea=26, deblend=55/0.00001, back=48, filter=1, dilation=2, max_area=7740, max_elongation=28.385
[2026-07-27 20:11:32] eval 057 galaxy 1/20 NGC2500: coverage=1.000, masked=3.696%, segments=240, elapsed=0s
[2026-07-27 20:11:33] eval 057 galaxy 2/20 NGC4204: coverage=0.116, masked=0.628%, segments=208, elapsed=1s
[2026-07-27 20:11:34] eval 057 galaxy 3/20 NGC4496A: coverage=1.000, masked=1.745%, segments=129, elapsed=0s
[2026-07-27 20:11:34] eval 057 galaxy 4/20 UGC06840: coverage=0.078, masked=0.542%, segments=51, elapsed=1s
[2026-07-27 20:11:35] eval 057 galaxy 5/20 NGC4123: coverage=0.600, masked=0.966%, segments=96, elapsed=0s
[2026-07-27 20:11:35] eval 057 galaxy 6/20 UGC09245: coverage=1.000, masked=1.019%, segments=83, elapsed=0s
[2026-07-27 20:11:35] eval 057 galaxy 7/20 NGC4532: coverage=1.000, masked=2.261%, segments=163, elapsed=0s
[2026-07-27 20:11:36] eval 057 galaxy 8/20 PGC011677: coverage=0.000, masked=0.903%, segments=74, elapsed=0s
[2026-07-27 20:11:36] eval 057 galaxy 9/20 IC1014: coverage=0.900, masked=1.081%, segments=75, elapsed=0s
[2026-07-27 20:11:37] eval 057 galaxy 10/20 NGC4293: coverage=0.750, masked=2.066%, segments=251, elapsed=1s
[2026-07-27 20:11:37] eval 057 galaxy 11/20 NGC3850: coverage=0.400, masked=1.197%, segments=78, elapsed=0s
[2026-07-27 20:11:39] eval 057 galaxy 12/20 NGC2903: coverage=0.750, masked=3.405%, segments=866, elapsed=2s
[2026-07-27 20:11:39] eval 057 galaxy 13/20 UGC06682: coverage=0.000, masked=0.894%, segments=77, elapsed=0s
[2026-07-27 20:11:40] eval 057 galaxy 14/20 IC3521: coverage=1.000, masked=0.745%, segments=85, elapsed=0s
[2026-07-27 20:11:40] eval 057 galaxy 15/20 IC1954: coverage=1.000, masked=2.442%, segments=143, elapsed=0s
[2026-07-27 20:11:41] eval 057 galaxy 16/20 NGC6237: coverage=0.680, masked=2.070%, segments=115, elapsed=0s
[2026-07-27 20:11:41] eval 057 galaxy 17/20 NGC3185: coverage=1.000, masked=2.040%, segments=148, elapsed=0s
[2026-07-27 20:11:43] eval 057 galaxy 18/20 NGC3992: coverage=0.000, masked=1.094%, segments=367, elapsed=2s
[2026-07-27 20:11:43] eval 057 galaxy 19/20 PGC051523: coverage=0.000, masked=0.753%, segments=96, elapsed=0s
[2026-07-27 20:11:44] eval 057 galaxy 20/20 NGC3264: coverage=1.000, masked=0.359%, segments=50, elapsed=0s
[2026-07-27 20:11:44] eval 057: objective=22.912 coverage=0.614 min_coverage=0.000 masked=1.495% max_masked=3.696% profile_affected=38.961% max_bridge=181.05arcsec status=ok elapsed=12s remaining=23, rough_eta=9m 01s, expected_completion=2026-07-27 20:20:45
[2026-07-27 20:11:44] eval 058 trial 57 starting (58/80); params=thresh=0.822, minarea=33, deblend=60/0.00001, back=32, filter=3, dilation=1, max_area=6871, max_elongation=28.983
[2026-07-27 20:11:45] eval 058 galaxy 1/20 NGC2500: coverage=1.000, masked=9.766%, segments=642, elapsed=1s
[2026-07-27 20:11:47] eval 058 galaxy 2/20 NGC4204: coverage=0.767, masked=3.858%, segments=1457, elapsed=2s
[2026-07-27 20:11:48] eval 058 galaxy 3/20 NGC4496A: coverage=1.000, masked=6.141%, segments=641, elapsed=1s
[2026-07-27 20:11:48] eval 058 galaxy 4/20 UGC06840: coverage=0.312, masked=2.496%, segments=375, elapsed=1s
[2026-07-27 20:11:49] eval 058 galaxy 5/20 NGC4123: coverage=0.600, masked=3.798%, segments=502, elapsed=1s
[2026-07-27 20:11:49] eval 058 galaxy 6/20 UGC09245: coverage=1.000, masked=5.590%, segments=526, elapsed=0s
[2026-07-27 20:11:50] eval 058 galaxy 7/20 NGC4532: coverage=1.000, masked=7.923%, segments=775, elapsed=1s
[2026-07-27 20:11:51] eval 058 galaxy 8/20 PGC011677: coverage=0.000, masked=5.447%, segments=420, elapsed=0s
[2026-07-27 20:11:51] eval 058 galaxy 9/20 IC1014: coverage=1.000, masked=4.042%, segments=333, elapsed=0s
[2026-07-27 20:11:52] eval 058 galaxy 10/20 NGC4293: coverage=1.000, masked=8.044%, segments=1095, elapsed=1s
[2026-07-27 20:11:53] eval 058 galaxy 11/20 NGC3850: coverage=1.000, masked=4.848%, segments=435, elapsed=0s
[2026-07-27 20:12:05] eval 058 galaxy 12/20 NGC2903: coverage=0.750, masked=11.437%, segments=4026, elapsed=12s
[2026-07-27 20:12:05] eval 058 galaxy 13/20 UGC06682: coverage=0.583, masked=4.291%, segments=434, elapsed=0s
[2026-07-27 20:12:06] eval 058 galaxy 14/20 IC3521: coverage=1.000, masked=3.348%, segments=497, elapsed=1s
[2026-07-27 20:12:06] eval 058 galaxy 15/20 IC1954: coverage=0.600, masked=6.817%, segments=511, elapsed=1s
[2026-07-27 20:12:07] eval 058 galaxy 16/20 NGC6237: coverage=1.000, masked=6.391%, segments=485, elapsed=1s
[2026-07-27 20:12:08] eval 058 galaxy 17/20 NGC3185: coverage=1.000, masked=7.061%, segments=747, elapsed=1s
[2026-07-27 20:12:12] eval 058 galaxy 18/20 NGC3992: coverage=1.000, masked=4.770%, segments=2081, elapsed=4s
[2026-07-27 20:12:12] eval 058 galaxy 19/20 PGC051523: coverage=0.000, masked=3.513%, segments=472, elapsed=1s
[2026-07-27 20:12:13] eval 058 galaxy 20/20 NGC3264: coverage=1.000, masked=2.594%, segments=435, elapsed=1s
[2026-07-27 20:12:13] eval 058: objective=19.542 coverage=0.781 min_coverage=0.000 masked=5.609% max_masked=11.437% profile_affected=51.042% max_bridge=187.16arcsec status=ok elapsed=29s remaining=22, rough_eta=8m 40s, expected_completion=2026-07-27 20:20:53
[2026-07-27 20:12:13] eval 059 trial 58 starting (59/80); params=thresh=0.678, minarea=31, deblend=60/0.00004, back=192, filter=3, dilation=1, max_area=7042, max_elongation=29.974
[2026-07-27 20:12:15] eval 059 galaxy 1/20 NGC2500: coverage=1.000, masked=17.975%, segments=790, elapsed=2s
[2026-07-27 20:12:19] eval 059 galaxy 2/20 NGC4204: coverage=0.884, masked=6.729%, segments=2280, elapsed=4s
[2026-07-27 20:12:20] eval 059 galaxy 3/20 NGC4496A: coverage=0.700, masked=11.159%, segments=856, elapsed=1s
[2026-07-27 20:12:21] eval 059 galaxy 4/20 UGC06840: coverage=0.844, masked=4.919%, segments=716, elapsed=1s
[2026-07-27 20:12:23] eval 059 galaxy 5/20 NGC4123: coverage=0.800, masked=6.589%, segments=664, elapsed=1s
[2026-07-27 20:12:24] eval 059 galaxy 6/20 UGC09245: coverage=1.000, masked=10.070%, segments=919, elapsed=1s
[2026-07-27 20:12:25] eval 059 galaxy 7/20 NGC4532: coverage=1.000, masked=13.732%, segments=1192, elapsed=2s
[2026-07-27 20:12:26] eval 059 galaxy 8/20 PGC011677: coverage=0.000, masked=10.299%, segments=788, elapsed=1s
[2026-07-27 20:12:26] eval 059 galaxy 9/20 IC1014: coverage=0.400, masked=7.157%, segments=559, elapsed=1s
[2026-07-27 20:12:29] eval 059 galaxy 10/20 NGC4293: coverage=0.000, masked=13.517%, segments=1427, elapsed=3s
[2026-07-27 20:12:30] eval 059 galaxy 11/20 NGC3850: coverage=0.667, masked=8.930%, segments=690, elapsed=1s
[2026-07-27 20:12:33] eval 059: objective=1e+06 coverage=nan min_coverage=nan masked=nan% max_masked=nan% profile_affected=nan% max_bridge=nanarcsec status=error elapsed=20s remaining=21, rough_eta=8m 15s, expected_completion=2026-07-27 20:20:47
[2026-07-27 20:12:33] eval 060 trial 59 starting (60/80); params=thresh=0.836, minarea=33, deblend=61/0.00002, back=128, filter=3, dilation=1, max_area=6711, max_elongation=28.952
[2026-07-27 20:12:34] eval 060 galaxy 1/20 NGC2500: coverage=1.000, masked=14.512%, segments=643, elapsed=1s
[2026-07-27 20:12:37] eval 060 galaxy 2/20 NGC4204: coverage=0.884, masked=4.780%, segments=1641, elapsed=3s
[2026-07-27 20:12:38] eval 060 galaxy 3/20 NGC4496A: coverage=1.000, masked=9.270%, segments=704, elapsed=1s
[2026-07-27 20:12:39] eval 060 galaxy 4/20 UGC06840: coverage=0.703, masked=3.733%, segments=560, elapsed=1s
[2026-07-27 20:12:40] eval 060 galaxy 5/20 NGC4123: coverage=0.800, masked=5.646%, segments=554, elapsed=1s
[2026-07-27 20:12:40] eval 060 galaxy 6/20 UGC09245: coverage=1.000, masked=7.343%, segments=659, elapsed=1s
[2026-07-27 20:12:41] eval 060 galaxy 7/20 NGC4532: coverage=1.000, masked=11.382%, segments=996, elapsed=1s
[2026-07-27 20:12:42] eval 060 galaxy 8/20 PGC011677: coverage=0.385, masked=7.224%, segments=531, elapsed=0s
[2026-07-27 20:12:42] eval 060 galaxy 9/20 IC1014: coverage=1.000, masked=6.071%, segments=443, elapsed=0s
[2026-07-27 20:12:45] eval 060 galaxy 10/20 NGC4293: coverage=0.000, masked=10.194%, segments=1122, elapsed=2s
[2026-07-27 20:12:45] eval 060 galaxy 11/20 NGC3850: coverage=0.867, masked=6.675%, segments=532, elapsed=1s
[2026-07-27 20:12:59] eval 060 galaxy 12/20 NGC2903: coverage=0.750, masked=13.066%, segments=3419, elapsed=13s
[2026-07-27 20:12:59] eval 060 galaxy 13/20 UGC06682: coverage=1.000, masked=5.585%, segments=527, elapsed=1s
[2026-07-27 20:13:00] eval 060 galaxy 14/20 IC3521: coverage=1.000, masked=4.702%, segments=639, elapsed=1s
[2026-07-27 20:13:01] eval 060 galaxy 15/20 IC1954: coverage=0.000, masked=8.986%, segments=523, elapsed=1s
[2026-07-27 20:13:02] eval 060 galaxy 16/20 NGC6237: coverage=1.000, masked=9.635%, segments=560, elapsed=1s
[2026-07-27 20:13:03] eval 060 galaxy 17/20 NGC3185: coverage=0.500, masked=9.962%, segments=821, elapsed=1s
[2026-07-27 20:13:08] eval 060 galaxy 18/20 NGC3992: coverage=0.500, masked=5.716%, segments=1955, elapsed=5s
[2026-07-27 20:13:09] eval 060 galaxy 19/20 PGC051523: coverage=0.000, masked=4.373%, segments=576, elapsed=1s
[2026-07-27 20:13:09] eval 060 galaxy 20/20 NGC3264: coverage=1.000, masked=4.175%, segments=665, elapsed=1s
[2026-07-27 20:13:09] eval 060: objective=21.113 coverage=0.719 min_coverage=0.000 masked=7.652% max_masked=14.512% profile_affected=51.825% max_bridge=159.03arcsec status=ok elapsed=36s remaining=20, rough_eta=7m 55s, expected_completion=2026-07-27 20:21:05
[2026-07-27 20:13:10] eval 061 trial 60 starting (61/80); params=thresh=0.206, minarea=24, deblend=56/0.00001, back=32, filter=3, dilation=0, max_area=7997, max_elongation=27.332
[2026-07-27 20:13:12] eval 061 galaxy 1/20 NGC2500: coverage=1.000, masked=18.122%, segments=2032, elapsed=3s
[2026-07-27 20:13:36] eval 061 galaxy 2/20 NGC4204: coverage=0.953, masked=10.813%, segments=7581, elapsed=24s
[2026-07-27 20:13:39] eval 061 galaxy 3/20 NGC4496A: coverage=1.000, masked=13.602%, segments=2527, elapsed=3s
[2026-07-27 20:13:42] eval 061 galaxy 4/20 UGC06840: coverage=0.859, masked=7.192%, segments=2190, elapsed=3s
[2026-07-27 20:13:45] eval 061 galaxy 5/20 NGC4123: coverage=1.000, masked=9.248%, segments=2243, elapsed=3s
[2026-07-27 20:13:48] eval 061 galaxy 6/20 UGC09245: coverage=1.000, masked=14.507%, segments=2470, elapsed=3s
[2026-07-27 20:13:53] eval 061 galaxy 7/20 NGC4532: coverage=1.000, masked=16.919%, segments=2837, elapsed=5s
[2026-07-27 20:13:55] eval 061 galaxy 8/20 PGC011677: coverage=0.538, masked=14.253%, segments=2010, elapsed=2s
[2026-07-27 20:13:57] eval 061 galaxy 9/20 IC1014: coverage=1.000, masked=10.854%, segments=1799, elapsed=2s
[2026-07-27 20:14:05] eval 061 galaxy 10/20 NGC4293: coverage=1.000, masked=15.169%, segments=3759, elapsed=9s
[2026-07-27 20:14:07] eval 061 galaxy 11/20 NGC3850: coverage=0.800, masked=11.877%, segments=2003, elapsed=2s
[2026-07-27 20:15:12] eval 061 galaxy 12/20 NGC2903: coverage=0.750, masked=21.394%, segments=11889, elapsed=1m 04s
[2026-07-27 20:15:14] eval 061 galaxy 13/20 UGC06682: coverage=1.000, masked=11.423%, segments=2089, elapsed=2s
[2026-07-27 20:15:17] eval 061 galaxy 14/20 IC3521: coverage=1.000, masked=8.442%, segments=2176, elapsed=3s
[2026-07-27 20:15:19] eval 061 galaxy 15/20 IC1954: coverage=0.000, masked=14.293%, segments=2040, elapsed=3s
[2026-07-27 20:15:22] eval 061 galaxy 16/20 NGC6237: coverage=1.000, masked=14.298%, segments=2162, elapsed=3s
[2026-07-27 20:15:26] eval 061 galaxy 17/20 NGC3185: coverage=0.500, masked=14.127%, segments=2700, elapsed=4s
[2026-07-27 20:16:15] eval 061 galaxy 18/20 NGC3992: coverage=1.000, masked=12.856%, segments=10339, elapsed=48s
[2026-07-27 20:16:17] eval 061 galaxy 19/20 PGC051523: coverage=1.000, masked=9.585%, segments=2218, elapsed=3s
[2026-07-27 20:16:20] eval 061 galaxy 20/20 NGC3264: coverage=1.000, masked=7.722%, segments=2365, elapsed=3s
[2026-07-27 20:16:20] eval 061: objective=34.322 coverage=0.870 min_coverage=0.000 masked=12.835% max_masked=21.394% profile_affected=56.928% max_bridge=151.69arcsec status=ok elapsed=3m 10s remaining=19, rough_eta=8m 23s, expected_completion=2026-07-27 20:24:43
[2026-07-27 20:16:20] eval 062 trial 61 starting (62/80); params=thresh=0.428, minarea=34, deblend=62/0.00001, back=32, filter=3, dilation=2, max_area=6268, max_elongation=28.840
[2026-07-27 20:16:22] eval 062 galaxy 1/20 NGC2500: coverage=1.000, masked=18.578%, segments=1059, elapsed=1s
[2026-07-27 20:16:28] eval 062 galaxy 2/20 NGC4204: coverage=0.767, masked=9.718%, segments=2712, elapsed=7s
[2026-07-27 20:16:30] eval 062 galaxy 3/20 NGC4496A: coverage=1.000, masked=12.831%, segments=1048, elapsed=1s
[2026-07-27 20:16:31] eval 062 galaxy 4/20 UGC06840: coverage=0.766, masked=6.186%, segments=723, elapsed=1s
[2026-07-27 20:16:32] eval 062 galaxy 5/20 NGC4123: coverage=1.000, masked=8.772%, segments=919, elapsed=1s
[2026-07-27 20:16:33] eval 062 galaxy 6/20 UGC09245: coverage=1.000, masked=13.599%, segments=934, elapsed=1s
[2026-07-27 20:16:35] eval 062 galaxy 7/20 NGC4532: coverage=1.000, masked=16.248%, segments=1309, elapsed=2s
[2026-07-27 20:16:36] eval 062 galaxy 8/20 PGC011677: coverage=0.000, masked=13.885%, segments=790, elapsed=1s
[2026-07-27 20:16:36] eval 062 galaxy 9/20 IC1014: coverage=1.000, masked=9.495%, segments=621, elapsed=1s
[2026-07-27 20:16:39] eval 062 galaxy 10/20 NGC4293: coverage=1.000, masked=15.801%, segments=1778, elapsed=3s
[2026-07-27 20:16:40] eval 062 galaxy 11/20 NGC3850: coverage=1.000, masked=10.979%, segments=757, elapsed=1s
[2026-07-27 20:17:10] eval 062 galaxy 12/20 NGC2903: coverage=0.750, masked=22.334%, segments=6319, elapsed=30s
[2026-07-27 20:17:11] eval 062 galaxy 13/20 UGC06682: coverage=1.000, masked=10.801%, segments=812, elapsed=1s
[2026-07-27 20:17:12] eval 062 galaxy 14/20 IC3521: coverage=1.000, masked=8.119%, segments=912, elapsed=1s
[2026-07-27 20:17:13] eval 062 galaxy 15/20 IC1954: coverage=1.000, masked=13.992%, segments=891, elapsed=1s
[2026-07-27 20:17:14] eval 062 galaxy 16/20 NGC6237: coverage=1.000, masked=13.876%, segments=898, elapsed=1s
[2026-07-27 20:17:16] eval 062 galaxy 17/20 NGC3185: coverage=0.500, masked=14.481%, segments=1264, elapsed=2s
[2026-07-27 20:17:29] eval 062 galaxy 18/20 NGC3992: coverage=1.000, masked=11.381%, segments=3809, elapsed=13s
[2026-07-27 20:17:30] eval 062 galaxy 19/20 PGC051523: coverage=1.000, masked=9.132%, segments=874, elapsed=1s
[2026-07-27 20:17:31] eval 062 galaxy 20/20 NGC3264: coverage=1.000, masked=6.878%, segments=868, elapsed=1s
[2026-07-27 20:17:31] eval 062: objective=34.949 coverage=0.889 min_coverage=0.000 masked=12.354% max_masked=22.334% profile_affected=60.774% max_bridge=194.50arcsec status=ok elapsed=1m 11s remaining=18, rough_eta=8m 10s, expected_completion=2026-07-27 20:25:41
[2026-07-27 20:17:31] eval 063 trial 62 starting (63/80); params=thresh=1.347, minarea=38, deblend=44/0.00001, back=32, filter=1, dilation=2, max_area=7274, max_elongation=24.011
[2026-07-27 20:17:32] eval 063 galaxy 1/20 NGC2500: coverage=1.000, masked=7.629%, segments=399, elapsed=1s
[2026-07-27 20:17:33] eval 063 galaxy 2/20 NGC4204: coverage=0.651, masked=2.388%, segments=617, elapsed=1s
[2026-07-27 20:17:34] eval 063 galaxy 3/20 NGC4496A: coverage=1.000, masked=4.087%, segments=315, elapsed=0s
[2026-07-27 20:17:34] eval 063 galaxy 4/20 UGC06840: coverage=0.125, masked=1.626%, segments=170, elapsed=1s
[2026-07-27 20:17:35] eval 063 galaxy 5/20 NGC4123: coverage=0.600, masked=2.547%, segments=247, elapsed=1s
[2026-07-27 20:17:35] eval 063 galaxy 6/20 UGC09245: coverage=1.000, masked=3.563%, segments=237, elapsed=0s
[2026-07-27 20:17:35] eval 063 galaxy 7/20 NGC4532: coverage=1.000, masked=5.232%, segments=333, elapsed=1s
[2026-07-27 20:17:36] eval 063 galaxy 8/20 PGC011677: coverage=0.385, masked=3.571%, segments=198, elapsed=0s
[2026-07-27 20:17:36] eval 063 galaxy 9/20 IC1014: coverage=1.000, masked=2.824%, segments=170, elapsed=0s
[2026-07-27 20:17:37] eval 063 galaxy 10/20 NGC4293: coverage=1.000, masked=5.838%, segments=565, elapsed=1s
[2026-07-27 20:17:37] eval 063 galaxy 11/20 NGC3850: coverage=0.533, masked=3.447%, segments=215, elapsed=0s
[2026-07-27 20:17:43] eval 063 galaxy 12/20 NGC2903: coverage=0.750, masked=8.029%, segments=2043, elapsed=5s
[2026-07-27 20:17:43] eval 063 galaxy 13/20 UGC06682: coverage=0.750, masked=2.898%, segments=203, elapsed=0s
[2026-07-27 20:17:43] eval 063 galaxy 14/20 IC3521: coverage=1.000, masked=2.192%, segments=245, elapsed=0s
[2026-07-27 20:17:44] eval 063 galaxy 15/20 IC1954: coverage=0.800, masked=5.000%, segments=287, elapsed=0s
[2026-07-27 20:17:44] eval 063 galaxy 16/20 NGC6237: coverage=1.000, masked=4.600%, segments=243, elapsed=0s
[2026-07-27 20:17:45] eval 063 galaxy 17/20 NGC3185: coverage=1.000, masked=5.011%, segments=361, elapsed=1s
[2026-07-27 20:17:47] eval 063 galaxy 18/20 NGC3992: coverage=1.000, masked=3.125%, segments=932, elapsed=2s
[2026-07-27 20:17:48] eval 063 galaxy 19/20 PGC051523: coverage=0.000, masked=2.233%, segments=214, elapsed=0s
[2026-07-27 20:17:48] eval 063 galaxy 20/20 NGC3264: coverage=1.000, masked=1.581%, segments=186, elapsed=0s
[2026-07-27 20:17:48] eval 063: objective=19.572 coverage=0.780 min_coverage=0.000 masked=3.871% max_masked=8.029% profile_affected=50.974% max_bridge=194.50arcsec status=ok elapsed=17s remaining=17, rough_eta=7m 40s, expected_completion=2026-07-27 20:25:28
[2026-07-27 20:17:48] eval 064 trial 63 starting (64/80); params=thresh=1.002, minarea=31, deblend=58/0.00002, back=32, filter=1, dilation=2, max_area=7320, max_elongation=24.246
[2026-07-27 20:17:49] eval 064 galaxy 1/20 NGC2500: coverage=1.000, masked=10.535%, segments=600, elapsed=1s
[2026-07-27 20:17:51] eval 064 galaxy 2/20 NGC4204: coverage=0.767, masked=4.181%, segments=1235, elapsed=2s
[2026-07-27 20:17:52] eval 064 galaxy 3/20 NGC4496A: coverage=1.000, masked=6.398%, segments=543, elapsed=1s
[2026-07-27 20:17:52] eval 064 galaxy 4/20 UGC06840: coverage=0.359, masked=2.728%, segments=332, elapsed=1s
[2026-07-27 20:17:53] eval 064 galaxy 5/20 NGC4123: coverage=0.600, masked=4.284%, segments=454, elapsed=1s
[2026-07-27 20:17:53] eval 064 galaxy 6/20 UGC09245: coverage=1.000, masked=6.253%, segments=461, elapsed=0s
[2026-07-27 20:17:54] eval 064 galaxy 7/20 NGC4532: coverage=1.000, masked=8.179%, segments=653, elapsed=1s
[2026-07-27 20:17:54] eval 064 galaxy 8/20 PGC011677: coverage=0.385, masked=6.279%, segments=375, elapsed=0s
[2026-07-27 20:17:55] eval 064 galaxy 9/20 IC1014: coverage=1.000, masked=4.470%, segments=314, elapsed=0s
[2026-07-27 20:17:56] eval 064 galaxy 10/20 NGC4293: coverage=1.000, masked=8.737%, segments=936, elapsed=1s
[2026-07-27 20:17:57] eval 064 galaxy 11/20 NGC3850: coverage=0.867, masked=5.367%, segments=393, elapsed=0s
[2026-07-27 20:18:06] eval 064 galaxy 12/20 NGC2903: coverage=0.750, masked=12.253%, segments=3530, elapsed=9s
[2026-07-27 20:18:06] eval 064 galaxy 13/20 UGC06682: coverage=0.667, masked=4.913%, segments=389, elapsed=0s
[2026-07-27 20:18:07] eval 064 galaxy 14/20 IC3521: coverage=1.000, masked=3.666%, segments=441, elapsed=1s
[2026-07-27 20:18:07] eval 064 galaxy 15/20 IC1954: coverage=1.000, masked=7.205%, segments=454, elapsed=1s
[2026-07-27 20:18:08] eval 064 galaxy 16/20 NGC6237: coverage=1.000, masked=7.092%, segments=454, elapsed=1s
[2026-07-27 20:18:09] eval 064 galaxy 17/20 NGC3185: coverage=1.000, masked=7.496%, segments=650, elapsed=1s
[2026-07-27 20:18:12] eval 064 galaxy 18/20 NGC3992: coverage=1.000, masked=5.109%, segments=1766, elapsed=3s
[2026-07-27 20:18:13] eval 064 galaxy 19/20 PGC051523: coverage=0.000, masked=4.297%, segments=448, elapsed=1s
[2026-07-27 20:18:13] eval 064 galaxy 20/20 NGC3264: coverage=1.000, masked=2.792%, segments=369, elapsed=1s
[2026-07-27 20:18:13] eval 064: objective=18.955 coverage=0.820 min_coverage=0.000 masked=6.112% max_masked=12.253% profile_affected=58.186% max_bridge=195.73arcsec status=ok elapsed=25s remaining=16, rough_eta=7m 12s, expected_completion=2026-07-27 20:25:26
[2026-07-27 20:18:14] eval 065 trial 64 starting (65/80); params=thresh=0.774, minarea=28, deblend=62/0.00002, back=32, filter=3, dilation=2, max_area=6990, max_elongation=27.094
[2026-07-27 20:18:14] eval 065 galaxy 1/20 NGC2500: coverage=1.000, masked=13.384%, segments=789, elapsed=1s
[2026-07-27 20:18:17] eval 065 galaxy 2/20 NGC4204: coverage=0.767, masked=6.128%, segments=1927, elapsed=3s
[2026-07-27 20:18:18] eval 065 galaxy 3/20 NGC4496A: coverage=1.000, masked=8.829%, segments=785, elapsed=1s
[2026-07-27 20:18:18] eval 065 galaxy 4/20 UGC06840: coverage=0.453, masked=3.872%, segments=504, elapsed=1s
[2026-07-27 20:18:19] eval 065 galaxy 5/20 NGC4123: coverage=0.600, masked=5.629%, segments=630, elapsed=1s
[2026-07-27 20:18:20] eval 065 galaxy 6/20 UGC09245: coverage=1.000, masked=8.775%, segments=675, elapsed=1s
[2026-07-27 20:18:21] eval 065 galaxy 7/20 NGC4532: coverage=1.000, masked=11.390%, segments=990, elapsed=1s
[2026-07-27 20:18:21] eval 065 galaxy 8/20 PGC011677: coverage=0.000, masked=8.951%, segments=575, elapsed=0s
[2026-07-27 20:18:21] eval 065 galaxy 9/20 IC1014: coverage=1.000, masked=5.980%, segments=424, elapsed=0s
[2026-07-27 20:18:23] eval 065 galaxy 10/20 NGC4293: coverage=1.000, masked=11.273%, segments=1357, elapsed=2s
[2026-07-27 20:18:23] eval 065 galaxy 11/20 NGC3850: coverage=1.000, masked=7.336%, segments=560, elapsed=0s
[2026-07-27 20:18:37] eval 065 galaxy 12/20 NGC2903: coverage=0.750, masked=16.136%, segments=4922, elapsed=13s
[2026-07-27 20:18:37] eval 065 galaxy 13/20 UGC06682: coverage=0.667, masked=6.863%, segments=582, elapsed=0s
[2026-07-27 20:18:38] eval 065 galaxy 14/20 IC3521: coverage=1.000, masked=5.208%, segments=652, elapsed=1s
[2026-07-27 20:18:38] eval 065 galaxy 15/20 IC1954: coverage=0.000, masked=9.595%, segments=641, elapsed=1s
[2026-07-27 20:18:39] eval 065 galaxy 16/20 NGC6237: coverage=1.000, masked=9.193%, segments=632, elapsed=1s
[2026-07-27 20:18:40] eval 065 galaxy 17/20 NGC3185: coverage=1.000, masked=9.965%, segments=928, elapsed=1s
[2026-07-27 20:18:45] eval 065 galaxy 18/20 NGC3992: coverage=1.000, masked=7.226%, segments=2704, elapsed=5s
[2026-07-27 20:18:46] eval 065 galaxy 19/20 PGC051523: coverage=0.000, masked=5.707%, segments=626, elapsed=1s
[2026-07-27 20:18:46] eval 065 galaxy 20/20 NGC3264: coverage=1.000, masked=4.254%, segments=606, elapsed=1s
[2026-07-27 20:18:46] eval 065: objective=31.384 coverage=0.762 min_coverage=0.000 masked=8.285% max_masked=16.136% profile_affected=54.371% max_bridge=192.06arcsec status=ok elapsed=33s remaining=15, rough_eta=6m 47s, expected_completion=2026-07-27 20:25:33
[2026-07-27 20:18:47] eval 066 trial 65 starting (66/80); params=thresh=0.994, minarea=31, deblend=58/0.00005, back=96, filter=9, dilation=1, max_area=7520, max_elongation=28.243
[2026-07-27 20:18:47] eval 066 galaxy 1/20 NGC2500: coverage=0.000, masked=13.626%, segments=495, elapsed=1s
[2026-07-27 20:18:50] eval 066 galaxy 2/20 NGC4204: coverage=0.884, masked=5.109%, segments=1342, elapsed=2s
[2026-07-27 20:18:51] eval 066 galaxy 3/20 NGC4496A: coverage=0.800, masked=9.345%, segments=567, elapsed=1s
[2026-07-27 20:18:51] eval 066 galaxy 4/20 UGC06840: coverage=0.125, masked=2.889%, segments=385, elapsed=1s
[2026-07-27 20:18:52] eval 066 galaxy 5/20 NGC4123: coverage=0.400, masked=5.723%, segments=442, elapsed=1s
[2026-07-27 20:18:53] eval 066 galaxy 6/20 UGC09245: coverage=0.000, masked=7.719%, segments=499, elapsed=1s
[2026-07-27 20:18:54] eval 066 galaxy 7/20 NGC4532: coverage=1.000, masked=11.861%, segments=737, elapsed=1s
[2026-07-27 20:18:54] eval 066 galaxy 8/20 PGC011677: coverage=0.000, masked=7.103%, segments=380, elapsed=0s
[2026-07-27 20:18:54] eval 066 galaxy 9/20 IC1014: coverage=0.000, masked=5.518%, segments=326, elapsed=0s
[2026-07-27 20:18:56] eval 066 galaxy 10/20 NGC4293: coverage=0.000, masked=10.310%, segments=958, elapsed=2s
[2026-07-27 20:18:57] eval 066 galaxy 11/20 NGC3850: coverage=0.000, masked=6.138%, segments=381, elapsed=1s
[2026-07-27 20:19:07] eval 066 galaxy 12/20 NGC2903: coverage=0.750, masked=13.229%, segments=2819, elapsed=11s
[2026-07-27 20:19:08] eval 066 galaxy 13/20 UGC06682: coverage=1.000, masked=5.883%, segments=406, elapsed=1s
[2026-07-27 20:19:08] eval 066 galaxy 14/20 IC3521: coverage=1.000, masked=5.145%, segments=492, elapsed=1s
[2026-07-27 20:19:09] eval 066 galaxy 15/20 IC1954: coverage=0.000, masked=8.030%, segments=446, elapsed=1s
[2026-07-27 20:19:10] eval 066 galaxy 16/20 NGC6237: coverage=0.600, masked=7.055%, segments=412, elapsed=1s
[2026-07-27 20:19:11] eval 066 galaxy 17/20 NGC3185: coverage=0.000, masked=7.974%, segments=626, elapsed=1s
[2026-07-27 20:19:16] eval 066 galaxy 18/20 NGC3992: coverage=0.000, masked=6.663%, segments=1861, elapsed=5s
[2026-07-27 20:19:16] eval 066 galaxy 19/20 PGC051523: coverage=0.000, masked=5.030%, segments=480, elapsed=1s
[2026-07-27 20:19:17] eval 066 galaxy 20/20 NGC3264: coverage=1.000, masked=4.040%, segments=439, elapsed=1s
[2026-07-27 20:19:17] eval 066: objective=28.503 coverage=0.378 min_coverage=0.000 masked=7.419% max_masked=13.626% profile_affected=31.800% max_bridge=146.79arcsec status=ok elapsed=30s remaining=14, rough_eta=6m 20s, expected_completion=2026-07-27 20:25:37
[2026-07-27 20:19:17] eval 067 trial 66 starting (67/80); params=thresh=0.937, minarea=32, deblend=59/0.00002, back=32, filter=1, dilation=2, max_area=7771, max_elongation=25.522
[2026-07-27 20:19:18] eval 067 galaxy 1/20 NGC2500: coverage=1.000, masked=10.821%, segments=628, elapsed=1s
[2026-07-27 20:19:20] eval 067 galaxy 2/20 NGC4204: coverage=0.767, masked=4.418%, segments=1279, elapsed=2s
[2026-07-27 20:19:21] eval 067 galaxy 3/20 NGC4496A: coverage=1.000, masked=6.668%, segments=558, elapsed=1s
[2026-07-27 20:19:21] eval 067 galaxy 4/20 UGC06840: coverage=0.359, masked=2.850%, segments=337, elapsed=1s
[2026-07-27 20:19:22] eval 067 galaxy 5/20 NGC4123: coverage=0.600, masked=4.427%, segments=477, elapsed=1s
[2026-07-27 20:19:22] eval 067 galaxy 6/20 UGC09245: coverage=1.000, masked=6.495%, segments=471, elapsed=0s
[2026-07-27 20:19:23] eval 067 galaxy 7/20 NGC4532: coverage=1.000, masked=8.546%, segments=668, elapsed=1s
[2026-07-27 20:19:24] eval 067 galaxy 8/20 PGC011677: coverage=0.385, masked=6.544%, segments=382, elapsed=0s
[2026-07-27 20:19:24] eval 067 galaxy 9/20 IC1014: coverage=1.000, masked=4.694%, segments=328, elapsed=0s
[2026-07-27 20:19:26] eval 067 galaxy 10/20 NGC4293: coverage=1.000, masked=9.076%, segments=999, elapsed=1s
[2026-07-27 20:19:26] eval 067 galaxy 11/20 NGC3850: coverage=0.933, masked=5.673%, segments=410, elapsed=0s
[2026-07-27 20:19:37] eval 067 galaxy 12/20 NGC2903: coverage=0.750, masked=12.779%, segments=3658, elapsed=11s
[2026-07-27 20:19:37] eval 067 galaxy 13/20 UGC06682: coverage=1.000, masked=5.108%, segments=389, elapsed=1s
[2026-07-27 20:19:38] eval 067 galaxy 14/20 IC3521: coverage=1.000, masked=3.831%, segments=455, elapsed=1s
[2026-07-27 20:19:39] eval 067 galaxy 15/20 IC1954: coverage=1.000, masked=7.600%, segments=489, elapsed=1s
[2026-07-27 20:19:39] eval 067 galaxy 16/20 NGC6237: coverage=1.000, masked=7.324%, segments=459, elapsed=1s
[2026-07-27 20:19:40] eval 067 galaxy 17/20 NGC3185: coverage=1.000, masked=7.860%, segments=674, elapsed=1s
[2026-07-27 20:19:44] eval 067 galaxy 18/20 NGC3992: coverage=1.000, masked=5.379%, segments=1857, elapsed=4s
[2026-07-27 20:19:45] eval 067 galaxy 19/20 PGC051523: coverage=0.000, masked=4.478%, segments=455, elapsed=1s
[2026-07-27 20:19:45] eval 067 galaxy 20/20 NGC3264: coverage=1.000, masked=2.933%, segments=385, elapsed=1s
[2026-07-27 20:19:45] eval 067: objective=18.472 coverage=0.840 min_coverage=0.000 masked=6.375% max_masked=12.779% profile_affected=57.921% max_bridge=200.62arcsec status=ok elapsed=28s remaining=13, rough_eta=5m 53s, expected_completion=2026-07-27 20:25:39
[2026-07-27 20:19:46] eval 068 trial 67 starting (68/80); params=thresh=0.566, minarea=22, deblend=53/0.00003, back=32, filter=1, dilation=2, max_area=7708, max_elongation=25.102
[2026-07-27 20:19:48] eval 068 galaxy 1/20 NGC2500: coverage=1.000, masked=18.830%, segments=1304, elapsed=2s
[2026-07-27 20:19:55] eval 068 galaxy 2/20 NGC4204: coverage=0.767, masked=10.151%, segments=3526, elapsed=7s
[2026-07-27 20:19:57] eval 068 galaxy 3/20 NGC4496A: coverage=1.000, masked=12.970%, segments=1291, elapsed=1s
[2026-07-27 20:19:58] eval 068 galaxy 4/20 UGC06840: coverage=0.531, masked=6.667%, segments=953, elapsed=1s
[2026-07-27 20:19:59] eval 068 galaxy 5/20 NGC4123: coverage=1.000, masked=9.166%, segments=1126, elapsed=1s
[2026-07-27 20:20:00] eval 068 galaxy 6/20 UGC09245: coverage=1.000, masked=14.397%, segments=1244, elapsed=1s
[2026-07-27 20:20:02] eval 068 galaxy 7/20 NGC4532: coverage=1.000, masked=16.420%, segments=1661, elapsed=2s
[2026-07-27 20:20:03] eval 068 galaxy 8/20 PGC011677: coverage=1.000, masked=14.909%, segments=1073, elapsed=1s
[2026-07-27 20:20:04] eval 068 galaxy 9/20 IC1014: coverage=1.000, masked=9.984%, segments=826, elapsed=1s
[2026-07-27 20:20:07] eval 068 galaxy 10/20 NGC4293: coverage=0.500, masked=15.901%, segments=2227, elapsed=3s
[2026-07-27 20:20:08] eval 068 galaxy 11/20 NGC3850: coverage=1.000, masked=11.703%, segments=1039, elapsed=1s
[2026-07-27 20:20:35] eval 068 galaxy 12/20 NGC2903: coverage=0.750, masked=23.125%, segments=7960, elapsed=28s
[2026-07-27 20:20:36] eval 068 galaxy 13/20 UGC06682: coverage=1.000, masked=11.643%, segments=1087, elapsed=1s
[2026-07-27 20:20:38] eval 068 galaxy 14/20 IC3521: coverage=1.000, masked=8.501%, segments=1164, elapsed=1s
[2026-07-27 20:20:39] eval 068 galaxy 15/20 IC1954: coverage=0.800, masked=14.530%, segments=1125, elapsed=1s
[2026-07-27 20:20:40] eval 068 galaxy 16/20 NGC6237: coverage=1.000, masked=14.323%, segments=1171, elapsed=1s
[2026-07-27 20:20:42] eval 068 galaxy 17/20 NGC3185: coverage=0.500, masked=14.981%, segments=1600, elapsed=2s
[2026-07-27 20:20:55] eval 068 galaxy 18/20 NGC3992: coverage=1.000, masked=11.950%, segments=5022, elapsed=13s
[2026-07-27 20:20:56] eval 068 galaxy 19/20 PGC051523: coverage=0.000, masked=9.645%, segments=1123, elapsed=1s
[2026-07-27 20:20:57] eval 068 galaxy 20/20 NGC3264: coverage=1.000, masked=7.479%, segments=1168, elapsed=1s
[2026-07-27 20:20:57] eval 068: objective=36.886 coverage=0.842 min_coverage=0.000 masked=12.864% max_masked=23.125% profile_affected=60.346% max_bridge=156.58arcsec status=ok elapsed=1m 11s remaining=12, rough_eta=5m 34s, expected_completion=2026-07-27 20:26:31
[2026-07-27 20:20:57] eval 069 trial 68 starting (69/80); params=thresh=1.036, minarea=29, deblend=51/0.00002, back=24, filter=1, dilation=2, max_area=7282, max_elongation=26.109
[2026-07-27 20:20:58] eval 069 galaxy 1/20 NGC2500: coverage=1.000, masked=9.730%, segments=614, elapsed=1s
[2026-07-27 20:21:00] eval 069 galaxy 2/20 NGC4204: coverage=0.581, masked=4.076%, segments=1259, elapsed=2s
[2026-07-27 20:21:00] eval 069 galaxy 3/20 NGC4496A: coverage=1.000, masked=6.161%, segments=592, elapsed=1s
[2026-07-27 20:21:01] eval 069 galaxy 4/20 UGC06840: coverage=0.125, masked=2.474%, segments=316, elapsed=1s
[2026-07-27 20:21:02] eval 069 galaxy 5/20 NGC4123: coverage=0.600, masked=3.768%, segments=441, elapsed=1s
[2026-07-27 20:21:02] eval 069 galaxy 6/20 UGC09245: coverage=1.000, masked=5.813%, segments=445, elapsed=0s
[2026-07-27 20:21:03] eval 069 galaxy 7/20 NGC4532: coverage=1.000, masked=7.752%, segments=660, elapsed=1s
[2026-07-27 20:21:03] eval 069 galaxy 8/20 PGC011677: coverage=0.385, masked=5.958%, segments=376, elapsed=0s
[2026-07-27 20:21:03] eval 069 galaxy 9/20 IC1014: coverage=1.000, masked=4.040%, segments=294, elapsed=0s
[2026-07-27 20:21:05] eval 069 galaxy 10/20 NGC4293: coverage=0.500, masked=8.263%, segments=994, elapsed=1s
[2026-07-27 20:21:05] eval 069 galaxy 11/20 NGC3850: coverage=1.000, masked=4.986%, segments=386, elapsed=0s
[2026-07-27 20:21:14] eval 069 galaxy 12/20 NGC2903: coverage=0.750, masked=11.765%, segments=3630, elapsed=9s
[2026-07-27 20:21:14] eval 069 galaxy 13/20 UGC06682: coverage=0.750, masked=4.635%, segments=384, elapsed=0s
[2026-07-27 20:21:15] eval 069 galaxy 14/20 IC3521: coverage=1.000, masked=3.612%, segments=461, elapsed=1s
[2026-07-27 20:21:15] eval 069 galaxy 15/20 IC1954: coverage=1.000, masked=6.782%, segments=481, elapsed=0s
[2026-07-27 20:21:16] eval 069 galaxy 16/20 NGC6237: coverage=1.000, masked=6.591%, segments=447, elapsed=1s
[2026-07-27 20:21:17] eval 069 galaxy 17/20 NGC3185: coverage=1.000, masked=6.546%, segments=620, elapsed=1s
[2026-07-27 20:21:20] eval 069 galaxy 18/20 NGC3992: coverage=1.000, masked=5.187%, segments=1879, elapsed=4s
[2026-07-27 20:21:21] eval 069 galaxy 19/20 PGC051523: coverage=0.000, masked=3.873%, segments=412, elapsed=0s
[2026-07-27 20:21:21] eval 069 galaxy 20/20 NGC3264: coverage=1.000, masked=2.620%, segments=363, elapsed=1s
[2026-07-27 20:21:21] eval 069: objective=19.677 coverage=0.785 min_coverage=0.000 masked=5.732% max_masked=11.765% profile_affected=55.260% max_bridge=181.05arcsec status=ok elapsed=24s remaining=11, rough_eta=5m 05s, expected_completion=2026-07-27 20:26:27
[2026-07-27 20:21:22] eval 070 trial 69 starting (70/80); params=thresh=1.291, minarea=32, deblend=55/0.00221, back=64, filter=1, dilation=2, max_area=2303, max_elongation=23.719
[2026-07-27 20:21:22] eval 070 galaxy 1/20 NGC2500: coverage=0.000, masked=5.059%, segments=253, elapsed=1s
[2026-07-27 20:21:24] eval 070 galaxy 2/20 NGC4204: coverage=0.419, masked=3.010%, segments=820, elapsed=2s
[2026-07-27 20:21:24] eval 070 galaxy 3/20 NGC4496A: coverage=0.500, masked=3.768%, segments=308, elapsed=0s
[2026-07-27 20:21:25] eval 070 galaxy 4/20 UGC06840: coverage=0.125, masked=1.658%, segments=232, elapsed=1s
[2026-07-27 20:21:26] eval 070 galaxy 5/20 NGC4123: coverage=0.000, masked=2.441%, segments=248, elapsed=1s
[2026-07-27 20:21:26] eval 070 galaxy 6/20 UGC09245: coverage=0.000, masked=5.538%, segments=343, elapsed=0s
[2026-07-27 20:21:27] eval 070 galaxy 7/20 NGC4532: coverage=0.000, masked=6.073%, segments=457, elapsed=1s
[2026-07-27 20:21:27] eval 070 galaxy 8/20 PGC011677: coverage=0.000, masked=5.510%, segments=293, elapsed=0s
[2026-07-27 20:21:27] eval 070 galaxy 9/20 IC1014: coverage=0.400, masked=3.322%, segments=184, elapsed=0s
[2026-07-27 20:21:29] eval 070 galaxy 10/20 NGC4293: coverage=0.000, masked=5.349%, segments=624, elapsed=1s
[2026-07-27 20:21:29] eval 070 galaxy 11/20 NGC3850: coverage=0.000, masked=3.990%, segments=264, elapsed=0s
[2026-07-27 20:21:35] eval 070 galaxy 12/20 NGC2903: coverage=0.000, masked=7.197%, segments=1994, elapsed=6s
[2026-07-27 20:21:35] eval 070 galaxy 13/20 UGC06682: coverage=0.083, masked=4.186%, segments=289, elapsed=0s
[2026-07-27 20:21:36] eval 070 galaxy 14/20 IC3521: coverage=1.000, masked=3.098%, segments=328, elapsed=1s
[2026-07-27 20:21:36] eval 070 galaxy 15/20 IC1954: coverage=0.000, masked=4.507%, segments=280, elapsed=1s
[2026-07-27 20:21:37] eval 070 galaxy 16/20 NGC6237: coverage=0.600, masked=4.382%, segments=264, elapsed=0s
[2026-07-27 20:21:38] eval 070 galaxy 17/20 NGC3185: coverage=0.000, masked=4.346%, segments=388, elapsed=1s
[2026-07-27 20:21:41] eval 070 galaxy 18/20 NGC3992: coverage=0.000, masked=3.192%, segments=1101, elapsed=3s
[2026-07-27 20:21:41] eval 070 galaxy 19/20 PGC051523: coverage=0.000, masked=3.457%, segments=335, elapsed=0s
[2026-07-27 20:21:42] eval 070 galaxy 20/20 NGC3264: coverage=1.000, masked=2.688%, segments=285, elapsed=1s
[2026-07-27 20:21:42] eval 070: objective=31.708 coverage=0.206 min_coverage=0.000 masked=4.139% max_masked=7.197% profile_affected=12.647% max_bridge=69.73arcsec status=ok elapsed=20s remaining=10, rough_eta=4m 37s, expected_completion=2026-07-27 20:26:18
[2026-07-27 20:21:42] eval 071 trial 70 starting (71/80); params=thresh=1.459, minarea=18, deblend=58/0.00007, back=16, filter=1, dilation=2, max_area=7697, max_elongation=24.514
[2026-07-27 20:21:42] eval 071 galaxy 1/20 NGC2500: coverage=1.000, masked=8.141%, segments=686, elapsed=0s
[2026-07-27 20:21:44] eval 071 galaxy 2/20 NGC4204: coverage=0.512, masked=3.489%, segments=1447, elapsed=2s
[2026-07-27 20:21:45] eval 071 galaxy 3/20 NGC4496A: coverage=1.000, masked=5.573%, segments=694, elapsed=1s
[2026-07-27 20:21:45] eval 071 galaxy 4/20 UGC06840: coverage=0.078, masked=1.921%, segments=332, elapsed=1s
[2026-07-27 20:21:46] eval 071 galaxy 5/20 NGC4123: coverage=0.600, masked=2.958%, segments=466, elapsed=1s
[2026-07-27 20:21:46] eval 071 galaxy 6/20 UGC09245: coverage=1.000, masked=5.377%, segments=547, elapsed=0s
[2026-07-27 20:21:47] eval 071 galaxy 7/20 NGC4532: coverage=1.000, masked=7.280%, segments=860, elapsed=1s
[2026-07-27 20:21:47] eval 071 galaxy 8/20 PGC011677: coverage=0.385, masked=4.882%, segments=421, elapsed=0s
[2026-07-27 20:21:47] eval 071 galaxy 9/20 IC1014: coverage=1.000, masked=3.363%, segments=325, elapsed=0s
[2026-07-27 20:21:48] eval 071 galaxy 10/20 NGC4293: coverage=0.500, masked=5.952%, segments=1029, elapsed=1s
[2026-07-27 20:21:49] eval 071 galaxy 11/20 NGC3850: coverage=0.467, masked=3.993%, segments=409, elapsed=0s
[2026-07-27 20:21:54] eval 071 galaxy 12/20 NGC2903: coverage=0.750, masked=10.726%, segments=4363, elapsed=5s
[2026-07-27 20:21:54] eval 071 galaxy 13/20 UGC06682: coverage=0.333, masked=4.028%, segments=451, elapsed=0s
[2026-07-27 20:21:55] eval 071 galaxy 14/20 IC3521: coverage=1.000, masked=2.864%, segments=494, elapsed=1s
[2026-07-27 20:21:55] eval 071 galaxy 15/20 IC1954: coverage=1.000, masked=5.646%, segments=535, elapsed=0s
[2026-07-27 20:21:56] eval 071 galaxy 16/20 NGC6237: coverage=0.920, masked=5.610%, segments=503, elapsed=0s
[2026-07-27 20:21:56] eval 071 galaxy 17/20 NGC3185: coverage=0.500, masked=5.139%, segments=654, elapsed=1s
[2026-07-27 20:21:59] eval 071 galaxy 18/20 NGC3992: coverage=1.000, masked=4.577%, segments=2333, elapsed=3s
[2026-07-27 20:22:00] eval 071 galaxy 19/20 PGC051523: coverage=0.000, masked=3.322%, segments=488, elapsed=0s
[2026-07-27 20:22:00] eval 071 galaxy 20/20 NGC3264: coverage=1.000, masked=2.085%, segments=395, elapsed=1s
[2026-07-27 20:22:00] eval 071: objective=21.395 coverage=0.702 min_coverage=0.000 masked=4.846% max_masked=10.726% profile_affected=48.494% max_bridge=181.05arcsec status=ok elapsed=18s remaining=9, rough_eta=4m 08s, expected_completion=2026-07-27 20:26:08
[2026-07-27 20:22:01] eval 072 trial 71 starting (72/80); params=thresh=0.354, minarea=34, deblend=59/0.00002, back=32, filter=7, dilation=1, max_area=6812, max_elongation=27.859
[2026-07-27 20:22:02] eval 072 galaxy 1/20 NGC2500: coverage=1.000, masked=19.124%, segments=1056, elapsed=1s
[2026-07-27 20:22:09] eval 072 galaxy 2/20 NGC4204: coverage=0.884, masked=10.848%, segments=3122, elapsed=7s
[2026-07-27 20:22:11] eval 072 galaxy 3/20 NGC4496A: coverage=1.000, masked=14.568%, segments=1159, elapsed=1s
[2026-07-27 20:22:12] eval 072 galaxy 4/20 UGC06840: coverage=0.844, masked=6.443%, segments=850, elapsed=1s
[2026-07-27 20:22:13] eval 072 galaxy 5/20 NGC4123: coverage=0.840, masked=9.288%, segments=973, elapsed=1s
[2026-07-27 20:22:14] eval 072 galaxy 6/20 UGC09245: coverage=1.000, masked=15.490%, segments=1049, elapsed=1s
[2026-07-27 20:22:16] eval 072 galaxy 7/20 NGC4532: coverage=1.000, masked=18.529%, segments=1422, elapsed=2s
[2026-07-27 20:22:17] eval 072 galaxy 8/20 PGC011677: coverage=0.615, masked=15.650%, segments=881, elapsed=1s
[2026-07-27 20:22:18] eval 072 galaxy 9/20 IC1014: coverage=0.000, masked=10.125%, segments=717, elapsed=1s
[2026-07-27 20:22:21] eval 072 galaxy 10/20 NGC4293: coverage=0.750, masked=16.496%, segments=1870, elapsed=3s
[2026-07-27 20:22:22] eval 072 galaxy 11/20 NGC3850: coverage=0.000, masked=11.765%, segments=836, elapsed=1s
[2026-07-27 20:22:53] eval 072 galaxy 12/20 NGC2903: coverage=0.750, masked=24.159%, segments=6234, elapsed=30s
[2026-07-27 20:22:53] eval 072 galaxy 13/20 UGC06682: coverage=1.000, masked=11.829%, segments=908, elapsed=1s
[2026-07-27 20:22:55] eval 072 galaxy 14/20 IC3521: coverage=1.000, masked=8.910%, segments=995, elapsed=1s
[2026-07-27 20:22:56] eval 072 galaxy 15/20 IC1954: coverage=0.000, masked=14.229%, segments=931, elapsed=1s
[2026-07-27 20:22:57] eval 072 galaxy 16/20 NGC6237: coverage=1.000, masked=14.860%, segments=954, elapsed=1s
[2026-07-27 20:22:59] eval 072 galaxy 17/20 NGC3185: coverage=0.500, masked=14.136%, segments=1301, elapsed=2s
[2026-07-27 20:23:13] eval 072 galaxy 18/20 NGC3992: coverage=0.500, masked=12.726%, segments=4448, elapsed=14s
[2026-07-27 20:23:14] eval 072 galaxy 19/20 PGC051523: coverage=0.000, masked=9.893%, segments=989, elapsed=1s
[2026-07-27 20:23:15] eval 072 galaxy 20/20 NGC3264: coverage=1.000, masked=7.936%, segments=1007, elapsed=1s
[2026-07-27 20:23:15] eval 072: objective=41.15 coverage=0.684 min_coverage=0.000 masked=13.350% max_masked=24.159% profile_affected=46.512% max_bridge=194.50arcsec status=ok elapsed=1m 15s remaining=8, rough_eta=3m 45s, expected_completion=2026-07-27 20:27:01
[2026-07-27 20:23:16] eval 073 trial 72 starting (73/80); params=thresh=0.757, minarea=30, deblend=63/0.00002, back=32, filter=1, dilation=0, max_area=7136, max_elongation=26.828
[2026-07-27 20:23:16] eval 073 galaxy 1/20 NGC2500: coverage=1.000, masked=7.632%, segments=807, elapsed=1s
[2026-07-27 20:23:20] eval 073 galaxy 2/20 NGC4204: coverage=0.767, masked=2.772%, segments=1761, elapsed=3s
[2026-07-27 20:23:21] eval 073 galaxy 3/20 NGC4496A: coverage=1.000, masked=4.622%, segments=742, elapsed=1s
[2026-07-27 20:23:21] eval 073 galaxy 4/20 UGC06840: coverage=0.328, masked=1.942%, segments=490, elapsed=1s
[2026-07-27 20:23:22] eval 073 galaxy 5/20 NGC4123: coverage=0.800, masked=2.999%, segments=637, elapsed=1s
[2026-07-27 20:23:23] eval 073 galaxy 6/20 UGC09245: coverage=1.000, masked=4.067%, segments=655, elapsed=1s
[2026-07-27 20:23:24] eval 073 galaxy 7/20 NGC4532: coverage=1.000, masked=5.870%, segments=881, elapsed=1s
[2026-07-27 20:23:24] eval 073 galaxy 8/20 PGC011677: coverage=0.385, masked=3.965%, segments=527, elapsed=0s
[2026-07-27 20:23:25] eval 073 galaxy 9/20 IC1014: coverage=1.000, masked=3.058%, segments=432, elapsed=0s
[2026-07-27 20:23:26] eval 073 galaxy 10/20 NGC4293: coverage=0.650, masked=6.060%, segments=1318, elapsed=2s
[2026-07-27 20:23:27] eval 073 galaxy 11/20 NGC3850: coverage=0.733, masked=3.694%, segments=561, elapsed=1s
[2026-07-27 20:23:43] eval 073 galaxy 12/20 NGC2903: coverage=0.750, masked=8.508%, segments=4679, elapsed=17s
[2026-07-27 20:23:44] eval 073 galaxy 13/20 UGC06682: coverage=0.750, masked=3.261%, segments=562, elapsed=1s
[2026-07-27 20:23:45] eval 073 galaxy 14/20 IC3521: coverage=1.000, masked=2.567%, segments=647, elapsed=1s
[2026-07-27 20:23:45] eval 073 galaxy 15/20 IC1954: coverage=0.600, masked=5.397%, segments=655, elapsed=1s
[2026-07-27 20:23:46] eval 073 galaxy 16/20 NGC6237: coverage=1.000, masked=5.100%, segments=630, elapsed=1s
[2026-07-27 20:23:47] eval 073 galaxy 17/20 NGC3185: coverage=1.000, masked=5.503%, segments=917, elapsed=1s
[2026-07-27 20:23:53] eval 073 galaxy 18/20 NGC3992: coverage=1.000, masked=3.681%, segments=2545, elapsed=6s
[2026-07-27 20:23:54] eval 073 galaxy 19/20 PGC051523: coverage=0.000, masked=2.719%, segments=587, elapsed=1s
[2026-07-27 20:23:54] eval 073 galaxy 20/20 NGC3264: coverage=1.000, masked=1.877%, segments=546, elapsed=1s
[2026-07-27 20:23:54] eval 073: objective=19.328 coverage=0.788 min_coverage=0.000 masked=4.265% max_masked=8.508% profile_affected=51.144% max_bridge=148.02arcsec status=ok elapsed=39s remaining=7, rough_eta=3m 18s, expected_completion=2026-07-27 20:27:13
[2026-07-27 20:23:55] eval 074 trial 73 starting (74/80); params=thresh=0.914, minarea=27, deblend=63/0.00002, back=32, filter=1, dilation=0, max_area=7448, max_elongation=26.062
[2026-07-27 20:23:55] eval 074 galaxy 1/20 NGC2500: coverage=1.000, masked=7.046%, segments=783, elapsed=1s
[2026-07-27 20:23:58] eval 074 galaxy 2/20 NGC4204: coverage=0.767, masked=2.480%, segments=1693, elapsed=2s
[2026-07-27 20:23:58] eval 074 galaxy 3/20 NGC4496A: coverage=1.000, masked=4.175%, segments=712, elapsed=1s
[2026-07-27 20:23:59] eval 074 galaxy 4/20 UGC06840: coverage=0.219, masked=1.724%, segments=462, elapsed=1s
[2026-07-27 20:24:00] eval 074 galaxy 5/20 NGC4123: coverage=0.600, masked=2.692%, segments=609, elapsed=1s
[2026-07-27 20:24:00] eval 074 galaxy 6/20 UGC09245: coverage=1.000, masked=3.563%, segments=606, elapsed=0s
[2026-07-27 20:24:01] eval 074 galaxy 7/20 NGC4532: coverage=1.000, masked=5.345%, segments=866, elapsed=1s
[2026-07-27 20:24:01] eval 074 galaxy 8/20 PGC011677: coverage=0.385, masked=3.520%, segments=512, elapsed=0s
[2026-07-27 20:24:02] eval 074 galaxy 9/20 IC1014: coverage=1.000, masked=2.757%, segments=407, elapsed=0s
[2026-07-27 20:24:03] eval 074 galaxy 10/20 NGC4293: coverage=0.900, masked=5.742%, segments=1242, elapsed=1s
[2026-07-27 20:24:04] eval 074 galaxy 11/20 NGC3850: coverage=0.667, masked=3.367%, segments=529, elapsed=0s
[2026-07-27 20:24:15] eval 074 galaxy 12/20 NGC2903: coverage=0.750, masked=7.742%, segments=4557, elapsed=11s
[2026-07-27 20:24:16] eval 074 galaxy 13/20 UGC06682: coverage=0.500, masked=2.886%, segments=534, elapsed=0s
[2026-07-27 20:24:16] eval 074 galaxy 14/20 IC3521: coverage=1.000, masked=2.310%, segments=624, elapsed=1s
[2026-07-27 20:24:17] eval 074 galaxy 15/20 IC1954: coverage=0.000, masked=4.906%, segments=611, elapsed=1s
[2026-07-27 20:24:17] eval 074 galaxy 16/20 NGC6237: coverage=0.840, masked=4.557%, segments=592, elapsed=1s
[2026-07-27 20:24:18] eval 074 galaxy 17/20 NGC3185: coverage=1.000, masked=4.941%, segments=865, elapsed=1s
[2026-07-27 20:24:23] eval 074 galaxy 18/20 NGC3992: coverage=1.000, masked=3.250%, segments=2412, elapsed=4s
[2026-07-27 20:24:23] eval 074 galaxy 19/20 PGC051523: coverage=0.000, masked=2.404%, segments=558, elapsed=1s
[2026-07-27 20:24:24] eval 074 galaxy 20/20 NGC3264: coverage=1.000, masked=1.632%, segments=502, elapsed=1s
[2026-07-27 20:24:24] eval 074: objective=20.617 coverage=0.731 min_coverage=0.000 masked=3.852% max_masked=7.742% profile_affected=50.101% max_bridge=188.39arcsec status=ok elapsed=29s remaining=6, rough_eta=2m 50s, expected_completion=2026-07-27 20:27:14
[2026-07-27 20:24:24] eval 075 trial 74 starting (75/80); params=thresh=0.661, minarea=30, deblend=48/0.00003, back=32, filter=1, dilation=2, max_area=7129, max_elongation=26.881
[2026-07-27 20:24:25] eval 075 galaxy 1/20 NGC2500: coverage=1.000, masked=14.553%, segments=858, elapsed=1s
[2026-07-27 20:24:29] eval 075 galaxy 2/20 NGC4204: coverage=0.721, masked=6.846%, segments=2011, elapsed=4s
[2026-07-27 20:24:30] eval 075 galaxy 3/20 NGC4496A: coverage=1.000, masked=9.545%, segments=817, elapsed=1s
[2026-07-27 20:24:31] eval 075 galaxy 4/20 UGC06840: coverage=0.469, masked=4.542%, segments=545, elapsed=1s
[2026-07-27 20:24:32] eval 075 galaxy 5/20 NGC4123: coverage=0.800, masked=6.624%, segments=717, elapsed=1s
[2026-07-27 20:24:32] eval 075 galaxy 6/20 UGC09245: coverage=1.000, masked=9.886%, segments=724, elapsed=1s
[2026-07-27 20:24:33] eval 075 galaxy 7/20 NGC4532: coverage=1.000, masked=12.140%, segments=1017, elapsed=1s
[2026-07-27 20:24:34] eval 075 galaxy 8/20 PGC011677: coverage=0.385, masked=10.228%, segments=611, elapsed=1s
[2026-07-27 20:24:34] eval 075 galaxy 9/20 IC1014: coverage=1.000, masked=6.907%, segments=492, elapsed=0s
[2026-07-27 20:24:36] eval 075 galaxy 10/20 NGC4293: coverage=0.650, masked=11.921%, segments=1415, elapsed=2s
[2026-07-27 20:24:37] eval 075 galaxy 11/20 NGC3850: coverage=0.933, masked=8.335%, segments=621, elapsed=1s
[2026-07-27 20:24:56] eval 075 galaxy 12/20 NGC2903: coverage=0.750, masked=17.714%, segments=5156, elapsed=19s
[2026-07-27 20:24:56] eval 075 galaxy 13/20 UGC06682: coverage=1.000, masked=8.081%, segments=643, elapsed=1s
[2026-07-27 20:24:57] eval 075 galaxy 14/20 IC3521: coverage=1.000, masked=5.983%, segments=719, elapsed=1s
[2026-07-27 20:24:58] eval 075 galaxy 15/20 IC1954: coverage=1.000, masked=10.770%, segments=708, elapsed=1s
[2026-07-27 20:24:59] eval 075 galaxy 16/20 NGC6237: coverage=1.000, masked=10.514%, segments=687, elapsed=1s
[2026-07-27 20:25:00] eval 075 galaxy 17/20 NGC3185: coverage=0.500, masked=11.304%, segments=1003, elapsed=1s
[2026-07-27 20:25:07] eval 075 galaxy 18/20 NGC3992: coverage=1.000, masked=8.249%, segments=2896, elapsed=8s
[2026-07-27 20:25:08] eval 075 galaxy 19/20 PGC051523: coverage=0.000, masked=6.843%, segments=682, elapsed=1s
[2026-07-27 20:25:09] eval 075 galaxy 20/20 NGC3264: coverage=1.000, masked=4.920%, segments=658, elapsed=1s
[2026-07-27 20:25:09] eval 075: objective=32.116 coverage=0.810 min_coverage=0.000 masked=9.295% max_masked=17.714% profile_affected=60.314% max_bridge=155.36arcsec status=ok elapsed=45s remaining=5, rough_eta=2m 23s, expected_completion=2026-07-27 20:27:32
[2026-07-27 20:25:09] eval 076 trial 75 starting (76/80); params=thresh=4.238, minarea=37, deblend=41/0.00004, back=256, filter=1, dilation=2, max_area=7838, max_elongation=25.148
[2026-07-27 20:25:09] eval 076 galaxy 1/20 NGC2500: coverage=0.000, masked=5.622%, segments=137, elapsed=0s
[2026-07-27 20:25:11] eval 076 galaxy 2/20 NGC4204: coverage=0.465, masked=0.791%, segments=183, elapsed=1s
[2026-07-27 20:25:11] eval 076 galaxy 3/20 NGC4496A: coverage=1.000, masked=3.128%, segments=123, elapsed=0s
[2026-07-27 20:25:12] eval 076 galaxy 4/20 UGC06840: coverage=0.078, masked=0.762%, segments=41, elapsed=0s
[2026-07-27 20:25:12] eval 076 galaxy 5/20 NGC4123: coverage=0.600, masked=1.610%, segments=78, elapsed=0s
[2026-07-27 20:25:12] eval 076 galaxy 6/20 UGC09245: coverage=1.000, masked=0.985%, segments=60, elapsed=0s
[2026-07-27 20:25:13] eval 076 galaxy 7/20 NGC4532: coverage=1.000, masked=3.241%, segments=169, elapsed=0s
[2026-07-27 20:25:13] eval 076 galaxy 8/20 PGC011677: coverage=0.000, masked=0.796%, segments=51, elapsed=0s
[2026-07-27 20:25:13] eval 076 galaxy 9/20 IC1014: coverage=1.000, masked=1.442%, segments=69, elapsed=0s
[2026-07-27 20:25:14] eval 076 galaxy 10/20 NGC4293: coverage=0.000, masked=4.008%, segments=191, elapsed=1s
[2026-07-27 20:25:14] eval 076 galaxy 11/20 NGC3850: coverage=0.667, masked=1.270%, segments=62, elapsed=0s
[2026-07-27 20:25:17] eval 076 galaxy 12/20 NGC2903: coverage=0.750, masked=4.115%, segments=394, elapsed=3s
[2026-07-27 20:25:17] eval 076 galaxy 13/20 UGC06682: coverage=0.000, masked=0.853%, segments=53, elapsed=0s
[2026-07-27 20:25:18] eval 076 galaxy 14/20 IC3521: coverage=1.000, masked=0.828%, segments=67, elapsed=0s
[2026-07-27 20:25:18] eval 076 galaxy 15/20 IC1954: coverage=0.800, masked=2.985%, segments=95, elapsed=0s
[2026-07-27 20:25:18] eval 076 galaxy 16/20 NGC6237: coverage=0.680, masked=2.792%, segments=83, elapsed=0s
[2026-07-27 20:25:19] eval 076 galaxy 17/20 NGC3185: coverage=0.500, masked=2.628%, segments=111, elapsed=0s
[2026-07-27 20:25:21] eval 076 galaxy 18/20 NGC3992: coverage=0.200, masked=1.861%, segments=249, elapsed=2s
[2026-07-27 20:25:21] eval 076 galaxy 19/20 PGC051523: coverage=0.000, masked=0.697%, segments=70, elapsed=0s
[2026-07-27 20:25:22] eval 076 galaxy 20/20 NGC3264: coverage=1.000, masked=0.558%, segments=58, elapsed=0s
[2026-07-27 20:25:22] eval 076: objective=24.806 coverage=0.537 min_coverage=0.000 masked=2.048% max_masked=5.622% profile_affected=40.147% max_bridge=181.05arcsec status=ok elapsed=12s remaining=4, rough_eta=1m 53s, expected_completion=2026-07-27 20:27:15
[2026-07-27 20:25:22] eval 077 trial 76 starting (77/80); params=thresh=1.124, minarea=35, deblend=55/0.00002, back=32, filter=1, dilation=0, max_area=1277, max_elongation=21.638
[2026-07-27 20:25:22] eval 077 galaxy 1/20 NGC2500: coverage=1.000, masked=5.642%, segments=471, elapsed=1s
[2026-07-27 20:25:24] eval 077 galaxy 2/20 NGC4204: coverage=0.767, masked=1.587%, segments=876, elapsed=2s
[2026-07-27 20:25:24] eval 077 galaxy 3/20 NGC4496A: coverage=1.000, masked=2.699%, segments=437, elapsed=0s
[2026-07-27 20:25:25] eval 077 galaxy 4/20 UGC06840: coverage=0.219, masked=1.214%, segments=248, elapsed=1s
[2026-07-27 20:25:26] eval 077 galaxy 5/20 NGC4123: coverage=0.600, masked=1.892%, segments=339, elapsed=1s
[2026-07-27 20:25:26] eval 077 galaxy 6/20 UGC09245: coverage=1.000, masked=2.293%, segments=321, elapsed=0s
[2026-07-27 20:25:26] eval 077 galaxy 7/20 NGC4532: coverage=0.000, masked=3.560%, segments=481, elapsed=1s
[2026-07-27 20:25:27] eval 077 galaxy 8/20 PGC011677: coverage=0.385, masked=2.335%, segments=292, elapsed=0s
[2026-07-27 20:25:27] eval 077 galaxy 9/20 IC1014: coverage=1.000, masked=1.837%, segments=222, elapsed=0s
[2026-07-27 20:25:28] eval 077 galaxy 10/20 NGC4293: coverage=0.150, masked=3.816%, segments=753, elapsed=1s
[2026-07-27 20:25:28] eval 077 galaxy 11/20 NGC3850: coverage=0.733, masked=2.051%, segments=303, elapsed=0s
[2026-07-27 20:25:35] eval 077 galaxy 12/20 NGC2903: coverage=0.750, masked=5.220%, segments=2647, elapsed=7s
[2026-07-27 20:25:36] eval 077 galaxy 13/20 UGC06682: coverage=0.583, masked=1.923%, segments=284, elapsed=0s
[2026-07-27 20:25:36] eval 077 galaxy 14/20 IC3521: coverage=1.000, masked=1.554%, segments=331, elapsed=0s
[2026-07-27 20:25:37] eval 077 galaxy 15/20 IC1954: coverage=1.000, masked=3.647%, segments=365, elapsed=0s
[2026-07-27 20:25:37] eval 077 galaxy 16/20 NGC6237: coverage=0.800, masked=2.935%, segments=315, elapsed=0s
[2026-07-27 20:25:38] eval 077 galaxy 17/20 NGC3185: coverage=1.000, masked=3.312%, segments=496, elapsed=1s
[2026-07-27 20:25:40] eval 077 galaxy 18/20 NGC3992: coverage=1.000, masked=2.146%, segments=1297, elapsed=3s
[2026-07-27 20:25:41] eval 077 galaxy 19/20 PGC051523: coverage=0.000, masked=1.595%, segments=313, elapsed=0s
[2026-07-27 20:25:41] eval 077 galaxy 20/20 NGC3264: coverage=1.000, masked=1.068%, segments=270, elapsed=0s
[2026-07-27 20:25:41] eval 077: objective=20.89 coverage=0.699 min_coverage=0.000 masked=2.616% max_masked=5.642% profile_affected=39.858% max_bridge=126.75arcsec status=ok elapsed=20s remaining=3, rough_eta=1m 25s, expected_completion=2026-07-27 20:27:06
[2026-07-27 20:25:41] eval 078 trial 77 starting (78/80); params=thresh=1.425, minarea=27, deblend=62/0.00001, back=32, filter=5, dilation=2, max_area=6590, max_elongation=26.692
[2026-07-27 20:25:42] eval 078 galaxy 1/20 NGC2500: coverage=1.000, masked=9.648%, segments=561, elapsed=1s
[2026-07-27 20:25:44] eval 078 galaxy 2/20 NGC4204: coverage=0.767, masked=3.575%, segments=1146, elapsed=2s
[2026-07-27 20:25:44] eval 078 galaxy 3/20 NGC4496A: coverage=1.000, masked=6.221%, segments=580, elapsed=1s
[2026-07-27 20:25:45] eval 078 galaxy 4/20 UGC06840: coverage=0.156, masked=2.223%, segments=278, elapsed=1s
[2026-07-27 20:25:45] eval 078 galaxy 5/20 NGC4123: coverage=0.600, masked=3.443%, segments=397, elapsed=1s
[2026-07-27 20:25:46] eval 078 galaxy 6/20 UGC09245: coverage=1.000, masked=5.118%, segments=393, elapsed=0s
[2026-07-27 20:25:46] eval 078 galaxy 7/20 NGC4532: coverage=1.000, masked=7.892%, segments=664, elapsed=1s
[2026-07-27 20:25:47] eval 078 galaxy 8/20 PGC011677: coverage=0.000, masked=5.074%, segments=342, elapsed=0s
[2026-07-27 20:25:47] eval 078 galaxy 9/20 IC1014: coverage=0.500, masked=3.382%, segments=251, elapsed=0s
[2026-07-27 20:25:48] eval 078 galaxy 10/20 NGC4293: coverage=1.000, masked=7.894%, segments=945, elapsed=1s
[2026-07-27 20:25:48] eval 078 galaxy 11/20 NGC3850: coverage=0.200, masked=4.290%, segments=330, elapsed=0s
[2026-07-27 20:25:54] eval 078 galaxy 12/20 NGC2903: coverage=0.750, masked=10.973%, segments=3292, elapsed=6s
[2026-07-27 20:25:54] eval 078 galaxy 13/20 UGC06682: coverage=0.417, masked=4.111%, segments=351, elapsed=0s
[2026-07-27 20:25:55] eval 078 galaxy 14/20 IC3521: coverage=1.000, masked=3.307%, segments=416, elapsed=1s
[2026-07-27 20:25:55] eval 078 galaxy 15/20 IC1954: coverage=0.000, masked=6.383%, segments=419, elapsed=0s
[2026-07-27 20:25:56] eval 078 galaxy 16/20 NGC6237: coverage=1.000, masked=5.773%, segments=369, elapsed=0s
[2026-07-27 20:25:56] eval 078 galaxy 17/20 NGC3185: coverage=0.500, masked=6.389%, segments=580, elapsed=1s
[2026-07-27 20:25:59] eval 078 galaxy 18/20 NGC3992: coverage=1.000, masked=4.401%, segments=1602, elapsed=3s
[2026-07-27 20:25:59] eval 078 galaxy 19/20 PGC051523: coverage=0.000, masked=3.468%, segments=413, elapsed=0s
[2026-07-27 20:26:00] eval 078 galaxy 20/20 NGC3264: coverage=1.000, masked=2.397%, segments=335, elapsed=1s
[2026-07-27 20:26:00] eval 078: objective=22.394 coverage=0.645 min_coverage=0.000 masked=5.298% max_masked=10.973% profile_affected=41.091% max_bridge=196.95arcsec status=ok elapsed=19s remaining=2, rough_eta=56s, expected_completion=2026-07-27 20:26:56
[2026-07-27 20:26:00] eval 079 trial 78 starting (79/80); params=thresh=1.263, minarea=30, deblend=64/0.00003, back=32, filter=1, dilation=2, max_area=5985, max_elongation=27.636
[2026-07-27 20:26:01] eval 079 galaxy 1/20 NGC2500: coverage=1.000, masked=8.869%, segments=472, elapsed=1s
[2026-07-27 20:26:02] eval 079 galaxy 2/20 NGC4204: coverage=0.744, masked=3.228%, segments=968, elapsed=2s
[2026-07-27 20:26:03] eval 079 galaxy 3/20 NGC4496A: coverage=1.000, masked=5.232%, segments=470, elapsed=0s
[2026-07-27 20:26:03] eval 079 galaxy 4/20 UGC06840: coverage=0.141, masked=2.154%, segments=259, elapsed=1s
[2026-07-27 20:26:04] eval 079 galaxy 5/20 NGC4123: coverage=0.600, masked=3.307%, segments=355, elapsed=1s
[2026-07-27 20:26:04] eval 079 galaxy 6/20 UGC09245: coverage=1.000, masked=4.779%, segments=365, elapsed=0s
[2026-07-27 20:26:05] eval 079 galaxy 7/20 NGC4532: coverage=1.000, masked=6.774%, segments=537, elapsed=1s
[2026-07-27 20:26:05] eval 079 galaxy 8/20 PGC011677: coverage=0.385, masked=4.900%, segments=309, elapsed=0s
[2026-07-27 20:26:05] eval 079 galaxy 9/20 IC1014: coverage=1.000, masked=3.579%, segments=248, elapsed=0s
[2026-07-27 20:26:06] eval 079 galaxy 10/20 NGC4293: coverage=0.500, masked=6.928%, segments=782, elapsed=1s
[2026-07-27 20:26:07] eval 079 galaxy 11/20 NGC3850: coverage=1.000, masked=4.408%, segments=324, elapsed=0s
[2026-07-27 20:26:13] eval 079 galaxy 12/20 NGC2903: coverage=0.750, masked=10.010%, segments=2833, elapsed=6s
[2026-07-27 20:26:13] eval 079 galaxy 13/20 UGC06682: coverage=0.750, masked=3.832%, segments=310, elapsed=0s
[2026-07-27 20:26:14] eval 079 galaxy 14/20 IC3521: coverage=1.000, masked=2.888%, segments=346, elapsed=0s
[2026-07-27 20:26:14] eval 079 galaxy 15/20 IC1954: coverage=1.000, masked=6.031%, segments=373, elapsed=0s
[2026-07-27 20:26:14] eval 079 galaxy 16/20 NGC6237: coverage=1.000, masked=5.725%, segments=354, elapsed=0s
[2026-07-27 20:26:15] eval 079 galaxy 17/20 NGC3185: coverage=1.000, masked=6.117%, segments=521, elapsed=1s
[2026-07-27 20:26:18] eval 079 galaxy 18/20 NGC3992: coverage=1.000, masked=4.055%, segments=1398, elapsed=3s
[2026-07-27 20:26:18] eval 079 galaxy 19/20 PGC051523: coverage=0.000, masked=3.104%, segments=332, elapsed=0s
[2026-07-27 20:26:19] eval 079 galaxy 20/20 NGC3264: coverage=1.000, masked=2.131%, segments=289, elapsed=1s
[2026-07-27 20:26:19] eval 079: objective=19.419 coverage=0.793 min_coverage=0.000 masked=4.902% max_masked=10.010% profile_affected=54.025% max_bridge=156.58arcsec status=ok elapsed=19s remaining=1, rough_eta=28s, expected_completion=2026-07-27 20:26:47
[2026-07-27 20:26:19] eval 080 trial 79 starting (80/80); params=thresh=0.586, minarea=24, deblend=63/0.01354, back=48, filter=1, dilation=2, max_area=5970, max_elongation=27.970
[2026-07-27 20:26:20] eval 080 galaxy 1/20 NGC2500: coverage=0.000, masked=12.676%, segments=738, elapsed=1s
[2026-07-27 20:26:25] eval 080 galaxy 2/20 NGC4204: coverage=0.233, masked=10.585%, segments=2908, elapsed=5s
[2026-07-27 20:26:26] eval 080 galaxy 3/20 NGC4496A: coverage=0.000, masked=11.441%, segments=979, elapsed=1s
[2026-07-27 20:26:27] eval 080 galaxy 4/20 UGC06840: coverage=0.156, masked=6.193%, segments=838, elapsed=1s
[2026-07-27 20:26:28] eval 080 galaxy 5/20 NGC4123: coverage=0.200, masked=9.202%, segments=949, elapsed=1s
[2026-07-27 20:26:29] eval 080 galaxy 6/20 UGC09245: coverage=0.000, masked=17.990%, segments=1078, elapsed=1s
[2026-07-27 20:26:30] eval 080 galaxy 7/20 NGC4532: coverage=0.000, masked=16.544%, segments=1187, elapsed=1s
[2026-07-27 20:26:31] eval 080 galaxy 8/20 PGC011677: coverage=0.000, masked=17.244%, segments=847, elapsed=1s
[2026-07-27 20:26:32] eval 080 galaxy 9/20 IC1014: coverage=0.000, masked=10.441%, segments=657, elapsed=1s
[2026-07-27 20:26:34] eval 080 galaxy 10/20 NGC4293: coverage=0.000, masked=14.780%, segments=1643, elapsed=2s
[2026-07-27 20:26:35] eval 080 galaxy 11/20 NGC3850: coverage=0.000, masked=12.127%, segments=815, elapsed=1s
[2026-07-27 20:26:52] eval 080 galaxy 12/20 NGC2903: coverage=0.000, masked=20.855%, segments=5127, elapsed=17s
[2026-07-27 20:26:53] eval 080 galaxy 13/20 UGC06682: coverage=0.000, masked=13.589%, segments=912, elapsed=1s
[2026-07-27 20:26:54] eval 080 galaxy 14/20 IC3521: coverage=1.000, masked=9.683%, segments=1017, elapsed=1s
[2026-07-27 20:26:55] eval 080 galaxy 15/20 IC1954: coverage=0.000, masked=13.768%, segments=859, elapsed=1s
[2026-07-27 20:26:56] eval 080 galaxy 16/20 NGC6237: coverage=0.200, masked=12.780%, segments=878, elapsed=1s
[2026-07-27 20:26:57] eval 080 galaxy 17/20 NGC3185: coverage=0.000, masked=11.867%, segments=1206, elapsed=1s
[2026-07-27 20:27:08] eval 080 galaxy 18/20 NGC3992: coverage=0.000, masked=12.038%, segments=4183, elapsed=11s
[2026-07-27 20:27:09] eval 080 galaxy 19/20 PGC051523: coverage=0.000, masked=11.751%, segments=1045, elapsed=1s
[2026-07-27 20:27:10] eval 080 galaxy 20/20 NGC3264: coverage=0.000, masked=8.155%, segments=967, elapsed=1s
[2026-07-27 20:27:10] eval 080: objective=50.455 coverage=0.089 min_coverage=0.000 masked=12.685% max_masked=20.855% profile_affected=6.125% max_bridge=69.73arcsec status=ok elapsed=51s remaining=0, rough_eta=0s, expected_completion=2026-07-27 20:27:10
[2026-07-27 20:27:10] Best objective=18.4715, params={'detect_thresh': 0.9371368329775688, 'minarea': 32, 'deblend_nthresh': 59, 'deblend_cont': 1.758789958558598e-05, 'back_size': 32, 'filter_size': 1, 'dilation_radius': 2, 'max_area': 7771, 'max_elongation': 25.521507447141303}
[2026-07-27 20:27:10] Best result: C:\Users\gordo\Dropbox\Public Documents\UCLAN\MSc Research\Remove foreground objects\sep spike optimisation\20260727_194901\sep_spike_optimisation_best.json
[2026-07-27 20:27:10] Results workbook: D:\Dropbox\Public Documents\UCLAN\MSc Research\Remove foreground objects\documentation\Foreground Masking Optimisation Results.xlsx
