"i_scrambled","i_orig","name","image_exists","image_path","image_naxis1","image_naxis2","pixel_scale_arcsec_x","pixel_scale_arcsec_y","crpix1","crpix2","crval1_deg","crval2_deg","image_pa_axis2_deg","center_x_pix","center_y_pix","disk_pa_deg","salo_disk_ellipticity","salo_disk_Rmin_pix","salo_disk_Rmax_pix","inclination_deg","bar_pa_deg","bar_sma_arcsec","herrera_bar_ellipticity","herrera_bar_sma_ell_arcsec","bar_sma_kpc","bar_sma_deproj_kpc","bar_sma_deproj_legacy_kpc","bar_sma_deproj_ellipticity_based_kpc","bar_sma_deproj_source","bar_ellipticity_deproj","bar_strength","bar_A2","bar_A4","logmstar","dist_mpc","R25_arcsec","R25_kpc","Re_arcsec","Re_kpc","disk_scale_length_h_kpc","V_rot","t_s4g","t_leda","catalog_sources","geometry_notes"
"0","46","NGC1879","True","D:\Dropbox\Public Documents\UCLAN\MSc Research\Remove foreground objects\Azure Optimisation outputs\azure_mtobjects_182_bundle\mtobjects-182\images\NGC1879.phot.1.fits","728","1064","-0.75","0.75","398.0","266.0","79.9515","-32.14351","0.0","401.760009765625","268.8500061035156","52.29999923706055","0.3100000023841858","90","97","47.62375474517796","64","34.900001525878906","0.6100000143051147","31.299999237060547","3.561656121979007","3.6485719292936403","3.6637093059898667","3.2774421198669237","s4gbars_table.dat sma_dp_kpc2","0.467","2.0","0.3089999854564667","","9.46100002728869","21.05","72.46382503334821","7.395164070259034","39.63","4.044367682350375","2.4398875233316364","76.57686735468882","8.6","8.6","Herrera-Endoqui+2015 table2; Salo+2015 galaxies; Diaz-Garcia+2016 tablea3; local s4gbars_table.dat","Erwin et al. manual revisions are not represented unless present in local project data"
"1","29","NGC0578","True","D:\Dropbox\Public Documents\UCLAN\MSc Research\Remove foreground objects\Azure Optimisation outputs\azure_mtobjects_182_bundle\mtobjects-182\images\NGC0578.phot.1.fits","1537","1366","-0.75","0.75","643.0","426.0","22.61895","-22.66719","0.0","642.5499877929688","426.57000732421875","107.5999984741211","0.46399998664855957","97","127","59.499684892857914","93","17.600000381469727","0.7099999785423279","18.299999237060547","1.863629796620852","2.0270934377449983","2.0330506872227474","2.107716472200765","s4gbars_table.dat sma_dp_kpc2","0.611","1.0","0.4099999964237213","0.099","10.320999470111943","21.841","144.58433928753823","15.309754705738358","70.8","7.4968744091338815","3.8163114488643246","137.878788596461","5.0","5.0","Herrera-Endoqui+2015 table2; Salo+2015 galaxies; Diaz-Garcia+2016 tablea3; local s4gbars_table.dat","Erwin et al. manual revisions are not represented unless present in local project data"
"2","69","NGC4116","True","D:\Dropbox\Public Documents\UCLAN\MSc Research\Remove foreground objects\Azure Optimisation outputs\azure_mtobjects_182_bundle\mtobjects-182\images\NGC4116.phot.1.fits","1094","1362","-0.75","0.75","527.0","827.0","181.9029","2.6919","0.0","529.4299926757812","834.27001953125","144.89999389648438","0.4429999887943268","82","150","57.955715526289616","138","36.5","0.7200000286102295","45.79999923706055","3.7463529925096353","3.814730614676632","3.807936877318013","4.781477414286464","s4gbars_table.dat sma_dp_kpc2","0.5","1.0","","","9.97899990481598","21.171","77.11187348306589","7.914747889898857","60.67","6.227157152207112","3.29966454803287","109.10314462016085","7.4","7.3","Herrera-Endoqui+2015 table2; Salo+2015 galaxies; Diaz-Garcia+2016 tablea3; local s4gbars_table.dat","No matching Diaz-Garcia Fourier row; Erwin et al. manual revisions are not represented unless present in local project data"
"3","37","NGC1255","True","D:\Dropbox\Public Documents\UCLAN\MSc Research\Remove foreground objects\Azure Optimisation outputs\azure_mtobjects_182_bundle\mtobjects-182\images\NGC1255.phot.1.fits","1385","1360","-0.75","0.75","568.0","427.0","48.38295","-25.72504","0.0","566.4099731445312","426.67999267578125","123.19999694824219","0.38499999046325684","105","120","53.589700332843115","117","25.0","0.6800000071525574","30.600000381469727","2.606598308001842","2.6343957244021823","2.6274510944658567","3.224500366668271","s4gbars_table.dat sma_dp_kpc2","0.494","1.0","0.3100000023841858","","10.29100013089338","21.506","121.3727675092328","12.654802017082686","66.59","6.942935253193706","3.764866332145541","134.95494487149995","4.0","4.0","Herrera-Endoqui+2015 table2; Salo+2015 galaxies; Diaz-Garcia+2016 tablea3; local s4gbars_table.dat","Erwin et al. manual revisions are not represented unless present in local project data"
"4","14","IC0600","True","D:\Dropbox\Public Documents\UCLAN\MSc Research\Remove foreground objects\Azure Optimisation outputs\azure_mtobjects_182_bundle\mtobjects-182\images\IC0600.phot.1.fits","898","1585","-0.75","0.75","464.0","791.0","154.29555","-3.49775","0.0","464.7200012207031","787.3699951171875","25.700000762939453","0.5550000071525574","75","97","66.06369535974105","1","9.600000381469727","","","0.9448040142535088","1.297570027758656","","","s4gbars_table.dat sma_dp_kpc2","","1.0","0.35499998927116394","0.101","9.306999417525303","20.3","57.56006222010868","5.664893525650043","25.76","2.535224104913582","2.8663975953264003","83.80770943789699","7.8","7.8","Herrera-Endoqui+2015 table2; Salo+2015 galaxies; Diaz-Garcia+2016 tablea3; local s4gbars_table.dat","Legacy local sma_dp_kpc value is missing or non-positive; Erwin et al. manual revisions are not represented unless present in local project data"
"5","82","NGC4525","True","D:\Dropbox\Public Documents\UCLAN\MSc Research\Remove foreground objects\Azure Optimisation outputs\azure_mtobjects_182_bundle\mtobjects-182\images\NGC4525.phot.1.fits","1145","1531","-0.75","0.75","578.0","764.0","188.463","30.27755","0.0","577.760009765625","763.4400024414062","53.20000076293945","0.4519999921321869","82","97","58.61939600213723","79","15.699999809265137","0.5699999928474426","13.699999809265137","1.194026616246091","1.4668443464127927","1.5058424841829685","1.275313715193288","s4gbars_table.dat sma_dp_kpc2","0.515","1.0","0.23199999332427979","","9.44799943930427","15.687","59.99585608898231","4.562843887561464","34.89","2.6534769834921095","1.6535367318740455","75.46907939122225","5.9","5.9","Herrera-Endoqui+2015 table2; Salo+2015 galaxies; Diaz-Garcia+2016 tablea3; local s4gbars_table.dat","Erwin et al. manual revisions are not represented unless present in local project data"
"6","171","NGC7424","True","D:\Dropbox\Public Documents\UCLAN\MSc Research\Remove foreground objects\Azure Optimisation outputs\azure_mtobjects_182_bundle\mtobjects-182\images\NGC7424.phot.1.fits","1150","2316","-0.75","0.75","713.0","1099.0","344.32635","-41.07053","0.0","712.3499755859375","1098.5400390625","29.299999237060547","0.09600000083446503","240","270","25.871131128586832","132","25.0","0.6399999856948853","26.799999237060547","1.393838023901292","1.541947238625587","1.533221826291421","1.6514254925680036","s4gbars_table.dat sma_dp_kpc2","0.672","1.0","0.5680000185966492","0.221","10.01399941423464","11.5","150.35617008818167","8.382885879883107","274.51","15.304899037645745","3.428284003587618","160.4909893672141","6.0","6.0","Herrera-Endoqui+2015 table2; Salo+2015 galaxies; Diaz-Garcia+2016 tablea3; local s4gbars_table.dat","Erwin et al. manual revisions are not represented unless present in local project data"
"7","39","NGC1350","True","D:\Dropbox\Public Documents\UCLAN\MSc Research\Remove foreground objects\Azure Optimisation outputs\azure_mtobjects_182_bundle\mtobjects-182\images\NGC1350.phot.1.fits","1057","1884","-0.75","0.75","389.0","705.0","52.78455","-33.62875","0.0","392.9599914550781","706.9500122070312","4.699999809265137","0.4729999899864197","187","262","60.15675688283979","36","57.400001525878906","0.5799999833106995","55.70000076293945","5.826685089569242","7.860657378221818","8.009154243327757","7.631274083648271","s4gbars_table.dat sma_dp_kpc2","0.58","2.0","0.6790000200271606","0.176","10.825000048573962","20.938","155.28204958517028","15.762710853582986","210.08","21.325261387050634","5.183516505466268","208.56820392623183","1.9","1.9","Herrera-Endoqui+2015 table2; Salo+2015 galaxies; Diaz-Garcia+2016 tablea3; local s4gbars_table.dat","Erwin et al. manual revisions are not represented unless present in local project data"
"8","157","NGC4303","True","D:\Dropbox\Public Documents\UCLAN\MSc Research\Remove foreground objects\Azure Optimisation outputs\azure_mtobjects_182_bundle\mtobjects-182\images\NGC4303.phot.1.fits","1288","1713","-0.75","0.75","633.0","778.0","185.47905","4.4746","0.0","329.80999755859375","766.8900146484375","143.60000610351562","0.10899999737739563","172","191","27.604470633498035","178","36.099998474121094","0.6899999976158142","54.0","2.8807892759314475","3.003862509315284","3.0084696870530627","4.493312340804025","s4gbars_table.dat sma_dp_kpc2","0.684","2.0","0.550000011920929","0.191","10.857000635084088","16.46","206.59568890328285","16.48638905945282","69.07","5.511803747606233","2.987961021016653","143.14843370014134","4.0","4.0","Herrera-Endoqui+2015 table2; Salo+2015 galaxies; Diaz-Garcia+2016 tablea3; local s4gbars_table.dat","Erwin et al. manual revisions are not represented unless present in local project data"
"9","2","ESO079-005","True","D:\Dropbox\Public Documents\UCLAN\MSc Research\Remove foreground objects\Azure Optimisation outputs\azure_mtobjects_182_bundle\mtobjects-182\images\ESO079-005.phot.1.fits","1042","1031","-0.75","0.75","783.0","265.0","10.1868","-63.44221","0.0","793.9000244140625","259.0799865722656","171.1999969482422","0.41100001335144043","60","65","55.56794843055125","13","15.600000381469727","0.8199999928474426","14.300000190734863","1.7760395607592174","2.019895946621576","2.015121809322958","1.8548082971380817","s4gbars_table.dat sma_dp_kpc2","0.76","1.0","","","9.298999261078617","23.483","58.36080244867988","6.644300894006979","30.14","3.431399510338642","2.452528475504812","88.04587251081371","7.0","7.0","Herrera-Endoqui+2015 table2; Salo+2015 galaxies; Diaz-Garcia+2016 tablea3; local s4gbars_table.dat","No matching Diaz-Garcia Fourier row; Erwin et al. manual revisions are not represented unless present in local project data"
"10","130","UGC12151","True","D:\Dropbox\Public Documents\UCLAN\MSc Research\Remove foreground objects\Azure Optimisation outputs\azure_mtobjects_182_bundle\mtobjects-182\images\UGC12151.phot.1.fits","971","1556","-0.75","0.75","472.0","781.0","340.39125","0.40086","0.0","472.4700012207031","779.4199829101562","177.3000030517578","0.39100000262260437","60","75","54.049642961479336","176","12.199999809265137","0.699999988079071","11.600000381469727","1.407703682156449","1.4083923390817006","1.407703682156449","1.34201319195285","s4gbars_table.dat sma_dp_kpc2","0.517","1.0","0.28999999165534973","","9.31400002165118","23.8","33.27524445787203","3.8394823072133137","57.0","6.576976219911279","3.4098737061547038","88.71858705555186","9.7","9.6","Herrera-Endoqui+2015 table2; Salo+2015 galaxies; Diaz-Garcia+2016 tablea3; local s4gbars_table.dat","Erwin et al. manual revisions are not represented unless present in local project data"
"11","22","IC3517","True","D:\Dropbox\Public Documents\UCLAN\MSc Research\Remove foreground objects\Azure Optimisation outputs\azure_mtobjects_182_bundle\mtobjects-182\images\IC3517.phot.1.fits","804","1076","-0.75","0.75","286.0","787.0","188.6283","9.15405","0.0","283.6600036621094","788.2100219726562","25.299999237060547","0.3880000114440918","30","52","53.81994179215375","20","18.0","0.6100000143051147","17.299999237060547","2.030426878045233","2.0465573326433497","2.0417070273677065","1.9698114326692242","s4gbars_table.dat sma_dp_kpc2","0.371","2.0","0.3199999928474426","0.006","8.807999499056745","23.267","34.68336726576296","3.9123356176399615","26.16","2.9508870627590715","1.6606635832545509","36.98124862329274","8.5","8.5","Herrera-Endoqui+2015 table2; Salo+2015 galaxies; Diaz-Garcia+2016 tablea3; local s4gbars_table.dat","Erwin et al. manual revisions are not represented unless present in local project data"
"12","99","NGC7418","True","D:\Dropbox\Public Documents\UCLAN\MSc Research\Remove foreground objects\Azure Optimisation outputs\azure_mtobjects_182_bundle\mtobjects-182\images\NGC7418.phot.1.fits","1815","2129","-0.75","0.75","1066.0","1049.0","344.15055","-37.03006","0.0","1066.3900146484375","1049.27001953125","131.39999389648438","0.2590000033378601","105","150","43.26329209753695","128","30.5","0.7799999713897705","32.900001525878906","2.9351804717232683","2.9397490528565373","2.9448040142535086","3.173483198862344","s4gbars_table.dat sma_dp_kpc2","0.709","2.0","0.3019999861717224","","10.373000315649502","19.85","109.93127239435","10.579282752904504","58.8","5.658643007781252","3.691398443749545","133.58100222927663","5.8","5.8","Herrera-Endoqui+2015 table2; Salo+2015 galaxies; Diaz-Garcia+2016 tablea3; local s4gbars_table.dat","Erwin et al. manual revisions are not represented unless present in local project data"
"13","81","NGC4498","True","D:\Dropbox\Public Documents\UCLAN\MSc Research\Remove foreground objects\Azure Optimisation outputs\azure_mtobjects_182_bundle\mtobjects-182\images\NGC4498.phot.1.fits","880","1323","-1.22334117768332","1.22328355209902","533.0","382.0","187.91445","16.85201","0.0","532.1099853515625","385.4800109863281","138.1999969482422","0.3869999945163727","105","116","53.74325519931257","118","28.100000381469727","0.8100000023841858","31.299999237060547","2.446463529925096","2.704048459899758","2.672826703512471","3.016794278215566","s4gbars_table.dat sma_dp_kpc2","0.729","1.0","0.5099999904632568","0.258","9.741000249467081","17.958","86.32195244207008","7.515427348094414","44.36","3.862103992436913","2.036310871936586","104.38071742214761","6.4","6.4","Herrera-Endoqui+2015 table2; Salo+2015 galaxies; Diaz-Garcia+2016 tablea3; local s4gbars_table.dat","Erwin et al. manual revisions are not represented unless present in local project data"
"14","43","NGC1559","True","D:\Dropbox\Public Documents\UCLAN\MSc Research\Remove foreground objects\Azure Optimisation outputs\azure_mtobjects_182_bundle\mtobjects-182\images\NGC1559.phot.1.fits","1601","1685","-1.22334117768332","1.22328355209902","853.0","782.0","64.3989","-62.78358","0.0","845.3599853515625","782.8099975585938","65.0999984741211","0.39500001072883606","135","165","54.35508907284174","83","18.299999237060547","0.7300000190734863","15.0","1.3912311831866775","1.5136306408621685","1.528073594647662","1.2406808531657119","s4gbars_table.dat sma_dp_kpc2","0.596","1.0","0.3610000014305115","0.166","10.390000203729443","15.681","125.63806953537554","9.55145355917981","42.01","3.1937498363755363","1.8444076358083048","142.94078199458085","5.9","5.9","Herrera-Endoqui+2015 table2; Salo+2015 galaxies; Diaz-Garcia+2016 tablea3; local s4gbars_table.dat","Erwin et al. manual revisions are not represented unless present in local project data"
"15","87","NGC4639","True","D:\Dropbox\Public Documents\UCLAN\MSc Research\Remove foreground objects\Azure Optimisation outputs\azure_mtobjects_182_bundle\mtobjects-182\images\NGC4639.phot.1.fits","769","1015","-1.22334117768332","1.22328355209902","448.0","252.0","190.7184","13.25661","0.0","448.30999755859375","256.0199890136719","134.5","0.34700000286102295","101","109","50.6218141359756","173","25.600000381469727","0.5600000023841858","25.299999237060547","2.7746520253072506","3.482433495693657","3.489992000581776","3.4382229142053586","s4gbars_table.dat sma_dp_kpc2","0.55","2.0","0.5389999747276306","0.152","10.317001343446066","22.356","86.12341746074073","9.334473229836956","27.58","2.989254017889608","1.8999863282670353","166.78413971884797","3.5","3.6","Herrera-Endoqui+2015 table2; Salo+2015 galaxies; Diaz-Garcia+2016 tablea3; local s4gbars_table.dat","Erwin et al. manual revisions are not represented unless present in local project data"
"16","125","UGC08385","True","D:\Dropbox\Public Documents\UCLAN\MSc Research\Remove foreground objects\Azure Optimisation outputs\azure_mtobjects_182_bundle\mtobjects-182\images\UGC08385.phot.1.fits","1035","1559","-0.75","0.75","473.0","765.0","200.15925","9.78741","0.0","474.54998779296875","765.4000244140625","101.0999984741211","0.5699999928474426","60","71","67.13838269591726","91","26.100000381469727","0.7200000286102295","26.799999237060547","2.834412042760526","3.069808693590779","3.0516083678762755","3.149200297735368","s4gbars_table.dat sma_dp_kpc2","0.444","2.0","0.3230000138282776","","9.156000622465205","22.4","63.99134739439729","6.94934274663418","41.13","4.466642426005381","2.6681482558844203","69.3909449872781","9.0","8.9","Herrera-Endoqui+2015 table2; Salo+2015 galaxies; Diaz-Garcia+2016 tablea3; local s4gbars_table.dat","Erwin et al. manual revisions are not represented unless present in local project data"
"17","133","ESO359-031","True","D:\Dropbox\Public Documents\UCLAN\MSc Research\Remove foreground objects\Azure Optimisation outputs\azure_mtobjects_182_bundle\mtobjects-182\images\ESO359-031.phot.1.fits","1000","1074","-0.75","0.75","495.0","286.0","63.2907","-34.42644","0.0","491.80999755859375","289.260009765625","43.20000076293945","0.09000000357627869","25","27","25.034111980900146","108","13.300000190734863","0.3700000047683716","11.5","1.3299032797614718","1.443773450925802","1.449894553123409","1.2456616804040286","s4gbars_table.dat sma_dp_kpc2","0.4","2.0","0.1850000023841858","0.097","8.687999563411559","20.625","32.29395640889505","3.229160792831844","17.83","1.782870336702785","1.1362173660097445","37.69279700285955","8.0","8.0","Herrera-Endoqui+2015 table2; Salo+2015 galaxies; Diaz-Garcia+2016 tablea3; local s4gbars_table.dat","Erwin et al. manual revisions are not represented unless present in local project data"
"18","102","NGC7582","True","D:\Dropbox\Public Documents\UCLAN\MSc Research\Remove foreground objects\Azure Optimisation outputs\azure_mtobjects_182_bundle\mtobjects-182\images\NGC7582.phot.1.fits","2168","2422","-0.75","0.75","1096.0","1215.0","349.59555","-42.36972","0.0","1086.8699951171875","1213.25","151.10000610351562","0.5389999747276306","150","187","64.9175877569099","154","51.099998474121094","0.800000011920929","64.0","5.109628390662497","5.139391147882996","5.149625481783143","6.434296451777196","s4gbars_table.dat sma_dp_kpc2","0.567","1.0","0.9340000152587891","0.555","10.648999740472041","20.625","208.50729527663907","20.849213221247815","138.06","13.804996000290886","4.082603083412115","199.30463199983092","2.1","2.1","Herrera-Endoqui+2015 table2; Salo+2015 galaxies; Diaz-Garcia+2016 tablea3; local s4gbars_table.dat","Erwin et al. manual revisions are not represented unless present in local project data"
"19","42","NGC1512","True","D:\Dropbox\Public Documents\UCLAN\MSc Research\Remove foreground objects\Azure Optimisation outputs\azure_mtobjects_182_bundle\mtobjects-182\images\NGC1512.phot.1.fits","1755","1881","-1.22334117768332","1.22328355209902","709.0","730.0","60.97605","-43.34882","0.0","710.6599731445312","730.4600219726562","74.5","0.26499998569488525","225","262","43.79255176600832","42","71.4000015258789","0.6600000262260437","73.5","4.2528805177805244","4.7839637310040475","4.771088648098319","4.924668546621814","s4gbars_table.dat sma_dp_kpc2","0.62","1.0","0.47099998593330383","0.188","10.33299964616943","12.286","253.00042732928256","15.069756139759848","103.53","6.16667675078176","2.7915335902843426","159.02045321361732","1.1","1.2","Herrera-Endoqui+2015 table2; Salo+2015 galaxies; Diaz-Garcia+2016 tablea3; local s4gbars_table.dat","Erwin et al. manual revisions are not represented unless present in local project data"
"20","105","PGC002492","True","D:\Dropbox\Public Documents\UCLAN\MSc Research\Remove foreground objects\Azure Optimisation outputs\azure_mtobjects_182_bundle\mtobjects-182\images\PGC002492.phot.1.fits","1002","1546","-0.75","0.75","557.0","764.0","10.4394","-16.86174","0.0","556.9199829101562","768.52001953125","164.5","0.3050000071525574","36","41","47.20897104560508","173","14.899999618530273","0.4399999976158142","16.899999618530273","1.5551218093229582","1.574820527579153","1.5968700458148497","1.783563516973034","s4gbars_table.dat sma_dp_kpc2","0.224","2.0","0.1679999977350235","","9.059998636201785","21.528","42.76822780806564","4.463745222175536","22.9","2.3900865391607877","1.4931256781324993","84.05145011971908","2.0","2.0","Herrera-Endoqui+2015 table2; Salo+2015 galaxies; Diaz-Garcia+2016 tablea3; local s4gbars_table.dat","Erwin et al. manual revisions are not represented unless present in local project data"
"21","110","PGC051523","True","D:\Dropbox\Public Documents\UCLAN\MSc Research\Remove foreground objects\Azure Optimisation outputs\azure_mtobjects_182_bundle\mtobjects-182\images\PGC051523.phot.1.fits","843","1586","-0.75","0.75","378.0","788.0","216.43965","-5.40207","0.0","379.2699890136719","788.7100219726562","101.69999694824219","0.4169999957084656","41","47","56.01930310842989","102","18.299999237060547","","","2.0775754490582505","2.077638134972844","","","s4gbars_table.dat sma_dp_kpc2","","2.0","0.5379999876022339","0.179","9.251000308120659","23.417","42.47381339871245","4.821997374046249","18.68","2.1207163600223016","1.0199419581606186","50.37227977933642","9.0","9.0","Herrera-Endoqui+2015 table2; Salo+2015 galaxies; Diaz-Garcia+2016 tablea3; local s4gbars_table.dat","Legacy local sma_dp_kpc value is missing or non-positive; Erwin et al. manual revisions are not represented unless present in local project data"
"22","59","NGC3684","True","D:\Dropbox\Public Documents\UCLAN\MSc Research\Remove foreground objects\Azure Optimisation outputs\azure_mtobjects_182_bundle\mtobjects-182\images\NGC3684.phot.1.fits","1010","1566","-0.75","0.75","513.0","781.0","171.7965","17.03031","0.0","512.3099975585938","780.5999755859375","120.0999984741211","0.32199999690055847","82","112","48.60938763962968","113","10.100000381469727","0.5400000214576721","11.0","1.166079557850338","1.1774912754093543","1.177624900007272","1.2765870758150921","s4gbars_table.dat sma_dp_kpc2","0.346","2.0","0.19900000095367432","0.092","10.180999882896284","23.814","68.72602958303321","7.934655266236893","26.29","3.0352704530579593","1.785025350883572","123.97706386810654","4.0","4.0","Herrera-Endoqui+2015 table2; Salo+2015 galaxies; Diaz-Garcia+2016 tablea3; local s4gbars_table.dat","Erwin et al. manual revisions are not represented unless present in local project data"
"23","165","NGC5068","True","D:\Dropbox\Public Documents\UCLAN\MSc Research\Remove foreground objects\Azure Optimisation outputs\azure_mtobjects_182_bundle\mtobjects-182\images\NGC5068.phot.1.fits","1832","1823","-1.22334117768332","1.22328355209902","800.0","1170.0","199.7301","-21.0392","0.0","809.0499877929688","1172.18994140625","99.0999984741211","0.026000000536441803","195","225","13.368884890174595","153","34.900001525878906","0.5099999904632568","35.29999923706055","1.0278888808086684","1.0466686452153204","1.0455603228856083","1.0594146100925843","s4gbars_table.dat sma_dp_kpc2","0.516","1.0","0.4230000078678131","0.207","9.739000021449604","6.075","224.45085015334638","6.610616996007947","102.71","3.025056359537488","1.7580139626209002","166.33538519935502","6.0","6.0","Herrera-Endoqui+2015 table2; Salo+2015 galaxies; Diaz-Garcia+2016 tablea3; local s4gbars_table.dat","Erwin et al. manual revisions are not represented unless present in local project data"
"24","6","ESO236-039","True","D:\Dropbox\Public Documents\UCLAN\MSc Research\Remove foreground objects\Azure Optimisation outputs\azure_mtobjects_182_bundle\mtobjects-182\images\ESO236-039.phot.1.fits","910","1510","-0.75","0.75","611.0","736.0","326.3103","-49.00829","0.0","608.510009765625","735.1099853515625","83.69999694824219","0.5360000133514404","15","22","64.7025762095966","93","10.0","0.6200000047683716","10.699999809265137","1.0773519501612003","1.1385862382745895","1.1743136256757085","1.2211337405494975","s4gbars_table.dat sma_dp_kpc2","0.341","2.0","0.14300000667572021","","8.46199948620776","22.222","31.125852474540377","3.3533497863875903","16.83","1.8131833321213002","1.0991144595544566","43.24734399263637","8.6","8.6","Herrera-Endoqui+2015 table2; Salo+2015 galaxies; Diaz-Garcia+2016 tablea3; local s4gbars_table.dat","Erwin et al. manual revisions are not represented unless present in local project data"
"25","140","NGC1291","True","D:\Dropbox\Public Documents\UCLAN\MSc Research\Remove foreground objects\Azure Optimisation outputs\azure_mtobjects_182_bundle\mtobjects-182\images\NGC1291.phot.1.fits","1959","2154","-1.22334117768332","1.22328355209902","819.0","850.0","49.3275","-41.10803","0.0","819.7000122070312","850.3200073242188","17.700000762939453","0.00800000037997961","337","412","7.40262254543458","165","97.19999694824219","0.4099999964237213","95.0999984741211","4.052650716311541","4.062621450380139","4.060989503793663","3.974848764723778","s4gbars_table.dat sma_dp_kpc2","0.404","2.0","0.503000020980835","0.174","10.763999700221644","8.6","335.05897433416834","13.969927904752854","108.96","4.542971420260344","5.881346811141007","161.1288491366347","0.1","0.1","Herrera-Endoqui+2015 table2; Salo+2015 galaxies; Diaz-Garcia+2016 tablea3; local s4gbars_table.dat","Erwin et al. manual revisions are not represented unless present in local project data"
"26","113","UGC04499","True","D:\Dropbox\Public Documents\UCLAN\MSc Research\Remove foreground objects\Azure Optimisation outputs\azure_mtobjects_182_bundle\mtobjects-182\images\UGC04499.phot.1.fits","1111","1524","-0.75","0.75","479.0","739.0","129.42285","51.6525","0.0","478.510009765625","740.3200073242188","139.89999389648438","0.2529999911785126","75","82","42.72912749643171","160","22.399999618530273","0.5400000214576721","25.299999237060547","1.3900564807407947","1.4584140303571311","1.4645237922090517","1.6455988668427006","s4gbars_table.dat sma_dp_kpc2","0.462","2.0","0.3930000066757202","","8.758000728641225","12.8","56.6397404728888","3.514840996063204","48.03","2.980554141516981","1.0838717184204787","73.80626422361782","8.0","8.0","Herrera-Endoqui+2015 table2; Salo+2015 galaxies; Diaz-Garcia+2016 tablea3; local s4gbars_table.dat","Erwin et al. manual revisions are not represented unless present in local project data"
"27","175","PGC011677","True","D:\Dropbox\Public Documents\UCLAN\MSc Research\Remove foreground objects\Azure Optimisation outputs\azure_mtobjects_182_bundle\mtobjects-182\images\PGC011677.phot.1.fits","772","1052","-0.75","0.75","275.0","277.0","46.76895","-14.00364","0.0","274.0","277.80999755859375","68.80000305175781","0.032999999821186066","45","48","15.071844995311684","12","17.200000762939453","","","1.5259981092284196","1.5642604515294074","","","s4gbars_table.dat sma_dp_kpc2","","2.0","0.46700000762939453","","9.031000244104447","18.3","34.84345841521028","3.0913402128249974","37.02","3.284444767653262","1.9571812959057522","106.44923688442456","9.1","9.1","Herrera-Endoqui+2015 table2; Salo+2015 galaxies; Diaz-Garcia+2016 tablea3; local s4gbars_table.dat","Legacy local sma_dp_kpc value is missing or non-positive; Erwin et al. manual revisions are not represented unless present in local project data"
"28","98","NGC6237","True","D:\Dropbox\Public Documents\UCLAN\MSc Research\Remove foreground objects\Azure Optimisation outputs\azure_mtobjects_182_bundle\mtobjects-182\images\NGC6237.phot.1.fits","1033","1081","-0.75","0.75","292.0","788.0","251.59395","70.35536","0.0","294.79998779296875","794.4500122070312","149.60000610351562","0.5699999928474426","63","71","67.13838269591726","163","29.700000762939453","0.7300000190734863","23.700000762939453","2.2617875063631736","2.5809327351755758","2.6349443676823507","2.0595321826148534","s4gbars_table.dat sma_dp_kpc2","0.53","1.0","","","9.216999369827215","15.708","36.90806312437145","2.8107136720123473","39.69","3.022570576685332","2.062948207403098","71.02967390393107","6.4","6.4","Herrera-Endoqui+2015 table2; Salo+2015 galaxies; Diaz-Garcia+2016 tablea3; local s4gbars_table.dat","No matching Diaz-Garcia Fourier row; Erwin et al. manual revisions are not represented unless present in local project data"
"29","112","UGC04393","True","D:\Dropbox\Public Documents\UCLAN\MSc Research\Remove foreground objects\Azure Optimisation outputs\azure_mtobjects_182_bundle\mtobjects-182\images\UGC04393.phot.1.fits","550","1016","-0.75","0.75","305.0","238.0","126.5181","45.96758","0.0","304.1099853515625","238.7100067138672","55.900001525878906","0.32499998807907104","52","63","48.85371183037769","52","22.0","0.7599999904632568","5.400000095367432","2.063849901825322","2.0700930173147496","2.0732310377427097","0.5081137406136205","s4gbars_table.dat sma_dp_kpc2","0.64","2.0","","","9.370999469735978","19.35","47.7662618115351","4.4810179431954245","29.6","2.7768162315467966","1.405481783143044","64.51252506483607","3.5","5.2","Herrera-Endoqui+2015 table2; Salo+2015 galaxies; Diaz-Garcia+2016 tablea3; local s4gbars_table.dat","No matching Diaz-Garcia Fourier row; Erwin et al. manual revisions are not represented unless present in local project data"
"30","168","NGC5713","True","D:\Dropbox\Public Documents\UCLAN\MSc Research\Remove foreground objects\Azure Optimisation outputs\azure_mtobjects_182_bundle\mtobjects-182\images\NGC5713.phot.1.fits","829","1067","-1.22334117768332","1.22328355209902","292.0","782.0","220.04775","-0.28988","0.0","292.239990234375","786.8200073242188","13.800000190734863","0.11999999731779099","97","108","28.997272586117884","93","17.200000762939453","0.6399999856948853","11.600000381469727","1.9846314207451576","2.259695773506911","2.250018180495964","1.5272653120359212","s4gbars_table.dat sma_dp_kpc2","0.679","2.0","0.4819999933242798","0.226","10.567000474751094","23.8","74.1517243504839","8.556037328395592","24.03","2.772714711657334","2.1285171987491815","165.93505009811466","4.0","4.0","Herrera-Endoqui+2015 table2; Salo+2015 galaxies; Diaz-Garcia+2016 tablea3; local s4gbars_table.dat","Erwin et al. manual revisions are not represented unless present in local project data"
"31","21","IC3115","True","D:\Dropbox\Public Documents\UCLAN\MSc Research\Remove foreground objects\Azure Optimisation outputs\azure_mtobjects_182_bundle\mtobjects-182\images\IC3115.phot.1.fits","972","1575","-0.75","0.75","452.0","780.0","184.4994","6.65324","0.0","451.1199951171875","784.7999877929688","4.400000095367432","0.22699999809265137","90","101","40.35246955086911","162","11.699999809265137","0.7300000190734863","8.5","1.0966286088284487","1.1526751155691157","1.143493079291203","0.834950564482757","s4gbars_table.dat sma_dp_kpc2","0.706","1.0","0.33500000834465027","0.118","9.289998975481485","19.333","43.86531523370155","4.111449540218418","38.81","3.637620197318983","2.04900837757254","79.26016422129048","5.5","5.5","Herrera-Endoqui+2015 table2; Salo+2015 galaxies; Diaz-Garcia+2016 tablea3; local s4gbars_table.dat","Erwin et al. manual revisions are not represented unless present in local project data"
"32","152","NGC3485","True","D:\Dropbox\Public Documents\UCLAN\MSc Research\Remove foreground objects\Azure Optimisation outputs\azure_mtobjects_182_bundle\mtobjects-182\images\NGC3485.phot.1.fits","785","1077","-0.75","0.75","507.0","283.0","165.0099","14.84153","0.0","507.0199890136719","283.8800048828125","15.699999809265137","0.06300000101327896","75","105","20.88741435657025","40","21.0","0.7300000190734863","27.299999237060547","2.0277652534361135","2.0526164194074354","2.0470773034688383","2.668401345229666","s4gbars_table.dat sma_dp_kpc2","0.722","2.0","0.38600000739097595","0.186","9.94400023950751","19.917","65.18103536591234","6.293897080856548","35.57","3.434648098320122","1.8426592538724453","163.96809176826363","3.1","3.2","Herrera-Endoqui+2015 table2; Salo+2015 galaxies; Diaz-Garcia+2016 tablea3; local s4gbars_table.dat","Erwin et al. manual revisions are not represented unless present in local project data"
"33","13","ESO572-030","True","D:\Dropbox\Public Documents\UCLAN\MSc Research\Remove foreground objects\Azure Optimisation outputs\azure_mtobjects_182_bundle\mtobjects-182\images\ESO572-030.phot.1.fits","810","1082","-0.75","0.75","287.0","791.0","179.6058","-22.44","0.0","284.7300109863281","790.780029296875","102.69999694824219","0.3190000057220459","75","93","48.36424535278214","100","21.799999237060547","","","2.2863762635444695","2.289584093435973","","","s4gbars_table.dat sma_dp_kpc2","","1.0","0.3109999895095825","","9.159001380617081","21.633","49.444871745765255","5.1857606015375355","58.1","6.093507381281361","3.115869376772598","79.91879609652115","9.1","8.9","Herrera-Endoqui+2015 table2; Salo+2015 galaxies; Diaz-Garcia+2016 tablea3; local s4gbars_table.dat","Legacy local sma_dp_kpc value is missing or non-positive; Erwin et al. manual revisions are not represented unless present in local project data"
"34","16","IC1014","True","D:\Dropbox\Public Documents\UCLAN\MSc Research\Remove foreground objects\Azure Optimisation outputs\azure_mtobjects_182_bundle\mtobjects-182\images\IC1014.phot.1.fits","918","1092","-0.75","0.75","295.0","796.0","217.07655","13.78014","0.0","294.05999755859375","795.77001953125","87.19999694824219","0.32600000500679016","75","86","48.934974038899135","55","13.0","0.5699999928474426","11.0","1.5252224080672918","1.7878674405673576","1.795069449494582","1.5059344980163514","s4gbars_table.dat sma_dp_kpc2","0.546","1.0","0.2939999997615814","0.119","9.630000483385171","24.2","59.99585608898231","7.039001853699715","36.47","4.278835478631857","2.444579545730007","115.78794158881925","8.1","8.0","Herrera-Endoqui+2015 table2; Salo+2015 galaxies; Diaz-Garcia+2016 tablea3; local s4gbars_table.dat","Erwin et al. manual revisions are not represented unless present in local project data"
"35","174","PGC006626","True","D:\Dropbox\Public Documents\UCLAN\MSc Research\Remove foreground objects\Azure Optimisation outputs\azure_mtobjects_182_bundle\mtobjects-182\images\PGC006626.phot.1.fits","819","1056","-0.75","0.75","287.0","278.0","27.1074","-12.38126","0.0","287.04998779296875","277.8599853515625","91.9000015258789","0.10000000149011612","52","75","26.415550172000277","33","18.200000762939453","0.5","16.399999618530273","1.747072940149807","1.898544921481736","1.891062468184132","1.7133846338097536","s4gbars_table.dat sma_dp_kpc2","0.53","2.0","0.3310000002384186","","9.129999071957426","19.8","52.134024862481255","5.004502422985619","72.12","6.923016507890336","3.265586502799796","82.85412723576297","9.9","9.9","Herrera-Endoqui+2015 table2; Salo+2015 galaxies; Diaz-Garcia+2016 tablea3; local s4gbars_table.dat","Erwin et al. manual revisions are not represented unless present in local project data"
"36","121","UGC07129","True","D:\Dropbox\Public Documents\UCLAN\MSc Research\Remove foreground objects\Azure Optimisation outputs\azure_mtobjects_182_bundle\mtobjects-182\images\UGC07129.phot.1.fits","1149","1521","-0.75","0.75","619.0","776.0","182.22945","41.74085","0.0","618.7899780273438","776.030029296875","71.19999694824219","0.29899999499320984","45","52","46.7078885792624","66","13.199999809265137","0.6299999952316284","10.600000381469727","1.463893535015635","1.4706521822466976","1.463893535015635","1.1781929414590022","s4gbars_table.dat sma_dp_kpc2","0.478","2.0","0.3930000066757202","0.162","9.634999898523729","22.875","33.97201089706672","3.7675308427042937","18.76","2.0805032361282816","1.0609901098101955","82.80356916533262","2.0","2.0","Herrera-Endoqui+2015 table2; Salo+2015 galaxies; Diaz-Garcia+2016 tablea3; local s4gbars_table.dat","Erwin et al. manual revisions are not represented unless present in local project data"
"37","93","NGC4781","True","D:\Dropbox\Public Documents\UCLAN\MSc Research\Remove foreground objects\Azure Optimisation outputs\azure_mtobjects_182_bundle\mtobjects-182\images\NGC4781.phot.1.fits","1581","1892","-0.75","0.75","803.0","948.0","193.59705","-10.53607","0.0","793.02001953125","942.97998046875","110.80000305175781","0.4869999885559082","127","142","61.17414570068846","82","18.200000762939453","0.6200000047683716","16.299999237060547","1.4228056141371535","1.890926328393902","1.8996800232710347","1.6987167840241921","s4gbars_table.dat sma_dp_kpc2","0.633","1.0","0.38600000739097595","0.12","10.095001893709966","16.125","109.93127239435","8.59400173252318","40.77","3.187240927932514","1.9899734564758924","110.08011474904504","7.0","7.0","Herrera-Endoqui+2015 table2; Salo+2015 galaxies; Diaz-Garcia+2016 tablea3; local s4gbars_table.dat","Erwin et al. manual revisions are not represented unless present in local project data"
"38","34","NGC1051","True","D:\Dropbox\Public Documents\UCLAN\MSc Research\Remove foreground objects\Azure Optimisation outputs\azure_mtobjects_182_bundle\mtobjects-182\images\NGC1051.phot.1.fits","753","1052","-0.75","0.75","273.0","274.0","40.26015","-6.93644","0.0","271.9100036621094","276.9599914550781","49.20000076293945","0.3659999966621399","60","75","52.118252466548654","36","16.899999618530273","0.5699999928474426","11.899999618530273","1.3027416187913603","1.357701439404076","1.3644098611010107","0.9580230570942964","s4gbars_table.dat sma_dp_kpc2","0.35","2.0","","","9.268998943581511","15.9","54.34020277858808","4.188830990131871","30.77","2.371914769834921","1.3440593411388262","105.48858194801832","8.8","8.7","Herrera-Endoqui+2015 table2; Salo+2015 galaxies; Diaz-Garcia+2016 tablea3; local s4gbars_table.dat","No matching Diaz-Garcia Fourier row; Erwin et al. manual revisions are not represented unless present in local project data"
"39","122","UGC07257","True","D:\Dropbox\Public Documents\UCLAN\MSc Research\Remove foreground objects\Azure Optimisation outputs\azure_mtobjects_182_bundle\mtobjects-182\images\UGC07257.phot.1.fits","1010","1083","-0.75","0.75","296.0","786.0","183.76215","35.95854","0.0","296.0799865722656","788.489990234375","166.3000030517578","0.34700000286102295","35","43","50.6218141359756","177","10.800000190734863","0.6100000143051147","11.699999809265137","0.8534652025307251","0.8750290589602873","0.8771725692676896","0.9479481472069777","s4gbars_table.dat sma_dp_kpc2","0.45","2.0","","","8.81599990575064","16.3","39.09500335356898","3.0894652736197337","17.25","1.3631735873754636","0.8795433059413862","41.45023143493553","8.1","8.3","Herrera-Endoqui+2015 table2; Salo+2015 galaxies; Diaz-Garcia+2016 tablea3; local s4gbars_table.dat","No matching Diaz-Garcia Fourier row; Erwin et al. manual revisions are not represented unless present in local project data"
"40","169","NGC6217","True","D:\Dropbox\Public Documents\UCLAN\MSc Research\Remove foreground objects\Azure Optimisation outputs\azure_mtobjects_182_bundle\mtobjects-182\images\NGC6217.phot.1.fits","984","1078","-0.75","0.75","680.0","783.0","248.16345","78.19819","0.0","680.3599853515625","782.8800048828125","93.4000015258789","0.08299999684095383","90","97","24.023578046315812","151","34.20000076293945","0.7300000190734863","36.79999923706055","3.962766344265871","4.2340973362682055","4.217681138341454","4.549797576253115","s4gbars_table.dat sma_dp_kpc2","0.744","1.0","0.5609999895095825","0.432","10.450999992049274","23.9","67.1616341570502","7.782042791329114","0.0","0.0","2.5973500109082974","195.25313284381718","4.0","4.0","Herrera-Endoqui+2015 table2; Salo+2015 galaxies; Diaz-Garcia+2016 tablea3; local s4gbars_table.dat","Erwin et al. manual revisions are not represented unless present in local project data"
"41","79","NGC4450","True","D:\Dropbox\Public Documents\UCLAN\MSc Research\Remove foreground objects\Azure Optimisation outputs\azure_mtobjects_182_bundle\mtobjects-182\images\NGC4450.phot.1.fits","1364","1466","-1.22334117768332","1.22328355209902","529.0","965.0","187.1235","17.08494","0.0","529.8099975585938","965.0499877929688","173.5","0.30399999022483826","172","202","47.12571366658661","8","44.599998474121094","0.5400000214576721","43.900001525878906","3.576822049305505","3.7046091299715718","3.745237437277289","3.6506181897365604","s4gbars_table.dat sma_dp_kpc2","0.384","2.0","0.3479999899864197","0.126","10.718000673959663","16.542","163.72735832738132","13.13057455919105","89.66","7.19053508835721","3.112316369718566","189.54808977968128","2.4","2.4","Herrera-Endoqui+2015 table2; Salo+2015 galaxies; Diaz-Garcia+2016 tablea3; local s4gbars_table.dat","Erwin et al. manual revisions are not represented unless present in local project data"
"42","65","NGC3992","True","D:\Dropbox\Public Documents\UCLAN\MSc Research\Remove foreground objects\Azure Optimisation outputs\azure_mtobjects_182_bundle\mtobjects-182\images\NGC3992.phot.1.fits","2246","2261","-0.75","0.75","1317.0","919.0","179.3997","53.37445","0.0","1316.6800537109375","920.8800048828125","70.0999984741211","0.42800000309944153","202","277","56.84224839266073","35","55.70000076293945","0.6200000047683716","54.0","6.718079169999757","8.949439499717656","8.949398104380286","8.676296821988391","s4gbars_table.dat sma_dp_kpc2","0.596","1.0","0.5640000104904175","0.282","11.103998605329462","24.878","242.17050907465148","29.20862931064009","297.51","35.88322681986764","8.102341192155722","259.25506026654597","4.0","4.0","Herrera-Endoqui+2015 table2; Salo+2015 galaxies; Diaz-Garcia+2016 tablea3; local s4gbars_table.dat","Erwin et al. manual revisions are not represented unless present in local project data"
"43","50","NGC3227","True","D:\Dropbox\Public Documents\UCLAN\MSc Research\Remove foreground objects\Azure Optimisation outputs\azure_mtobjects_182_bundle\mtobjects-182\images\NGC3227.phot.1.fits","947","1238","-1.22334117768332","1.22328355209902","534.0","286.0","155.87745","19.86494","0.0","534.1599731445312","286.94000244140625","148.8000030517578","0.4729999899864197","112","142","60.15675688283979","147","62.79999923706055","0.6800000071525574","58.0","6.348047414733474","6.357554774934143","6.348047414733474","5.869096147719856","s4gbars_table.dat sma_dp_kpc2","0.4","2.0","","","10.674999759074318","20.85","119.43215116604921","12.072626726842296","0.0","0.0","0.0","139.406706200652","1.5","1.5","Herrera-Endoqui+2015 table2; Salo+2015 galaxies; Diaz-Garcia+2016 tablea3; local s4gbars_table.dat","No matching Diaz-Garcia Fourier row; Erwin et al. manual revisions are not represented unless present in local project data"
"44","1","ESO054-021","True","D:\Dropbox\Public Documents\UCLAN\MSc Research\Remove foreground objects\Azure Optimisation outputs\azure_mtobjects_182_bundle\mtobjects-182\images\ESO054-021.phot.1.fits","968","1079","-0.75","0.75","299.0","298.0","57.45915","-71.63436","0.0","306.1000061035156","292.05999755859375","88.4000015258789","0.5139999985694885","135","165","63.123177143190894","69","9.0","","","0.7188568104137881","0.8594852198016874","","","s4gbars_table.dat sma_dp_kpc2","","2.0","","","9.545999439987886","16.475","64.13886268506697","5.122962028150575","84.66","6.7620463966257","3.7628160376215067","95.08055662250135","7.9","7.9","Herrera-Endoqui+2015 table2; Salo+2015 galaxies; Diaz-Garcia+2016 tablea3; local s4gbars_table.dat","No matching Diaz-Garcia Fourier row; Legacy local sma_dp_kpc value is missing or non-positive; Erwin et al. manual revisions are not represented unless present in local project data"
"45","149","NGC2681","True","D:\Dropbox\Public Documents\UCLAN\MSc Research\Remove foreground objects\Azure Optimisation outputs\azure_mtobjects_182_bundle\mtobjects-182\images\NGC2681.phot.1.fits","1155","1213","-0.75","0.75","439.0","767.0","133.386","51.3131","0.0","437.82000732421875","769.3499755859375","116.5999984741211","0.01899999938905239","75","101","11.42051465560694","67","16.100000381469727","0.2800000011920929","17.299999237060547","1.1903376724117034","1.204340439542849","1.1977310741037013","1.2959750382037178","s4gbars_table.dat sma_dp_kpc2","0.273","2.0","0.24400000274181366","0.079","10.455999912068602","15.25","119.15746484083209","8.809790021684188","87.63","6.478837902697984","2.2408661188277215","121.15652996454091","0.4","0.4","Herrera-Endoqui+2015 table2; Salo+2015 galaxies; Diaz-Garcia+2016 tablea3; local s4gbars_table.dat","Erwin et al. manual revisions are not represented unless present in local project data"
"46","143","NGC1341","True","D:\Dropbox\Public Documents\UCLAN\MSc Research\Remove foreground objects\Azure Optimisation outputs\azure_mtobjects_182_bundle\mtobjects-182\images\NGC1341.phot.1.fits","1031","1540","-0.75","0.75","474.0","780.0","51.9933","-37.14987","0.0","473.8500061035156","778.4000244140625","18.600000381469727","0.03999999910593033","45","52","16.605108074052875","164","10.899999618530273","0.6600000262260437","9.0","0.8930744430708069","0.9057883624874449","0.9012677865852179","0.7478986479254133","s4gbars_table.dat sma_dp_kpc2","0.66","1.0","0.5389999747276306","0.185","9.664999984409032","16.9","42.6698636136846","3.496088502999877","19.16","1.5698446173611615","0.9076585945264586","90.9110621678671","1.3","1.4","Herrera-Endoqui+2015 table2; Salo+2015 galaxies; Diaz-Garcia+2016 tablea3; local s4gbars_table.dat","Erwin et al. manual revisions are not represented unless present in local project data"
"47","111","UGC02345","True","D:\Dropbox\Public Documents\UCLAN\MSc Research\Remove foreground objects\Azure Optimisation outputs\azure_mtobjects_182_bundle\mtobjects-182\images\UGC02345.phot.1.fits","735","1052","-0.75","0.75","269.0","272.0","42.9696","-1.1721","0.0","261.9100036621094","271.7699890136719","52.79999923706055","0.3140000104904175","48","52","47.95381502653184","50","24.200000762939453","0.7699999809265137","18.700000762939453","1.929992970208227","1.9328220800503115","1.929992970208227","1.4915476175594862","s4gbars_table.dat sma_dp_kpc2","0.66","1.0","","","8.810999597511252","16.45","84.74639924747123","6.758675818102448","48.09","3.835262889971638","2.5250209681720115","53.891353555808564","8.8","8.8","Herrera-Endoqui+2015 table2; Salo+2015 galaxies; Diaz-Garcia+2016 tablea3; local s4gbars_table.dat","No matching Diaz-Garcia Fourier row; Erwin et al. manual revisions are not represented unless present in local project data"
"48","172","NGC7496","True","D:\Dropbox\Public Documents\UCLAN\MSc Research\Remove foreground objects\Azure Optimisation outputs\azure_mtobjects_182_bundle\mtobjects-182\images\NGC7496.phot.1.fits","1158","1506","-0.75","0.75","606.0","744.0","347.4471","-43.42787","0.0","606.22998046875","744.0999755859375","33.20000076293945","0.04100000113248825","112","127","16.81306641623088","147","37.599998474121094","0.7599999904632568","39.79999923706055","2.737992388432356","2.8407061330124233","2.8326570188834745","3.0088064294473345","s4gbars_table.dat sma_dp_kpc2","0.77","1.0","0.7080000042915344","0.397","9.972999410587995","15.02","102.12245691030027","7.436449726287591","0.0","0.0","2.1162642232080087","221.50380663498598","3.2","3.2","Herrera-Endoqui+2015 table2; Salo+2015 galaxies; Diaz-Garcia+2016 tablea3; local s4gbars_table.dat","Erwin et al. manual revisions are not represented unless present in local project data"
"49","17","IC1933","True","D:\Dropbox\Public Documents\UCLAN\MSc Research\Remove foreground objects\Azure Optimisation outputs\azure_mtobjects_182_bundle\mtobjects-182\images\IC1933.phot.1.fits","949","1077","-0.75","0.75","299.0","296.0","51.4161","-52.78547","0.0","299.1600036621094","295.6300048828125","54.79999923706055","0.44999998807907104","60","67","58.472179090237866","42","14.5","0.6299999952316284","10.600000381469727","1.4123554650570866","1.5016351010517268","1.5097592902334376","1.0951580133532421","s4gbars_table.dat sma_dp_kpc2","0.366","2.0","0.18400000035762787","","9.588000408972519","20.091","68.09594555651466","6.632805576205057","30.24","2.9454916733328482","1.722294436768235","98.0893222954828","6.2","6.1","Herrera-Endoqui+2015 table2; Salo+2015 galaxies; Diaz-Garcia+2016 tablea3; local s4gbars_table.dat","Erwin et al. manual revisions are not represented unless present in local project data"
"50","101","NGC7531","True","D:\Dropbox\Public Documents\UCLAN\MSc Research\Remove foreground objects\Azure Optimisation outputs\azure_mtobjects_182_bundle\mtobjects-182\images\NGC7531.phot.1.fits","1425","2139","-0.75","0.75","856.0","988.0","348.70245","-43.5991","0.0","858.0","984.2999877929688","21.299999237060547","0.46299999952316284","112","150","59.42651669125334","7","26.299999237060547","0.6600000262260437","29.600000381469727","2.9056039560759217","3.149335066398746","3.1486582793978615","3.5385114529309094","s4gbars_table.dat sma_dp_kpc2","0.428","2.0","0.550000011920929","0.188","10.444999831803164","22.788","123.3449163313567","13.62705235187238","32.41","3.5806320994836733","2.546767391462439","174.76646756735107","4.0","4.0","Herrera-Endoqui+2015 table2; Salo+2015 galaxies; Diaz-Garcia+2016 tablea3; local s4gbars_table.dat","Erwin et al. manual revisions are not represented unless present in local project data"
"51","161","NGC4496A","True","D:\Dropbox\Public Documents\UCLAN\MSc Research\Remove foreground objects\Azure Optimisation outputs\azure_mtobjects_182_bundle\mtobjects-182\images\NGC4496A.phot.1.fits","1027","1208","-1.22334117768332","1.22328355209902","357.0","840.0","187.9143","3.9395","0.0","360.4800109863281","840.5900268554688","62.400001525878906","0.12600000202655792","108","116","29.732154340294297","49","23.399999618530273","0.6200000047683716","27.600000381469727","1.770442876881681","1.785883676501574","1.7855748672823792","2.106426900489036","s4gbars_table.dat sma_dp_kpc2","0.56","1.0","","","9.838999479127887","15.606","101.18619259766066","7.655742475354966","52.17","3.947179696022107","2.3496954694204053","141.76944808034432","7.6","7.4","Herrera-Endoqui+2015 table2; Salo+2015 galaxies; Diaz-Garcia+2016 tablea3; local s4gbars_table.dat","No matching Diaz-Garcia Fourier row; Erwin et al. manual revisions are not represented unless present in local project data"
"52","56","NGC3486","True","D:\Dropbox\Public Documents\UCLAN\MSc Research\Remove foreground objects\Azure Optimisation outputs\azure_mtobjects_182_bundle\mtobjects-182\images\NGC3486.phot.1.fits","990","1071","-1.22334117768332","1.22328355209902","323.0","760.0","165.09975","28.97481","0.0","324.010009765625","761.2000122070312","83.5999984741211","0.257999986410141","202","225","43.17461069122908","75","15.399999618530273","0.5600000023841858","22.899999618530273","1.0536940343732575","1.064013765415342","1.0605362034276293","1.5804749924594776","s4gbars_table.dat sma_dp_kpc2","0.426","2.0","0.15800000727176666","0.056","10.176999444891962","14.113","174.6309653312614","11.948545869246317","68.98","4.719728213705669","4.644190667345405","132.01816697524023","5.2","5.2","Herrera-Endoqui+2015 table2; Salo+2015 galaxies; Diaz-Garcia+2016 tablea3; local s4gbars_table.dat","Erwin et al. manual revisions are not represented unless present in local project data"
"53","86","NGC4618","True","D:\Dropbox\Public Documents\UCLAN\MSc Research\Remove foreground objects\Azure Optimisation outputs\azure_mtobjects_182_bundle\mtobjects-182\images\NGC4618.phot.1.fits","1162","1016","-1.22334117768332","1.22328355209902","336.0","686.0","190.3866","41.15091","0.0","334.239990234375","685.6599731445312","13.300000190734863","0.25600001215934753","120","142","42.996835484503926","59","20.5","0.6299999952316284","20.299999237060547","0.725522992267229","0.8722332886300258","0.8670884541730299","0.8647873947026964","s4gbars_table.dat sma_dp_kpc2","0.673","1.0","0.42100000381469727","0.162","9.465999649219395","7.3","106.93534002787328","3.7845877012749374","58.64","2.0753496715390396","1.651644244054978","81.57394270149612","8.7","8.6","Herrera-Endoqui+2015 table2; Salo+2015 galaxies; Diaz-Garcia+2016 tablea3; local s4gbars_table.dat","Erwin et al. manual revisions are not represented unless present in local project data"
"54","115","UGC05354","True","D:\Dropbox\Public Documents\UCLAN\MSc Research\Remove foreground objects\Azure Optimisation outputs\azure_mtobjects_182_bundle\mtobjects-182\images\UGC05354.phot.1.fits","1170","1513","-0.75","0.75","544.0","733.0","149.7225","47.7368","0.0","544.0399780273438","733.6500244140625","76.30000305175781","0.4309999942779541","37","41","57.06571843786578","46","16.5","","","1.3010253799723657","1.6490828760417633","","","s4gbars_table.dat sma_dp_kpc2","","2.0","","","8.762999454027776","16.264","39.45674496576715","3.1111652491854502","27.77","2.1896651395050055","1.2343182604901461","87.25182985184486","4.3","8.0","Herrera-Endoqui+2015 table2; Salo+2015 galaxies; Diaz-Garcia+2016 tablea3; local s4gbars_table.dat","No matching Diaz-Garcia Fourier row; Legacy local sma_dp_kpc value is missing or non-positive; Erwin et al. manual revisions are not represented unless present in local project data"
"55","136","NGC0600","True","D:\Dropbox\Public Documents\UCLAN\MSc Research\Remove foreground objects\Azure Optimisation outputs\azure_mtobjects_182_bundle\mtobjects-182\images\NGC0600.phot.1.fits","804","1055","-0.75","0.75","285.0","277.0","23.27205","-7.3114","0.0","285.8999938964844","275.4800109863281","47.099998474121094","0.07500000298023224","30","67","22.81782111890692","18","20.5","0.7200000286102295","21.5","2.2759556880711704","2.323111050957425","2.3203645795457297","2.439266603505296","s4gbars_table.dat sma_dp_kpc2","0.706","1.0","0.7269999980926514","0.385","9.792999988367361","22.9","78.90803975686144","8.7605464350817","36.02","3.999020677284076","2.445153564589242","72.84639594789438","7.0","7.0","Herrera-Endoqui+2015 table2; Salo+2015 galaxies; Diaz-Garcia+2016 tablea3; local s4gbars_table.dat","Erwin et al. manual revisions are not represented unless present in local project data"
"56","67","NGC4064","True","D:\Dropbox\Public Documents\UCLAN\MSc Research\Remove foreground objects\Azure Optimisation outputs\azure_mtobjects_182_bundle\mtobjects-182\images\NGC4064.phot.1.fits","1083","1313","-1.22334117768332","1.22328355209902","388.0","911.0","181.04655","18.44344","0.0","388.5","912.0800170898438","148.89999389648438","0.5299999713897705","135","172","64.27234969194376","166","35.20000076293945","0.6800000071525574","23.299999237060547","1.814566698179526","2.125728009772679","2.159952973117106","1.408596756475788","s4gbars_table.dat sma_dp_kpc2","0.484","1.0","0.5120000243186951","0.19","9.718999616645068","10.633","96.63206373850304","4.981401273757072","37.34","1.924884105398395","1.1694160667102995","90.8790554870734","1.4","1.2","Herrera-Endoqui+2015 table2; Salo+2015 galaxies; Diaz-Garcia+2016 tablea3; local s4gbars_table.dat","Erwin et al. manual revisions are not represented unless present in local project data"
"57","119","UGC06931","True","D:\Dropbox\Public Documents\UCLAN\MSc Research\Remove foreground objects\Azure Optimisation outputs\azure_mtobjects_182_bundle\mtobjects-182\images\UGC06931.phot.1.fits","1080","1024","-0.75","0.75","298.0","720.0","179.3562","57.93003","0.0","303.989990234375","718.239990234375","64.5","0.3100000023841858","26","41","47.62375474517796","40","12.100000381469727","0.6800000071525574","8.899999618530273","0.9736198579497248","1.06947312993129","1.0701771992339952","0.7822179504042908","s4gbars_table.dat sma_dp_kpc2","0.615","2.0","0.30300000309944153","","9.039001417159449","16.597","34.76332068465379","2.7972115162688724","24.19","1.9464350713887475","1.130525537536664","64.93534253145523","9.0","9.0","Herrera-Endoqui+2015 table2; Salo+2015 galaxies; Diaz-Garcia+2016 tablea3; local s4gbars_table.dat","Erwin et al. manual revisions are not represented unless present in local project data"
"58","170","NGC6412","True","D:\Dropbox\Public Documents\UCLAN\MSc Research\Remove foreground objects\Azure Optimisation outputs\azure_mtobjects_182_bundle\mtobjects-182\images\NGC6412.phot.1.fits","877","1066","-0.75","0.75","302.0","774.0","262.40445","75.7049","0.0","300.7799987792969","771.7100219726562","1.399999976158142","0.052000001072883606","82","90","18.955475257887127","166","9.399999618530273","0.4300000071525574","9.399999618530273","1.070952415581897","1.0753977169704247","1.0823455263859598","1.0725376166593332","s4gbars_table.dat sma_dp_kpc2","0.415","1.0","0.23600000143051147","0.084","10.116999364206654","23.5","63.84417137948137","7.273837187200019","41.8","4.762320316098222","2.4672920757278254","160.17446951844641","5.2","5.2","Herrera-Endoqui+2015 table2; Salo+2015 galaxies; Diaz-Garcia+2016 tablea3; local s4gbars_table.dat","Erwin et al. manual revisions are not represented unless present in local project data"
"59","92","NGC4765","True","D:\Dropbox\Public Documents\UCLAN\MSc Research\Remove foreground objects\Azure Optimisation outputs\azure_mtobjects_182_bundle\mtobjects-182\images\NGC4765.phot.1.fits","1046","1220","-1.22334117768332","1.22328355209902","404.0","868.0","193.3101","4.46335","0.0","401.3800048828125","867.6799926757812","55.400001525878906","0.31700000166893005","45","60","48.20035509200262","72","8.800000190734863","","","0.9044675538748697","0.9495181215616088","","","s4gbars_table.dat sma_dp_kpc2","","2.0","","","9.538000344099887","21.2","34.524011668333074","3.548391861773258","10.93","1.1233898140741279","1.1908137589993455","43.287538700050746","0.0","1.9","Herrera-Endoqui+2015 table2; Salo+2015 galaxies; Diaz-Garcia+2016 tablea3; local s4gbars_table.dat","No matching Diaz-Garcia Fourier row; Legacy local sma_dp_kpc value is missing or non-positive; Erwin et al. manual revisions are not represented unless present in local project data"
"60","68","NGC4102","True","D:\Dropbox\Public Documents\UCLAN\MSc Research\Remove foreground objects\Azure Optimisation outputs\azure_mtobjects_182_bundle\mtobjects-182\images\NGC4102.phot.1.fits","1195","1505","-0.75","0.75","620.0","761.0","181.59885","52.71092","0.0","627.6300048828125","762.4600219726562","39.70000076293945","0.44999998807907104","97","135","58.472179090237866","67","12.399999618530273","0.38999998569488525","11.899999618530273","1.2252413157830946","1.52981327278875","1.6797663200252102","1.47121155467789","s4gbars_table.dat sma_dp_kpc2","0.324","2.0","0.4830000102519989","","10.553999463678078","20.381","88.12948955884592","8.70805578599781","19.42","1.9188859961699756","2.2510844884008434","158.33195714625475","3.1","3.0","Herrera-Endoqui+2015 table2; Salo+2015 galaxies; Diaz-Garcia+2016 tablea3; local s4gbars_table.dat","Erwin et al. manual revisions are not represented unless present in local project data"
"61","106","PGC007654","True","D:\Dropbox\Public Documents\UCLAN\MSc Research\Remove foreground objects\Azure Optimisation outputs\azure_mtobjects_182_bundle\mtobjects-182\images\PGC007654.phot.1.fits","787","1062","-0.75","0.75","278.0","280.0","30.22875","-8.84178","0.0","276.7900085449219","283.510009765625","30.299999237060547","0.23600000143051147","30","37","41.18717850721501","25","16.200000762939453","0.6499999761581421","15.600000381469727","1.7573267398734636","1.7630578240045425","1.7573267398734636","1.6977593860784486","s4gbars_table.dat sma_dp_kpc2","0.55","2.0","","","8.705000256748303","22.375","33.19871351932999","3.6012954936368677","18.54","2.0111628245218527","1.2645159139941338","84.02160917439933","9.9","9.9","Herrera-Endoqui+2015 table2; Salo+2015 galaxies; Diaz-Garcia+2016 tablea3; local s4gbars_table.dat","No matching Diaz-Garcia Fourier row; Erwin et al. manual revisions are not represented unless present in local project data"
"62","127","UGC08507","True","D:\Dropbox\Public Documents\UCLAN\MSc Research\Remove foreground objects\Azure Optimisation outputs\azure_mtobjects_182_bundle\mtobjects-182\images\UGC08507.phot.1.fits","887","1073","-0.75","0.75","295.0","775.0","202.7445","19.4365","0.0","291.3699951171875","780.1199951171875","6.199999809265137","0.29899999499320984","45","60","46.7078885792624","7","31.0","0.8899999856948853","28.399999618530273","3.4266598792815066","3.4270361813710406","3.4266598792815066","3.1423710792087687","s4gbars_table.dat sma_dp_kpc2","0.85","2.0","","","9.52499942024375","22.8","37.507770906531604","4.146012055699806","30.52","3.3736019198603735","0.0","54.91386526527865","9.8","9.7","Herrera-Endoqui+2015 table2; Salo+2015 galaxies; Diaz-Garcia+2016 tablea3; local s4gbars_table.dat","No matching Diaz-Garcia Fourier row; Erwin et al. manual revisions are not represented unless present in local project data"
"63","48","NGC2968","True","D:\Dropbox\Public Documents\UCLAN\MSc Research\Remove foreground objects\Azure Optimisation outputs\azure_mtobjects_182_bundle\mtobjects-182\images\NGC2968.phot.1.fits","1422","1727","-0.75","0.75","818.0","657.0","145.8","31.92873","0.0","817.739990234375","657.0399780273438","67.5999984741211","0.27000001072883606","90","112","44.229995252490674","38","34.70000076293945","0.44999998807907104","35.29999923706055","2.3367173296487525","2.59281709542946","2.6262817249654566","2.6395176915286935","s4gbars_table.dat sma_dp_kpc2","0.393","1.0","0.5960000157356262","0.282","10.103998591328892","13.89","74.32266172899854","5.004929442298933","21.22","1.4289666206094098","1.989509417496909","141.3968439844413","1.2","0.6","Herrera-Endoqui+2015 table2; Salo+2015 galaxies; Diaz-Garcia+2016 tablea3; local s4gbars_table.dat","Erwin et al. manual revisions are not represented unless present in local project data"
"64","89","NGC4668","True","D:\Dropbox\Public Documents\UCLAN\MSc Research\Remove foreground objects\Azure Optimisation outputs\azure_mtobjects_182_bundle\mtobjects-182\images\NGC4668.phot.1.fits","1003","1569","-0.75","0.75","491.0","779.0","191.3832","-0.53568","0.0","490.3500061035156","778.739990234375","7.099999904632568","0.4449999928474426","45","60","58.1034716794574","178","16.100000381469727","0.6200000047683716","16.700000762939453","1.282676653819116","1.3234463309067845","1.3384452039851646","1.3686572304098115","s4gbars_table.dat sma_dp_kpc2","0.372","1.0","0.20999999344348907","0.112","9.235000411778033","16.433","47.65640245793337","3.7967549588695073","20.12","1.6029474704869948","1.3836973989770438","65.90077245676089","7.4","7.5","Herrera-Endoqui+2015 table2; Salo+2015 galaxies; Diaz-Garcia+2016 tablea3; local s4gbars_table.dat","Erwin et al. manual revisions are not represented unless present in local project data"
"65","124","UGC07911","True","D:\Dropbox\Public Documents\UCLAN\MSc Research\Remove foreground objects\Azure Optimisation outputs\azure_mtobjects_182_bundle\mtobjects-182\images\UGC07911.phot.1.fits","795","1078","-0.75","0.75","282.0","794.0","191.1198","0.46804","0.0","281.010009765625","793.3900146484375","23.899999618530273","0.2800000011920929","56","71","45.09549314269485","47","28.799999237060547","","","3.2812159115700674","3.526289070760597","","","s4gbars_table.dat sma_dp_kpc2","","2.0","0.44600000977516174","","9.50000031255344","23.5","59.99585608898231","6.835394362063773","101.55","11.569704021525705","4.8731752842217535","67.72704009576152","8.8","8.7","Herrera-Endoqui+2015 table2; Salo+2015 galaxies; Diaz-Garcia+2016 tablea3; local s4gbars_table.dat","Legacy local sma_dp_kpc value is missing or non-positive; Erwin et al. manual revisions are not represented unless present in local project data"
"66","26","NGC0210","True","D:\Dropbox\Public Documents\UCLAN\MSc Research\Remove foreground objects\Azure Optimisation outputs\azure_mtobjects_182_bundle\mtobjects-182\images\NGC0210.phot.1.fits","779","1944","-0.75","0.75","284.0","722.0","10.14585","-13.87307","0.0","284.7200012207031","723.3300170898438","163.39999389648438","0.35100001096725464","127","150","50.939081977227836","173","52.70000076293945","","","5.361084527185902","5.473108714705308","","","s4gbars_table.dat sma_dp_kpc2","","2.0","0.39399999380111694","0.11","10.43700021696601","20.983","149.32112549368082","15.19019308284927","36.77","3.740551765932175","5.504114600150292","163.41771281608428","3.1","3.1","Herrera-Endoqui+2015 table2; Salo+2015 galaxies; Diaz-Garcia+2016 tablea3; local s4gbars_table.dat","Legacy local sma_dp_kpc value is missing or non-positive; Erwin et al. manual revisions are not represented unless present in local project data"
"67","144","NGC1347","True","D:\Dropbox\Public Documents\UCLAN\MSc Research\Remove foreground objects\Azure Optimisation outputs\azure_mtobjects_182_bundle\mtobjects-182\images\NGC1347.phot.1.fits","792","1051","-0.75","0.75","280.0","280.0","52.4241","-22.27923","0.0","280.2699890136719","280.07000732421875","164.39999389648438","0.09000000357627869","45","48","25.034111980900146","120","7.699999809265137","0.5299999713897705","6.099999904632568","0.9120243376239303","0.9594807210066203","0.9594022252927058","0.7663384979468459","s4gbars_table.dat sma_dp_kpc2","0.539","2.0","0.10899999737739563","","9.446999810138866","24.431","42.76822780806564","5.065670732207846","21.76","2.5773570891813926","1.5699847526240516","66.80723330851659","5.0","5.0","Herrera-Endoqui+2015 table2; Salo+2015 galaxies; Diaz-Garcia+2016 tablea3; local s4gbars_table.dat","Erwin et al. manual revisions are not represented unless present in local project data"
"68","153","NGC3504","True","D:\Dropbox\Public Documents\UCLAN\MSc Research\Remove foreground objects\Azure Optimisation outputs\azure_mtobjects_182_bundle\mtobjects-182\images\NGC3504.phot.1.fits","1302","1475","-1.22334117768332","1.22328355209902","524.0","965.0","165.79635","27.97231","0.0","522.0800170898438","966.719970703125","131.10000610351562","0.02500000037252903","97","105","13.107975767585554","148","37.099998474121094","0.6399999856948853","34.0","3.6063074200664196","3.614560200011049","3.6063074200664196","3.310099266721709","s4gbars_table.dat sma_dp_kpc2","0.635","2.0","1.0859999656677246","0.605","10.404000218712584","20.05","74.32266172899854","7.224538179848354","39.39","3.8289069885826486","2.2451450803577924","380.2248071598523","2.1","2.1","Herrera-Endoqui+2015 table2; Salo+2015 galaxies; Diaz-Garcia+2016 tablea3; local s4gbars_table.dat","Erwin et al. manual revisions are not represented unless present in local project data"
"69","70","NGC4123","True","D:\Dropbox\Public Documents\UCLAN\MSc Research\Remove foreground objects\Azure Optimisation outputs\azure_mtobjects_182_bundle\mtobjects-182\images\NGC4123.phot.1.fits","982","1574","-0.75","0.75","470.0","781.0","182.0463","2.87826","0.0","469.989990234375","781.3499755859375","122.69999694824219","0.31700000166893005","90","120","48.20035509200262","105","48.29999923706055","0.7599999904632568","52.5","5.135936295542142","5.424754197856606","5.401771507526725","5.896471954191964","s4gbars_table.dat sma_dp_kpc2","0.68","1.0","0.6209999918937683","0.285","10.293998609092231","21.933","95.30622211949311","10.13429990423408","0.0","0.0","3.9891231910406515","122.12263784482862","5.0","5.0","Herrera-Endoqui+2015 table2; Salo+2015 galaxies; Diaz-Garcia+2016 tablea3; local s4gbars_table.dat","Erwin et al. manual revisions are not represented unless present in local project data"
"70","114","UGC04988","True","D:\Dropbox\Public Documents\UCLAN\MSc Research\Remove foreground objects\Azure Optimisation outputs\azure_mtobjects_182_bundle\mtobjects-182\images\UGC04988.phot.1.fits","986","1574","-0.75","0.75","474.0","780.0","140.81355","34.73439","0.0","475.07000732421875","780.0800170898438","74.5","0.24300000071525574","43","47","41.82738995613036","35","9.899999618530273","0.5600000023841858","9.100000381469727","1.0485797396552978","1.206579920046557","1.1968637432429157","1.1060315933760103","s4gbars_table.dat sma_dp_kpc2","0.54","2.0","0.23800000548362732","","8.923999990418993","21.847","33.81592368526532","3.581686106474639","19.09","2.021958306062589","1.1407276561704602","93.08898762427026","9.0","8.9","Herrera-Endoqui+2015 table2; Salo+2015 galaxies; Diaz-Garcia+2016 tablea3; local s4gbars_table.dat","Erwin et al. manual revisions are not represented unless present in local project data"
"71","177","UGC02302","True","D:\Dropbox\Public Documents\UCLAN\MSc Research\Remove foreground objects\Azure Optimisation outputs\azure_mtobjects_182_bundle\mtobjects-182\images\UGC02302.phot.1.fits","1418","1654","-0.75","0.75","598.0","560.0","42.2865","2.12709","0.0","590.9299926757812","564.1300048828125","179.60000610351562","0.035999998450279236","51","54","15.746718985838752","78","12.899999618530273","0.6200000047683716","10.800000190734863","0.8755726856228638","0.9083580247345466","0.9095096114221997","0.760485788149853","s4gbars_table.dat sma_dp_kpc2","0.63","1.0","","","8.40100052995543","14.0","142.27259557807338","9.656589038823975","60.24","4.088720820303978","2.522871063922624","77.82292292104918","8.8","8.8","Herrera-Endoqui+2015 table2; Salo+2015 galaxies; Diaz-Garcia+2016 tablea3; local s4gbars_table.dat","No matching Diaz-Garcia Fourier row; Erwin et al. manual revisions are not represented unless present in local project data"
"72","33","NGC0918","True","D:\Dropbox\Public Documents\UCLAN\MSc Research\Remove foreground objects\Azure Optimisation outputs\azure_mtobjects_182_bundle\mtobjects-182\images\NGC0918.phot.1.fits","758","1050","-0.75","0.75","277.0","269.0","36.46125","18.4964","0.0","275.0899963378906","268.6099853515625","157.6999969482422","0.414000004529953","112","135","55.79385172611988","11","6.400000095367432","0.4300000071525574","6.699999809265137","0.5625695100962353","0.7231460002587065","0.7647429277870699","0.7542186799573228","s4gbars_table.dat sma_dp_kpc2","0.403","2.0","0.1899999976158142","0.04","10.109001123187165","18.131","92.70886297540771","8.149246816508457","51.09","4.4908869173151045","2.7710064431677695","139.04133482592468","5.2","5.2","Herrera-Endoqui+2015 table2; Salo+2015 galaxies; Diaz-Garcia+2016 tablea3; local s4gbars_table.dat","Erwin et al. manual revisions are not represented unless present in local project data"
"73","32","NGC0701","True","D:\Dropbox\Public Documents\UCLAN\MSc Research\Remove foreground objects\Azure Optimisation outputs\azure_mtobjects_182_bundle\mtobjects-182\images\NGC0701.phot.1.fits","818","1058","-0.75","0.75","287.0","279.0","27.76665","-9.70233","0.0","295.42999267578125","275.0","44.70000076293945","0.4790000021457672","63","78","60.593444074466454","62","13.399999618530273","0.699999988079071","11.399999618530273","1.475419484643541","1.6681878264359098","1.6736101616852106","1.419204568758908","s4gbars_table.dat sma_dp_kpc2","0.561","1.0","0.48899999260902405","0.152","10.156000622465205","22.711","67.31645771348299","7.411941294601178","27.37","3.0135993503502774","1.616355077206506","123.04317346805689","5.0","5.0","Herrera-Endoqui+2015 table2; Salo+2015 galaxies; Diaz-Garcia+2016 tablea3; local s4gbars_table.dat","Erwin et al. manual revisions are not represented unless present in local project data"
"74","84","NGC4559","True","D:\Dropbox\Public Documents\UCLAN\MSc Research\Remove foreground objects\Azure Optimisation outputs\azure_mtobjects_182_bundle\mtobjects-182\images\NGC4559.phot.1.fits","1961","2007","-1.22334117768332","1.22328355209902","808.0","1230.0","188.9904","27.95975","0.0","808.8699951171875","1230.93994140625","143.1999969482422","0.546999990940094","292","330","65.4907224355271","110","12.600000381469727","0.6200000047683716","15.100000381469727","0.5674932732164932","0.8868899306159385","0.8692555692919302","1.0611004527012122","s4gbars_table.dat sma_dp_kpc2","0.605","2.0","0.28600001335144043","0.136","10.003998756705347","9.29","317.04525276409754","14.279448273718108","87.81","3.9548876445349426","2.2247988267519934","113.13404367922625","6.0","6.0","Herrera-Endoqui+2015 table2; Salo+2015 galaxies; Diaz-Garcia+2016 tablea3; local s4gbars_table.dat","Erwin et al. manual revisions are not represented unless present in local project data"
"75","54","NGC3359","True","D:\Dropbox\Public Documents\UCLAN\MSc Research\Remove foreground objects\Azure Optimisation outputs\azure_mtobjects_182_bundle\mtobjects-182\images\NGC3359.phot.1.fits","1711","1767","-0.75","0.75","1046.0","670.0","161.6535","63.22424","0.0","1049.550048828125","657.2899780273438","164.1999969482422","0.4090000092983246","225","300","55.41709032430981","19","39.400001525878906","0.7599999904632568","48.099998474121094","3.592827673138923","4.664167794305051","4.595901388989891","5.6999918602991935","s4gbars_table.dat sma_dp_kpc2","0.71","1.0","0.6650000214576721","0.321","10.258998649217808","18.809","122.21408334123385","11.144521336946488","102.87","9.380563013599012","3.8495233558771487","131.73721342969583","5.2","5.2","Herrera-Endoqui+2015 table2; Salo+2015 galaxies; Diaz-Garcia+2016 tablea3; local s4gbars_table.dat","Erwin et al. manual revisions are not represented unless present in local project data"
"76","30","NGC0672","True","D:\Dropbox\Public Documents\UCLAN\MSc Research\Remove foreground objects\Azure Optimisation outputs\azure_mtobjects_182_bundle\mtobjects-182\images\NGC0672.phot.1.fits","1704","1527","-1.22334117768332","1.22328355209902","710.0","511.0","26.9766","27.4331","0.0","716.9099731445312","506.94000244140625","68.9000015258789","0.5429999828338623","187","225","65.20418903494127","78","50.900001525878906","","","1.9741594550699342","2.0866448108903395","","","s4gbars_table.dat sma_dp_kpc2","","1.0","","","9.493000502288359","8.0","210.43658952599145","8.161795341952981","88.31","3.4251084769592515","1.9263762635444694","103.34782816700796","6.0","6.0","Herrera-Endoqui+2015 table2; Salo+2015 galaxies; Diaz-Garcia+2016 tablea3; local s4gbars_table.dat","No matching Diaz-Garcia Fourier row; Legacy local sma_dp_kpc value is missing or non-positive; Erwin et al. manual revisions are not represented unless present in local project data"
"77","12","ESO479-004","True","D:\Dropbox\Public Documents\UCLAN\MSc Research\Remove foreground objects\Azure Optimisation outputs\azure_mtobjects_182_bundle\mtobjects-182\images\ESO479-004.phot.1.fits","831","1065","-0.75","0.75","285.0","286.0","36.59055","-24.29033","0.0","284.05999755859375","287.95001220703125","56.099998474121094","0.4560000002384186","75","86","58.913388646008634","31","23.899999618530273","0.6899999976158142","24.799999237060547","2.2478850023028625","2.7485097796779794","2.727559207815189","2.846260127490795","s4gbars_table.dat sma_dp_kpc2","0.49","1.0","","","9.574999538375593","19.4","81.3057489567253","7.647111869490561","35.18","3.308811480377184","1.8613240249193994","101.67123328754829","8.5","8.5","Herrera-Endoqui+2015 table2; Salo+2015 galaxies; Diaz-Garcia+2016 tablea3; local s4gbars_table.dat","No matching Diaz-Garcia Fourier row; Erwin et al. manual revisions are not represented unless present in local project data"
"78","23","IC3521","True","D:\Dropbox\Public Documents\UCLAN\MSc Research\Remove foreground objects\Azure Optimisation outputs\azure_mtobjects_182_bundle\mtobjects-182\images\IC3521.phot.1.fits","1008","1569","-0.75","0.75","485.0","777.0","188.66475","7.16018","0.0","485.8599853515625","776.7000122070312","10.800000190734863","0.2529999911785126","45","75","42.72912749643171","26","9.399999618530273","0.8700000047683716","14.800000190734863","0.7610598017113905","0.7830617794683973","0.7853489443192008","1.2370710026708192","s4gbars_table.dat sma_dp_kpc2","0.84","2.0","","","9.373000325069567","16.7","41.79470408835908","3.383858426177958","24.57","1.9892807795796665","1.3599490946113006","55.41364885798782","9.9","9.8","Herrera-Endoqui+2015 table2; Salo+2015 galaxies; Diaz-Garcia+2016 tablea3; local s4gbars_table.dat","No matching Diaz-Garcia Fourier row; Erwin et al. manual revisions are not represented unless present in local project data"
"79","132","ESO298-023","True","D:\Dropbox\Public Documents\UCLAN\MSc Research\Remove foreground objects\Azure Optimisation outputs\azure_mtobjects_182_bundle\mtobjects-182\images\ESO298-023.phot.1.fits","800","1064","-0.75","0.75","298.0","277.0","33.6144","-39.1858","0.0","297.8599853515625","280.07000732421875","166.89999389648438","0.07800000160932541","26","33","23.276827203548464","51","10.600000381469727","","","0.9806792233292121","1.0515484425371788","","","s4gbars_table.dat sma_dp_kpc2","","2.0","0.33000001311302185","","8.645999634615114","19.083","30.911583613248474","2.8598441329921243","19.46","1.8003790269798556","0.860869827648898","89.22651516093379","6.0","6.0","Herrera-Endoqui+2015 table2; Salo+2015 galaxies; Diaz-Garcia+2016 tablea3; local s4gbars_table.dat","Legacy local sma_dp_kpc value is missing or non-positive; Erwin et al. manual revisions are not represented unless present in local project data"
"80","117","UGC05633","True","D:\Dropbox\Public Documents\UCLAN\MSc Research\Remove foreground objects\Azure Optimisation outputs\azure_mtobjects_182_bundle\mtobjects-182\images\UGC05633.phot.1.fits","759","1075","-0.75","0.75","485.0","279.0","156.16695","14.75653","0.0","484.30999755859375","280.3800048828125","174.1999969482422","0.36899998784065247","37","48","52.35217113237375","159","21.700000762939453","0.8100000023841858","23.799999237060547","2.461784597483819","2.6000841515022417","2.5752308922987415","2.848709709768009","s4gbars_table.dat sma_dp_kpc2","0.72","1.0","0.6299999952316284","0.236","9.202000360304865","23.4","66.24014199056701","7.514698676844195","116.81","13.251661697331102","3.4719104065158892","92.3488806224496","8.0","8.0","Herrera-Endoqui+2015 table2; Salo+2015 galaxies; Diaz-Garcia+2016 tablea3; local s4gbars_table.dat","Erwin et al. manual revisions are not represented unless present in local project data"
"81","167","NGC5236","True","D:\Dropbox\Public Documents\UCLAN\MSc Research\Remove foreground objects\Azure Optimisation outputs\azure_mtobjects_182_bundle\mtobjects-182\images\NGC5236.phot.1.fits","2780","3132","-0.75","0.75","1432.0","1546.0","204.25335","-29.8655","0.0","1435.97998046875","1544.949951171875","4.099999904632568","0.0560000017285347","300","450","19.678938906726422","50","114.9000015258789","0.6899999976158142","125.5","3.8770707584902917","4.002896651782751","3.9985455603228854","4.371309463728814","s4gbars_table.dat sma_dp_kpc2","0.695","2.0","0.46700000762939453","0.288","11.036999977835826","6.96","408.43340473978486","13.781768584049171","309.96","10.458980437786341","3.60213279034252","352.2206211470295","5.0","5.0","Herrera-Endoqui+2015 table2; Salo+2015 galaxies; Diaz-Garcia+2016 tablea3; local s4gbars_table.dat","Erwin et al. manual revisions are not represented unless present in local project data"
"82","55","NGC3447","True","D:\Dropbox\Public Documents\UCLAN\MSc Research\Remove foreground objects\Azure Optimisation outputs\azure_mtobjects_182_bundle\mtobjects-182\images\NGC3447.phot.1.fits","781","1078","-0.75","0.75","504.0","281.0","163.35","16.77244","0.0","503.739990234375","281.3800048828125","9.699999809265137","0.46399998664855957","82","105","59.499684892857914","175","17.299999237060547","","","1.6858410297432915","1.835616993674862","","","s4gbars_table.dat sma_dp_kpc2","","2.0","0.3059999942779541","","9.432999751317281","20.1","101.41945086179445","9.883067715424664","77.7","7.571667515089811","3.732335102901607","48.582542850571194","8.8","8.8","Herrera-Endoqui+2015 table2; Salo+2015 galaxies; Diaz-Garcia+2016 tablea3; local s4gbars_table.dat","Legacy local sma_dp_kpc value is missing or non-positive; Erwin et al. manual revisions are not represented unless present in local project data"
"83","151","NGC3380","True","D:\Dropbox\Public Documents\UCLAN\MSc Research\Remove foreground objects\Azure Optimisation outputs\azure_mtobjects_182_bundle\mtobjects-182\images\NGC3380.phot.1.fits","811","1084","-0.75","0.75","530.0","286.0","162.0507","28.60182","0.0","529.780029296875","286.4800109863281","47.400001525878906","0.06499999761581421","45","75","21.22066475260944","18","18.0","0.5799999833106995","19.700000762939453","1.9441204276052648","1.979123394621253","1.9765224347320192","2.16878938660579","s4gbars_table.dat sma_dp_kpc2","0.565","2.0","0.8529999852180481","0.37","9.96100038318148","22.278","46.78657508480862","5.053263131114664","23.05","2.489554214238964","1.8267171551159913","142.33585283751077","1.0","1.0","Herrera-Endoqui+2015 table2; Salo+2015 galaxies; Diaz-Garcia+2016 tablea3; local s4gbars_table.dat","Erwin et al. manual revisions are not represented unless present in local project data"
"84","118","UGC06840","True","D:\Dropbox\Public Documents\UCLAN\MSc Research\Remove foreground objects\Azure Optimisation outputs\azure_mtobjects_182_bundle\mtobjects-182\images\UGC06840.phot.1.fits","1214","1483","-0.75","0.75","664.0","770.0","178.03005","52.1081","0.0","665.8499755859375","769.4099731445312","93.5","0.4950000047683716","63","69","61.75323855539553","77","37.400001525878906","","","3.0824424890311004","3.4866645203549393","","","s4gbars_table.dat sma_dp_kpc2","","1.0","","","8.911000394460574","17.0","50.13271842932123","4.131850838961825","45.48","3.74838193585921","2.6614500763580833","62.991143439512","8.8","8.8","Herrera-Endoqui+2015 table2; Salo+2015 galaxies; Diaz-Garcia+2016 tablea3; local s4gbars_table.dat","No matching Diaz-Garcia Fourier row; Legacy local sma_dp_kpc value is missing or non-positive; Erwin et al. manual revisions are not represented unless present in local project data"
"85","94","NGC4981","True","D:\Dropbox\Public Documents\UCLAN\MSc Research\Remove foreground objects\Azure Optimisation outputs\azure_mtobjects_182_bundle\mtobjects-182\images\NGC4981.phot.1.fits","768","1075","-0.75","0.75","282.0","793.0","197.20335","-6.77823","0.0","282.95001220703125","796.3200073242188","152.39999389648438","0.3840000033378601","90","112","53.512831261540384","147","18.899999618530273","0.5699999928474426","21.0","2.265269434950185","2.2835330909133735","2.2772549875160593","2.5372589899037488","s4gbars_table.dat sma_dp_kpc2","0.414","2.0","0.1720000058412552","","10.442999997642922","24.722","80.93218297334762","9.700169332979904","109.05","13.070245073085593","2.656477870700313","141.19577729079748","4.0","4.0","Herrera-Endoqui+2015 table2; Salo+2015 galaxies; Diaz-Garcia+2016 tablea3; local s4gbars_table.dat","Erwin et al. manual revisions are not represented unless present in local project data"
"86","44","NGC1800","True","D:\Dropbox\Public Documents\UCLAN\MSc Research\Remove foreground objects\Azure Optimisation outputs\azure_mtobjects_182_bundle\mtobjects-182\images\NGC1800.phot.1.fits","575","1026","-1.22334117768332","1.22328355209902","319.0","241.0","76.6068","-31.9545","0.0","320.30999755859375","243.94000244140625","105.0","0.382999986410141","90","105","53.43590056367302","118","15.800000190734863","0.6600000262260437","17.299999237060547","0.5668436234940489","0.5923412970539436","0.5991321843259884","0.649513479206302","s4gbars_table.dat sma_dp_kpc2","0.47","2.0","","","8.74000009336626","7.4","46.464498567374434","1.66696865390915","22.91","0.8219232540663709","0.513136983976923","32.15922881695262","8.0","8.0","Herrera-Endoqui+2015 table2; Salo+2015 galaxies; Diaz-Garcia+2016 tablea3; local s4gbars_table.dat","No matching Diaz-Garcia Fourier row; Erwin et al. manual revisions are not represented unless present in local project data"
"87","126","UGC08489","True","D:\Dropbox\Public Documents\UCLAN\MSc Research\Remove foreground objects\Azure Optimisation outputs\azure_mtobjects_182_bundle\mtobjects-182\images\UGC08489.phot.1.fits","1373","1373","-0.75","0.75","668.0","662.0","202.41135","45.38781","0.0","668.5599975585938","662.5700073242188","100.9000015258789","0.492000013589859","31","36","61.53625608497394","103","23.700000762939453","0.6299999952316284","24.200000762939453","2.8265580685041085","2.833007390358006","2.8384844738564468","2.8957638831823926","s4gbars_table.dat sma_dp_kpc2","0.28","1.0","","","8.840999510220604","24.6","30.69878976842262","3.6612621060441493","29.79","3.5528761544614933","2.1013133590284343","64.3143964661556","8.0","7.9","Herrera-Endoqui+2015 table2; Salo+2015 galaxies; Diaz-Garcia+2016 tablea3; local s4gbars_table.dat","No matching Diaz-Garcia Fourier row; Erwin et al. manual revisions are not represented unless present in local project data"
"88","96","NGC5569","True","D:\Dropbox\Public Documents\UCLAN\MSc Research\Remove foreground objects\Azure Optimisation outputs\azure_mtobjects_182_bundle\mtobjects-182\images\NGC5569.phot.1.fits","816","1580","-0.75","0.75","336.0","787.0","215.13375","3.98317","0.0","336.6300048828125","787.1099853515625","109.19999694824219","0.328000009059906","52","71","49.097232980766584","67","16.600000381469727","","","1.4003345211257363","1.7719703876698913","","","s4gbars_table.dat sma_dp_kpc2","","2.0","0.296999990940094","","9.005999413292432","17.4","33.4288360077519","2.8199730760666277","46.32","3.90743945894844","2.025001818049596","51.65238353137185","5.8","6.0","Herrera-Endoqui+2015 table2; Salo+2015 galaxies; Diaz-Garcia+2016 tablea3; local s4gbars_table.dat","Legacy local sma_dp_kpc value is missing or non-positive; Erwin et al. manual revisions are not represented unless present in local project data"
"89","88","NGC4654","True","D:\Dropbox\Public Documents\UCLAN\MSc Research\Remove foreground objects\Azure Optimisation outputs\azure_mtobjects_182_bundle\mtobjects-182\images\NGC4654.phot.1.fits","1041","1067","-1.22334117768332","1.22328355209902","337.0","757.0","190.9857","13.12678","0.0","336.7699890136719","756.6900024414062","120.69999694824219","0.45100000500679016","135","157","58.5458062107373","121","28.799999237060547","0.6800000071525574","25.700000762939453","2.284564031706785","2.2846477228259117","2.284564031706785","2.0407139815866864","s4gbars_table.dat sma_dp_kpc2","0.41","1.0","","","10.484999854480483","16.362","141.61891237907713","11.23394004967619","60.99","4.838040287979055","2.546654294233146","151.51379927891563","5.9","5.9","Herrera-Endoqui+2015 table2; Salo+2015 galaxies; Diaz-Garcia+2016 tablea3; local s4gbars_table.dat","No matching Diaz-Garcia Fourier row; Erwin et al. manual revisions are not represented unless present in local project data"
"90","148","NGC2500","True","D:\Dropbox\Public Documents\UCLAN\MSc Research\Remove foreground objects\Azure Optimisation outputs\azure_mtobjects_182_bundle\mtobjects-182\images\NGC2500.phot.1.fits","885","1162","-1.22334117768332","1.22328355209902","363.0","845.0","120.47085","50.73709","0.0","360.7099914550781","845.1300048828125","63.70000076293945","0.12099999934434891","67","75","29.120906787471462","6","20.799999237060547","0.47999998927116394","29.600000381469727","1.018495624560638","1.1257575817728436","1.1213245097326254","1.5993334875667078","s4gbars_table.dat sma_dp_kpc2","0.514","2.0","0.23800000548362732","","9.4200003236409","10.1","73.98118011703016","3.6225725119724848","48.84","2.391506072285652","1.5631949191573944","86.03645392143541","7.0","7.0","Herrera-Endoqui+2015 table2; Salo+2015 galaxies; Diaz-Garcia+2016 tablea3; local s4gbars_table.dat","Erwin et al. manual revisions are not represented unless present in local project data"
"91","163","NGC4625","True","D:\Dropbox\Public Documents\UCLAN\MSc Research\Remove foreground objects\Azure Optimisation outputs\azure_mtobjects_182_bundle\mtobjects-182\images\NGC4625.phot.1.fits","1014","980","-1.22334117768332","1.22328355209902","306.0","677.0","190.4697","41.27384","0.0","306.1000061035156","677.0999755859375","161.10000610351562","0.05999999865889549","45","52","20.377851827081457","14","7.699999809265137","0.3700000047683716","8.199999809265137","0.30611107071000887","0.3122797207813593","0.3100865391607882","0.33154372953085876","s4gbars_table.dat sma_dp_kpc2","0.373","2.0","0.23600000143051147","","9.071001479039726","8.2","41.89105083167813","1.6653655095132986","22.2","0.8825539960730125","0.5964395316704239","80.03797552270545","8.8","8.7","Herrera-Endoqui+2015 table2; Salo+2015 galaxies; Diaz-Garcia+2016 tablea3; local s4gbars_table.dat","Erwin et al. manual revisions are not represented unless present in local project data"
"92","131","ESO026-001","True","D:\Dropbox\Public Documents\UCLAN\MSc Research\Remove foreground objects\Azure Optimisation outputs\azure_mtobjects_182_bundle\mtobjects-182\images\ESO026-001.phot.1.fits","1076","798","-0.75","0.75","790.0","500.0","306.25305","-81.57566","0.0","795.5","495.4700012207031","19.299999237060547","0.05999999865889549","52","60","20.377851827081457","59","18.5","0.6100000143051147","21.600000381469727","1.7184689598332241","1.7661808592948371","1.7649140668557437","2.0621354897712694","s4gbars_table.dat sma_dp_kpc2","0.602","2.0","0.6430000066757202","0.282","9.373000325069567","19.16","45.40683745308624","4.2178508501254806","62.93","5.845581169854313","1.8029061644001645","119.6979842047493","5.9","5.9","Herrera-Endoqui+2015 table2; Salo+2015 galaxies; Diaz-Garcia+2016 tablea3; local s4gbars_table.dat","Erwin et al. manual revisions are not represented unless present in local project data"
"93","49","NGC3185","True","D:\Dropbox\Public Documents\UCLAN\MSc Research\Remove foreground objects\Azure Optimisation outputs\azure_mtobjects_182_bundle\mtobjects-182\images\NGC3185.phot.1.fits","838","1784","-0.75","0.75","562.0","281.0","154.41075","21.6883","0.0","1162.0699462890625","429.32000732421875","136.3000030517578","0.3499999940395355","86","97","50.85988015289439","114","32.400001525878906","0.6100000143051147","35.29999923706055","3.88379026979856","4.285199142994653","4.291348507987297","4.672057398959448","s4gbars_table.dat sma_dp_kpc2","0.51","2.0","0.27900001406669617","0.127","10.215000067662167","24.725","64.58345204173118","7.741622920669058","50.33","6.0330606258938735","2.233898625554505","146.4792751086775","1.2","1.2","Herrera-Endoqui+2015 table2; Salo+2015 galaxies; Diaz-Garcia+2016 tablea3; local s4gbars_table.dat","Erwin et al. manual revisions are not represented unless present in local project data"
"94","156","NGC4214","True","D:\Dropbox\Public Documents\UCLAN\MSc Research\Remove foreground objects\Azure Optimisation outputs\azure_mtobjects_182_bundle\mtobjects-182\images\NGC4214.phot.1.fits","1144","1033","-1.22334117768332","1.22328355209902","332.0","701.0","183.91305","36.328","0.0","347.6199951171875","705.780029296875","132.60000610351562","0.07699999958276749","187","202","23.124774174867717","131","35.70000076293945","","","0.5886393716820595","0.5886812161103004","","","s4gbars_table.dat sma_dp_kpc2","","2.0","","","9.075999244594438","3.401","203.76108978515538","3.3597142819155614","79.61","1.3126493103531862","0.766039119579182","73.15369003698383","9.8","9.8","Herrera-Endoqui+2015 table2; Salo+2015 galaxies; Diaz-Garcia+2016 tablea3; local s4gbars_table.dat","No matching Diaz-Garcia Fourier row; Legacy local sma_dp_kpc value is missing or non-positive; Erwin et al. manual revisions are not represented unless present in local project data"
"95","38","NGC1326A","True","D:\Dropbox\Public Documents\UCLAN\MSc Research\Remove foreground objects\Azure Optimisation outputs\azure_mtobjects_182_bundle\mtobjects-182\images\NGC1326A.phot.1.fits","1021","1541","-0.75","0.75","469.0","780.0","51.2862","-36.3635","0.0","470.4700012207031","778.3800048828125","76.0","0.23600000143051147","45","52","41.18717850721501","50","15.800000190734863","","","1.2940886723389813","1.3860303367018092","","","s4gbars_table.dat sma_dp_kpc2","","2.0","0.257999986410141","","8.894000206902225","16.894","63.11335319299425","5.169257939264756","37.53","3.0738701185368336","1.6644601265362517","50.704527929390814","8.9","8.8","Herrera-Endoqui+2015 table2; Salo+2015 galaxies; Diaz-Garcia+2016 tablea3; local s4gbars_table.dat","Legacy local sma_dp_kpc value is missing or non-positive; Erwin et al. manual revisions are not represented unless present in local project data"
"96","41","NGC1436","True","D:\Dropbox\Public Documents\UCLAN\MSc Research\Remove foreground objects\Azure Optimisation outputs\azure_mtobjects_182_bundle\mtobjects-182\images\NGC1436.phot.1.fits","869","1054","-0.75","0.75","289.0","289.0","55.90425","-35.85354","0.0","288.0","291.3999938964844","148.1999969482422","0.29499998688697815","90","112","46.371743428533364","171","9.899999618530273","0.3199999928474426","7.699999809265137","0.8812159115700675","0.9512506319110094","1.0058323031052285","0.7422637506578331","s4gbars_table.dat sma_dp_kpc2","0.242","2.0","0.12200000137090683","","10.107999805919684","18.36","89.1499809521408","7.9353920940600915","47.72","4.247638717184204","3.2778561559159334","139.6042805107896","2.0","2.1","Herrera-Endoqui+2015 table2; Salo+2015 galaxies; Diaz-Garcia+2016 tablea3; local s4gbars_table.dat","Erwin et al. manual revisions are not represented unless present in local project data"
"97","103","NGC7764","True","D:\Dropbox\Public Documents\UCLAN\MSc Research\Remove foreground objects\Azure Optimisation outputs\azure_mtobjects_182_bundle\mtobjects-182\images\NGC7764.phot.1.fits","1211","1384","-0.75","0.75","755.0","604.0","357.7245","-40.73187","0.0","756.1599731445312","612.6900024414062","159.89999389648438","0.3400000035762787","67","90","50.0635782980582","16","11.5","0.8799999952316284","9.0","1.1429471795990593","1.397614599809718","1.3814752866458195","1.0937853389815186","s4gbars_table.dat sma_dp_kpc2","0.87","1.0","","","9.673999939957978","20.5","58.630183673261826","5.827061136411254","23.93","2.3783240006787385","1.588597192931423","83.99007737283173","9.4","9.4","Herrera-Endoqui+2015 table2; Salo+2015 galaxies; Diaz-Garcia+2016 tablea3; local s4gbars_table.dat","No matching Diaz-Garcia Fourier row; Erwin et al. manual revisions are not represented unless present in local project data"
"98","52","NGC3287","True","D:\Dropbox\Public Documents\UCLAN\MSc Research\Remove foreground objects\Azure Optimisation outputs\azure_mtobjects_182_bundle\mtobjects-182\images\NGC3287.phot.1.fits","999","1570","-0.75","0.75","487.0","788.0","158.697","21.64831","0.0","486.55999755859375","787.030029296875","19.299999237060547","0.5709999799728394","97","112","67.21007570571213","13","27.299999237060547","0.800000011920929","27.899999618530273","2.925023634644753","3.0231403316535763","3.0000242406612854","3.0895829763053038","s4gbars_table.dat sma_dp_kpc2","0.563","1.0","0.4300000071525574","0.14","9.883999659352165","22.1","53.47136302344267","5.729120901840268","36.29","3.888245703342787","2.1951605943810146","97.37168224749269","7.6","7.6","Herrera-Endoqui+2015 table2; Salo+2015 galaxies; Diaz-Garcia+2016 tablea3; local s4gbars_table.dat","Erwin et al. manual revisions are not represented unless present in local project data"
"99","75","NGC4389","True","D:\Dropbox\Public Documents\UCLAN\MSc Research\Remove foreground objects\Azure Optimisation outputs\azure_mtobjects_182_bundle\mtobjects-182\images\NGC4389.phot.1.fits","1201","1494","-0.75","0.75","646.0","767.0","186.39465","45.68507","0.0","639.1099853515625","764.97998046875","96.30000305175781","0.35600000619888306","67","82","51.33396098229401","104","42.5","0.8199999928474426","41.400001525878906","3.100986594914309","3.1441587440044607","3.1447652291954524","3.062780517689051","s4gbars_table.dat sma_dp_kpc2","0.727","1.0","0.6489999890327454","0.351","9.843999756628934","15.05","75.35659294528739","5.498347872041186","45.72","3.3359319322231107","1.6949627905849272","93.73708806898291","4.1","4.0","Herrera-Endoqui+2015 table2; Salo+2015 galaxies; Diaz-Garcia+2016 tablea3; local s4gbars_table.dat","Erwin et al. manual revisions are not represented unless present in local project data"
"100","10","ESO440-044","True","D:\Dropbox\Public Documents\UCLAN\MSc Research\Remove foreground objects\Azure Optimisation outputs\azure_mtobjects_182_bundle\mtobjects-182\images\ESO440-044.phot.1.fits","842","1086","-0.75","0.75","290.0","792.0","180.6918","-29.09309","0.0","284.1300048828125","788.3900146484375","13.100000381469727","0.5130000114440918","60","75","63.05123716454198","179","26.600000381469727","","","1.470147625627227","1.6302165323892368","","","s4gbars_table.dat sma_dp_kpc2","","2.0","","","8.645000551408296","11.4","47.876374417101985","2.6460653448474662","35.38","1.9554068794996728","1.06911788233583","46.62265361738615","8.7","8.7","Herrera-Endoqui+2015 table2; Salo+2015 galaxies; Diaz-Garcia+2016 tablea3; local s4gbars_table.dat","No matching Diaz-Garcia Fourier row; Legacy local sma_dp_kpc value is missing or non-positive; Erwin et al. manual revisions are not represented unless present in local project data"
"101","142","NGC1313","True","D:\Dropbox\Public Documents\UCLAN\MSc Research\Remove foreground objects\Azure Optimisation outputs\azure_mtobjects_182_bundle\mtobjects-182\images\NGC1313.phot.1.fits","1626","1430","-1.22334117768332","1.22328355209902","812.0","432.0","49.5642","-66.49737","0.0","808.0599975585938","428.7799987792969","178.5","0.10899999737739563","187","225","27.604470633498035","17","42.0","0.7099999785423279","54.0","0.8045087629990546","0.8155066821405114","0.8160017453276125","1.0485085913235146","s4gbars_table.dat sma_dp_kpc2","0.685","1.0","0.3869999945163727","","9.441999726670907","3.951","331.98713519329993","6.35920379680861","149.91","2.871521634790197","1.5293903134317504","158.29847145945072","7.0","7.0","Herrera-Endoqui+2015 table2; Salo+2015 galaxies; Diaz-Garcia+2016 tablea3; local s4gbars_table.dat","Erwin et al. manual revisions are not represented unless present in local project data"
"102","74","NGC4294","True","D:\Dropbox\Public Documents\UCLAN\MSc Research\Remove foreground objects\Azure Optimisation outputs\azure_mtobjects_182_bundle\mtobjects-182\images\NGC4294.phot.1.fits","1832","1940","-1.22334117768332","1.22328355209902","967.0","1321.0","185.32425","11.5108","0.0","966.7100219726562","1320.1800537109375","154.60000610351562","0.5609999895095825","86","97","66.49345482116692","146","14.300000190734863","0.7900000214576721","19.5","1.3333910261071922","1.409993187156237","1.3986619154970545","1.9227179824857774","s4gbars_table.dat sma_dp_kpc2","0.52","1.0","","","9.7709999304101","19.233","80.56033336975523","7.511778012268209","37.98","3.541411970038542","2.0183623881899497","97.37032327433461","5.8","5.9","Herrera-Endoqui+2015 table2; Salo+2015 galaxies; Diaz-Garcia+2016 tablea3; local s4gbars_table.dat","No matching Diaz-Garcia Fourier row; Erwin et al. manual revisions are not represented unless present in local project data"
"103","97","NGC5669","True","D:\Dropbox\Public Documents\UCLAN\MSc Research\Remove foreground objects\Azure Optimisation outputs\azure_mtobjects_182_bundle\mtobjects-182\images\NGC5669.phot.1.fits","709","1145","-1.22334117768332","1.22328355209902","385.0","292.0","218.1831","9.89171","0.0","385.0799865722656","292.9800109863281","60.70000076293945","0.2590000033378601","108","120","43.26329209753695","43","9.699999809265137","0.7599999904632568","4.900000095367432","1.1739320776670785","1.2210447665236128","1.222341647880154","0.6231104736383386","s4gbars_table.dat sma_dp_kpc2","0.703","1.0","0.38100001215934753","0.101","10.16199952482845","24.963","77.11187348306589","9.332381634100665","62.86","7.607563958984801","3.5330514580757764","124.69505680517729","6.0","6.0","Herrera-Endoqui+2015 table2; Salo+2015 galaxies; Diaz-Garcia+2016 tablea3; local s4gbars_table.dat","Erwin et al. manual revisions are not represented unless present in local project data"
"104","0","ESO013-016","True","D:\Dropbox\Public Documents\UCLAN\MSc Research\Remove foreground objects\Azure Optimisation outputs\azure_mtobjects_182_bundle\mtobjects-182\images\ESO013-016.phot.1.fits","800","1077","-0.75","0.75","481.0","284.0","23.199","-79.47365","0.0","478.489990234375","282.7799987792969","165.6999969482422","0.34299999475479126","52","82","50.30330023075759","166","16.100000381469727","0.75","10.399999618530273","1.7965903085836181","1.7966260463676296","1.7965903085836181","1.154973886950619","s4gbars_table.dat sma_dp_kpc2","0.612","1.0","0.39100000262260437","0.125","9.56400049274087","23.017","64.28671803360176","7.173720160858175","38.85","4.335250527234383","2.3499624415194047","97.36997780071175","7.5","7.3","Herrera-Endoqui+2015 table2; Salo+2015 galaxies; Diaz-Garcia+2016 tablea3; local s4gbars_table.dat","Erwin et al. manual revisions are not represented unless present in local project data"
"105","137","NGC0986","True","D:\Dropbox\Public Documents\UCLAN\MSc Research\Remove foreground objects\Azure Optimisation outputs\azure_mtobjects_182_bundle\mtobjects-182\images\NGC0986.phot.1.fits","1473","1283","-1.22334117768332","1.22328355209902","975.0","759.0","38.39175","-39.04538","0.0","970.02001953125","760.8400268554688","107.5999984741211","0.10100000351667404","135","150","26.550052852013053","59","43.0","0.6700000166893005","43.900001525878906","3.5752551329600264","3.8181358430841668","3.8080624439434696","3.9024900070592823","s4gbars_table.dat sma_dp_kpc2","0.674","1.0","0.718999981880188","0.395","10.441000352362295","17.15","113.01113969517267","9.396364122716946","68.45","5.691307298863112","2.4895416090950957","91.70444051028004","2.4","2.4","Herrera-Endoqui+2015 table2; Salo+2015 galaxies; Diaz-Garcia+2016 tablea3; local s4gbars_table.dat","Erwin et al. manual revisions are not represented unless present in local project data"
"106","179","UGC06682","True","D:\Dropbox\Public Documents\UCLAN\MSc Research\Remove foreground objects\Azure Optimisation outputs\azure_mtobjects_182_bundle\mtobjects-182\images\UGC06682.phot.1.fits","975","1099","-0.75","0.75","680.0","300.0","175.78785","59.1058","0.0","682.510009765625","302.75","6.099999904632568","0.11599999666213989","45","60","28.497917466687525","111","22.600000381469727","0.5299999713897705","19.5","2.6077133784209634","2.94482519240682","2.9307929120306397","2.540888993448362","s4gbars_table.dat sma_dp_kpc2","0.58","2.0","","","9.02699878127043","23.8","45.5115110237801","5.251370626940908","42.09","4.85657770343975","2.5682515211014953","61.576920267240276","8.7","8.7","Herrera-Endoqui+2015 table2; Salo+2015 galaxies; Diaz-Garcia+2016 tablea3; local s4gbars_table.dat","No matching Diaz-Garcia Fourier row; Erwin et al. manual revisions are not represented unless present in local project data"
"107","57","NGC3627","True","D:\Dropbox\Public Documents\UCLAN\MSc Research\Remove foreground objects\Azure Optimisation outputs\azure_mtobjects_182_bundle\mtobjects-182\images\NGC3627.phot.1.fits","1630","1894","-1.22334117768332","1.22328355209902","702.0","1209.0","170.06205","12.9917","0.0","699.8200073242188","1208.0400390625","166.1999969482422","0.41600000858306885","322","375","55.944202257432096","160","66.4000015258789","0.7599999904632568","59.099998474121094","3.2227008944804014","3.2635787290830414","3.261528616100647","2.9047816700121647","s4gbars_table.dat sma_dp_kpc2","0.605","1.0","0.7059999704360962","0.377","10.808999814734944","10.011","308.4048894379421","14.968323991773874","92.2","4.474894916733328","2.618638615373427","194.83577598513472","3.1","3.1","Herrera-Endoqui+2015 table2; Salo+2015 galaxies; Diaz-Garcia+2016 tablea3; local s4gbars_table.dat","Erwin et al. manual revisions are not represented unless present in local project data"
"108","15","IC0797","True","D:\Dropbox\Public Documents\UCLAN\MSc Research\Remove foreground objects\Azure Optimisation outputs\azure_mtobjects_182_bundle\mtobjects-182\images\IC0797.phot.1.fits","977","1323","-1.22334117768332","1.22328355209902","373.0","881.0","187.97805","15.12417","0.0","371.1300048828125","880.6599731445312","103.19999694824219","0.4020000100135803","60","71","54.88742841807309","143","10.800000190734863","0.6100000143051147","10.600000381469727","0.9529488764453494","1.28868643380076","1.288245703342787","1.261838799763244","s4gbars_table.dat sma_dp_kpc2","0.625","2.0","0.35899999737739563","0.172","9.40999902564472","18.2","32.97017518297562","2.909156610816941","21.89","1.931486194943398","1.2317746588126923","69.80239286479811","6.0","6.1","Herrera-Endoqui+2015 table2; Salo+2015 galaxies; Diaz-Garcia+2016 tablea3; local s4gbars_table.dat","Erwin et al. manual revisions are not represented unless present in local project data"
"109","116","UGC05393","True","D:\Dropbox\Public Documents\UCLAN\MSc Research\Remove foreground objects\Azure Optimisation outputs\azure_mtobjects_182_bundle\mtobjects-182\images\UGC05393.phot.1.fits","1080","1545","-0.75","0.75","491.0","754.0","150.4251","33.13635","0.0","488.70001220703125","752.9600219726562","117.9000015258789","0.4909999966621399","47","54","61.46388222325203","137","19.700000762939453","","","2.31129857222505","2.697503947115572","","","s4gbars_table.dat sma_dp_kpc2","","2.0","0.3089999854564667","","9.119001690585424","24.2","41.411527938086536","4.858599258728791","32.65","3.8306547402613136","2.3157569146486314","73.07776872823955","8.0","8.0","Herrera-Endoqui+2015 table2; Salo+2015 galaxies; Diaz-Garcia+2016 tablea3; local s4gbars_table.dat","Legacy local sma_dp_kpc value is missing or non-positive; Erwin et al. manual revisions are not represented unless present in local project data"
"110","28","NGC0298","True","D:\Dropbox\Public Documents\UCLAN\MSc Research\Remove foreground objects\Azure Optimisation outputs\azure_mtobjects_182_bundle\mtobjects-182\images\NGC0298.phot.1.fits","780","1053","-0.75","0.75","280.0","274.0","13.75935","-7.33323","0.0","279.2300109863281","275.25","101.0","0.5099999904632568","52","67","62.83532000423217","71","4.900000095367432","0.47999998927116394","3.0999999046325684","0.5793813783240006","0.8089376459316159","0.8513359028434294","0.507649645150963","s4gbars_table.dat sma_dp_kpc2","0.504","1.0","0.28999999165534973","","9.308000625056591","24.389","44.16937507298156","5.2226353896926145","17.67","2.0893201948949165","1.2044038203282184","104.35001745526228","5.9","5.9","Herrera-Endoqui+2015 table2; Salo+2015 galaxies; Diaz-Garcia+2016 tablea3; local s4gbars_table.dat","Erwin et al. manual revisions are not represented unless present in local project data"
"111","58","NGC3673","True","D:\Dropbox\Public Documents\UCLAN\MSc Research\Remove foreground objects\Azure Optimisation outputs\azure_mtobjects_182_bundle\mtobjects-182\images\NGC3673.phot.1.fits","1665","2175","-0.75","0.75","918.0","1099.0","171.30345","-26.73666","0.0","917.2899780273438","1098.75","76.69999694824219","0.3930000066757202","127","172","54.2024821624663","84","42.900001525878906","0.7400000095367432","44.20000076293945","5.1551130826848945","5.234521367315342","5.2512457275834485","5.390092806553735","s4gbars_table.dat sma_dp_kpc2","0.586","2.0","0.5170000195503235","0.296","10.505000666533533","24.786","104.50119451080354","12.557470279227093","87.1","10.466441713329937","3.4115072358373935","185.15843566888532","3.2","3.1","Herrera-Endoqui+2015 table2; Salo+2015 galaxies; Diaz-Garcia+2016 tablea3; local s4gbars_table.dat","Erwin et al. manual revisions are not represented unless present in local project data"
"112","108","PGC035705","True","D:\Dropbox\Public Documents\UCLAN\MSc Research\Remove foreground objects\Azure Optimisation outputs\azure_mtobjects_182_bundle\mtobjects-182\images\PGC035705.phot.1.fits","1019","1569","-0.75","0.75","522.0","785.0","173.4384","-3.4368","0.0","520.4600219726562","785.1199951171875","54.400001525878906","0.37400001287460327","37","45","52.74068402344738","39","15.5","0.5799999833106995","13.100000381469727","1.6856010471965672","1.7853651538904094","1.7943495018544104","1.5118011383749437","s4gbars_table.dat sma_dp_kpc2","0.46","2.0","","","8.874999888033233","22.431","30.20795006555412","3.2850678880102993","21.43","2.3304793833175768","1.3839328339757109","77.1575878822037","7.9","7.9","Herrera-Endoqui+2015 table2; Salo+2015 galaxies; Diaz-Garcia+2016 tablea3; local s4gbars_table.dat","No matching Diaz-Garcia Fourier row; Erwin et al. manual revisions are not represented unless present in local project data"
"113","107","PGC013821","True","D:\Dropbox\Public Documents\UCLAN\MSc Research\Remove foreground objects\Azure Optimisation outputs\azure_mtobjects_182_bundle\mtobjects-182\images\PGC013821.phot.1.fits","722","1050","-0.75","0.75","284.0","266.0","56.65875","-16.55057","0.0","283.2099914550781","270.8999938964844","42.29999923706055","0.3479999899864197","63","71","50.701246709594045","24","7.199999809265137","","","0.5987520907570358","0.6413024265732786","","","s4gbars_table.dat sma_dp_kpc2","","1.0","","","9.578000485752225","17.153","56.770308559349246","4.72101957539339","13.78","1.1459449736988823","0.6935545051268998","83.20691075562894","8.9","8.9","Herrera-Endoqui+2015 table2; Salo+2015 galaxies; Diaz-Garcia+2016 tablea3; local s4gbars_table.dat","No matching Diaz-Garcia Fourier row; Legacy local sma_dp_kpc value is missing or non-positive; Erwin et al. manual revisions are not represented unless present in local project data"
"114","8","ESO358-020","True","D:\Dropbox\Public Documents\UCLAN\MSc Research\Remove foreground objects\Azure Optimisation outputs\azure_mtobjects_182_bundle\mtobjects-182\images\ESO358-020.phot.1.fits","848","1069","-0.75","0.75","287.0","287.0","53.73885","-32.63978","0.0","286.42999267578125","288.1199951171875","159.8000030517578","0.43799999356269836","22","26","57.58561829229906","161","16.5","0.7099999785423279","11.899999618530273","1.948738273580103","1.9497978951383559","1.948738273580103","1.4091721151227208","s4gbars_table.dat sma_dp_kpc2","0.493","2.0","0.22300000488758087","","9.121001424471649","24.361","41.22125925037545","4.868451247659061","18.08","2.1353447264441368","1.8166964923763118","48.555224315096496","9.3","9.3","Herrera-Endoqui+2015 table2; Salo+2015 galaxies; Diaz-Garcia+2016 tablea3; local s4gbars_table.dat","Erwin et al. manual revisions are not represented unless present in local project data"
"115","178","UGC05832","True","D:\Dropbox\Public Documents\UCLAN\MSc Research\Remove foreground objects\Azure Optimisation outputs\azure_mtobjects_182_bundle\mtobjects-182\images\UGC05832.phot.1.fits","772","1075","-0.75","0.75","496.0","281.0","160.70205","13.45993","0.0","497.1499938964844","280.44000244140625","103.19999694824219","0.12200000137090683","26","30","29.24407156814273","75","14.899999618530273","0.6600000262260437","10.600000381469727","1.2200135747703196","1.261992412107744","1.2609536276149613","0.8956758226872076","s4gbars_table.dat sma_dp_kpc2","0.628","1.0","0.49000000953674316","0.176","9.172999685741704","16.889","32.81869098816281","2.6871978866946966","29.46","2.412187913606283","1.3130293748333455","89.98406139237457","4.2","4.1","Herrera-Endoqui+2015 table2; Salo+2015 galaxies; Diaz-Garcia+2016 tablea3; local s4gbars_table.dat","Erwin et al. manual revisions are not represented unless present in local project data"
"116","51","NGC3264","True","D:\Dropbox\Public Documents\UCLAN\MSc Research\Remove foreground objects\Azure Optimisation outputs\azure_mtobjects_182_bundle\mtobjects-182\images\NGC3264.phot.1.fits","1115","1531","-0.75","0.75","612.0","789.0","158.08275","56.08341","0.0","615.1900024414062","792.6099853515625","1.0","0.5139999985694885","82","93","63.123177143190894","158","17.100000381469727","","","1.717751436259181","2.1689682026228367","","","s4gbars_table.dat sma_dp_kpc2","","1.0","","","9.161999501859244","20.72","62.67888392562119","6.296300753588205","43.08","4.327528179768744","2.5958137347586843","66.57096394580981","7.9","8.0","Herrera-Endoqui+2015 table2; Salo+2015 galaxies; Diaz-Garcia+2016 tablea3; local s4gbars_table.dat","No matching Diaz-Garcia Fourier row; Legacy local sma_dp_kpc value is missing or non-positive; Erwin et al. manual revisions are not represented unless present in local project data"
"117","155","NGC4204","True","D:\Dropbox\Public Documents\UCLAN\MSc Research\Remove foreground objects\Azure Optimisation outputs\azure_mtobjects_182_bundle\mtobjects-182\images\NGC4204.phot.1.fits","1819","2175","-0.75","0.75","827.0","1060.0","183.81","20.65921","0.0","825.9099731445312","1058.030029296875","173.60000610351562","0.09099999815225601","112","150","25.175399227914703","115","48.29999923706055","0.8100000023841858","56.0","1.8499018253217943","1.9932327979713023","1.9839526822291706","2.3120262423673337","s4gbars_table.dat sma_dp_kpc2","0.815","1.0","0.953000009059906","0.459","8.755000046690066","7.9","121.65256063451517","4.65932285658095","82.89","3.17470729401498","1.6025588442052696","83.96985560644886","8.0","7.8","Herrera-Endoqui+2015 table2; Salo+2015 galaxies; Diaz-Garcia+2016 tablea3; local s4gbars_table.dat","Erwin et al. manual revisions are not represented unless present in local project data"
"118","145","NGC1493","True","D:\Dropbox\Public Documents\UCLAN\MSc Research\Remove foreground objects\Azure Optimisation outputs\azure_mtobjects_182_bundle\mtobjects-182\images\NGC1493.phot.1.fits","1629","1721","-0.75","0.75","641.0","630.0","59.3661","-46.2098","0.0","647.1400146484375","625.7100219726562","49.5","0.01600000075995922","112","127","10.477094137903414","71","33.29999923706055","0.6200000047683716","27.299999237060547","1.8243036870045812","1.8284888657747658","1.8243036870045812","1.4990314124820154","s4gbars_table.dat sma_dp_kpc2","0.621","1.0","0.4059999883174896","0.174","9.62500050975815","11.3","103.30497922900152","5.659449083885861","53.12","2.9101204760865875","1.6289991030955324","245.1023218688143","6.0","6.0","Herrera-Endoqui+2015 table2; Salo+2015 galaxies; Diaz-Garcia+2016 tablea3; local s4gbars_table.dat","Erwin et al. manual revisions are not represented unless present in local project data"
"119","123","UGC07612","True","D:\Dropbox\Public Documents\UCLAN\MSc Research\Remove foreground objects\Azure Optimisation outputs\azure_mtobjects_182_bundle\mtobjects-182\images\UGC07612.phot.1.fits","984","1575","-0.75","0.75","466.0","780.0","187.25895","2.7233","0.0","463.6499938964844","772.8699951171875","144.3000030517578","0.45100000500679016","56","63","58.5458062107373","128","21.399999618530273","0.7099999785423279","21.799999237060547","2.5159382347950445","2.7681317464069397","2.751072649261871","2.813404929175278","s4gbars_table.dat sma_dp_kpc2","0.563","1.0","0.32600000500679016","","8.991999586376304","24.25","54.71687106958912","6.432909720202341","39.38","4.629796620851817","2.679826921678423","83.69891890533522","8.8","8.7","Herrera-Endoqui+2015 table2; Salo+2015 galaxies; Diaz-Garcia+2016 tablea3; local s4gbars_table.dat","Erwin et al. manual revisions are not represented unless present in local project data"
"120","72","NGC4145","True","D:\Dropbox\Public Documents\UCLAN\MSc Research\Remove foreground objects\Azure Optimisation outputs\azure_mtobjects_182_bundle\mtobjects-182\images\NGC4145.phot.1.fits","1901","1664","-0.75","0.75","994.0","845.0","182.5092","39.88054","0.0","996.27001953125","849.4600219726562","97.0","0.4189999997615814","187","240","56.16935777976855","137","15.600000381469727","","","1.3959944731292266","1.9342581732879875","","","s4gbars_table.dat sma_dp_kpc2","","2.0","","","10.178000837398178","18.458","138.7143064197781","12.413102891407963","110.27","9.867712214869218","5.004729672993478","120.29804165816702","6.9","6.9","Herrera-Endoqui+2015 table2; Salo+2015 galaxies; Diaz-Garcia+2016 tablea3; local s4gbars_table.dat","No matching Diaz-Garcia Fourier row; Legacy local sma_dp_kpc value is missing or non-positive; Erwin et al. manual revisions are not represented unless present in local project data"
"121","90","NGC4713","True","D:\Dropbox\Public Documents\UCLAN\MSc Research\Remove foreground objects\Azure Optimisation outputs\azure_mtobjects_182_bundle\mtobjects-182\images\NGC4713.phot.1.fits","873","1184","-1.22334117768332","1.22328355209902","550.0","357.0","192.4911","5.31136","0.0","549.6300048828125","356.989990234375","92.80000305175781","0.3499999940395355","64","71","50.85988015289439","84","11.399999618530273","0.6200000047683716","11.399999618530273","0.9045829394225874","0.920426568005241","0.9204528155528081","0.9204265680052409","s4gbars_table.dat sma_dp_kpc2","0.434","2.0","0.1679999977350235","","9.836000489070807","16.367","49.78760722312682","3.9506157972555527","30.3","2.404286233728456","1.623567677502242","93.0242029670899","6.8","6.8","Herrera-Endoqui+2015 table2; Salo+2015 galaxies; Diaz-Garcia+2016 tablea3; local s4gbars_table.dat","Erwin et al. manual revisions are not represented unless present in local project data"
"122","129","UGC09245","True","D:\Dropbox\Public Documents\UCLAN\MSc Research\Remove foreground objects\Azure Optimisation outputs\azure_mtobjects_182_bundle\mtobjects-182\images\UGC09245.phot.1.fits","1065","913","-0.75","0.75","280.0","428.0","216.36195","56.32008","0.0","280.2699890136719","428.04998779296875","177.1999969482422","0.27300000190734863","56","67","44.49093601882587","20","18.799999237060547","0.75","15.399999618530273","1.549463069352532","1.6579435071584314","1.656606792233292","1.3558979480085576","s4gbars_table.dat sma_dp_kpc2","0.68","1.0","","","8.843000307902853","17.0","36.569687967746","3.014009625732344","54.12","4.460475601774416","1.9768841053983952","75.89936012082764","6.4","6.5","Herrera-Endoqui+2015 table2; Salo+2015 galaxies; Diaz-Garcia+2016 tablea3; local s4gbars_table.dat","No matching Diaz-Garcia Fourier row; Erwin et al. manual revisions are not represented unless present in local project data"
"123","109","PGC042160","True","D:\Dropbox\Public Documents\UCLAN\MSc Research\Remove foreground objects\Azure Optimisation outputs\azure_mtobjects_182_bundle\mtobjects-182\images\PGC042160.phot.1.fits","1011","1569","-0.75","0.75","486.0","777.0","189.42315","8.5588","0.0","490.5199890136719","779.469970703125","115.0","0.25099998712539673","38","43","42.549947472263284","127","11.300000190734863","","","0.8820207015247375","0.8979402184195084","","","s4gbars_table.dat sma_dp_kpc2","","2.0","","","8.74100023937469","16.1","32.07164637667973","2.503350091700209","24.28","1.8951736843381086","1.0464824376408988","46.50766128286037","9.5","9.4","Herrera-Endoqui+2015 table2; Salo+2015 galaxies; Diaz-Garcia+2016 tablea3; local s4gbars_table.dat","No matching Diaz-Garcia Fourier row; Legacy local sma_dp_kpc value is missing or non-positive; Erwin et al. manual revisions are not represented unless present in local project data"
"124","91","NGC4725","True","D:\Dropbox\Public Documents\UCLAN\MSc Research\Remove foreground objects\Azure Optimisation outputs\azure_mtobjects_182_bundle\mtobjects-182\images\NGC4725.phot.1.fits","1817","1909","-1.22334117768332","1.22328355209902","734.0","1190.0","192.61095","25.50075","0.0","734.9600219726562","1189.81005859375","34.0","0.3160000145435333","315","337","48.11826961117465","45","123.30000305175781","0.6800000071525574","130.60000610351562","8.151853683368483","8.334377939763549","8.37002981601338","8.826126516501423","s4gbars_table.dat sma_dp_kpc2","0.574","2.0","0.42100000381469727","0.227","10.88099926897264","13.637","291.1529901736469","19.249282849722558","237.56","15.706036991249123","4.839543305941387","245.99594861505162","2.2","2.2","Herrera-Endoqui+2015 table2; Salo+2015 galaxies; Diaz-Garcia+2016 tablea3; local s4gbars_table.dat","Erwin et al. manual revisions are not represented unless present in local project data"
"125","154","NGC3681","True","D:\Dropbox\Public Documents\UCLAN\MSc Research\Remove foreground objects\Azure Optimisation outputs\azure_mtobjects_182_bundle\mtobjects-182\images\NGC3681.phot.1.fits","804","1082","-0.75","0.75","523.0","285.0","171.62685","16.86507","0.0","535.3099975585938","277.0899963378906","123.5","0.10499999672174454","105","120","27.081944022512367","151","11.899999618530273","0.36000001430511475","8.199999809265137","1.396165127384675","1.4345524497747177","1.4430950476328994","0.9855013678074216","s4gbars_table.dat sma_dp_kpc2","0.34","2.0","0.3330000042915344","0.095","10.27299897435032","24.2","52.25420620174843","6.130714324205813","24.67","2.894402831309238","1.5550229074249142","157.84236254407168","4.0","4.0","Herrera-Endoqui+2015 table2; Salo+2015 galaxies; Diaz-Garcia+2016 tablea3; local s4gbars_table.dat","Erwin et al. manual revisions are not represented unless present in local project data"
"126","128","UGC08851","True","D:\Dropbox\Public Documents\UCLAN\MSc Research\Remove foreground objects\Azure Optimisation outputs\azure_mtobjects_182_bundle\mtobjects-182\images\UGC08851.phot.1.fits","980","1087","-0.75","0.75","297.0","783.0","208.90905","39.71634","0.0","294.3900146484375","780.7000122070312","126.0999984741211","0.5509999990463257","26","41","65.77721522590481","143","8.699999809265137","","","1.004107337648171","1.1954847552158685","","","s4gbars_table.dat sma_dp_kpc2","","1.0","","","8.583999731197105","23.806","34.44460864490649","3.9754119865253137","22.02","2.5414302959784743","1.6413115458269703","71.38494231798447","7.9","7.9","Herrera-Endoqui+2015 table2; Salo+2015 galaxies; Diaz-Garcia+2016 tablea3; local s4gbars_table.dat","No matching Diaz-Garcia Fourier row; Legacy local sma_dp_kpc value is missing or non-positive; Erwin et al. manual revisions are not represented unless present in local project data"
"127","135","NGC0255","True","D:\Dropbox\Public Documents\UCLAN\MSc Research\Remove foreground objects\Azure Optimisation outputs\azure_mtobjects_182_bundle\mtobjects-182\images\NGC0255.phot.1.fits","1017","1543","-0.75","0.75","552.0","764.0","11.94615","-11.4688","0.0","548.9400024414062","764.8900146484375","175.1999969482422","0.08799999952316284","60","63","24.74929855675484","51","13.800000190734863","","","1.3380845029452404","1.4320456537294701","","","s4gbars_table.dat sma_dp_kpc2","","1.0","0.24199999868869781","0.073","9.79800043120216","20.0","61.25213834008589","5.939169353994704","28.18","2.732407340072237","1.5044724020071267","164.00388485875504","4.1","4.1","Herrera-Endoqui+2015 table2; Salo+2015 galaxies; Diaz-Garcia+2016 tablea3; local s4gbars_table.dat","Legacy local sma_dp_kpc value is missing or non-positive; Erwin et al. manual revisions are not represented unless present in local project data"
"128","85","NGC4579","True","D:\Dropbox\Public Documents\UCLAN\MSc Research\Remove foreground objects\Azure Optimisation outputs\azure_mtobjects_182_bundle\mtobjects-182\images\NGC4579.phot.1.fits","1358","1466","-1.22334117768332","1.22328355209902","521.0","969.0","189.43305","11.8184","0.0","528.8400268554688","968.1199951171875","92.0999984741211","0.2529999911785126","262","281","42.72912749643171","53","40.70000076293945","0.47999998927116394","42.20000076293945","3.864097641383657","4.471984380471599","4.490708069716141","4.639546448781653","s4gbars_table.dat sma_dp_kpc2","0.454","1.0","0.4690000116825104","0.232","11.097999588814174","19.583","150.35617008818167","14.274961233543555","119.22","11.31886291906043","4.297977892516908","245.42646128512533","2.9","2.8","Herrera-Endoqui+2015 table2; Salo+2015 galaxies; Diaz-Garcia+2016 tablea3; local s4gbars_table.dat","Erwin et al. manual revisions are not represented unless present in local project data"
"129","120","UGC06983","True","D:\Dropbox\Public Documents\UCLAN\MSc Research\Remove foreground objects\Azure Optimisation outputs\azure_mtobjects_182_bundle\mtobjects-182\images\UGC06983.phot.1.fits","1238","1469","-0.75","0.75","676.0","765.0","179.78925","52.70754","0.0","674.0499877929688","765.0800170898438","87.0","0.3370000123977661","82","97","49.8231244322896","88","24.0","0.7099999785423279","29.200000762939453","2.3503745182168565","2.3508765158832925","2.3503745182168565","2.8651307537327626","s4gbars_table.dat sma_dp_kpc2","0.559","1.0","0.4620000123977661","0.146","9.409001007202892","20.2","57.16382153889742","5.598182896205017","118.69","11.62358131529828","3.522917605992291","100.07113721347646","5.9","6.0","Herrera-Endoqui+2015 table2; Salo+2015 galaxies; Diaz-Garcia+2016 tablea3; local s4gbars_table.dat","Erwin et al. manual revisions are not represented unless present in local project data"
"130","158","NGC4314","True","D:\Dropbox\Public Documents\UCLAN\MSc Research\Remove foreground objects\Azure Optimisation outputs\azure_mtobjects_182_bundle\mtobjects-182\images\NGC4314.phot.1.fits","1141","1035","-1.22334117768332","1.22328355209902","339.0","705.0","185.633292","29.895361","0.0","338.6099853515625","705.3599853515625","51.599998474121094","0.06300000101327896","142","157","20.88741435657025","146","72.5999984741211","0.6399999856948853","67.9000015258789","3.414151698058322","3.652934864891264","3.6398807359464764","3.4189658962721956","s4gbars_table.dat sma_dp_kpc2","0.662","1.0","0.8960000276565552","0.574","10.140001801438192","9.7","110.94845393407988","5.217559950357912","57.24","2.6918187768162314","2.201704603301578","198.3267835944906","1.0","1.0","Herrera-Endoqui+2015 table2; Salo+2015 galaxies; Diaz-Garcia+2016 tablea3; local s4gbars_table.dat","Erwin et al. manual revisions are not represented unless present in local project data"
"131","180","UGC09661","True","D:\Dropbox\Public Documents\UCLAN\MSc Research\Remove foreground objects\Azure Optimisation outputs\azure_mtobjects_182_bundle\mtobjects-182\images\UGC09661.phot.1.fits","786","1081","-0.75","0.75","280.0","798.0","225.51495","1.84083","0.0","280.92999267578125","800.530029296875","81.80000305175781","0.06599999964237213","38","42","21.38544374999229","150","9.800000190734863","0.6800000071525574","7.900000095367432","0.8195767580539597","0.8720709425690388","0.8697549269144061","0.7007712931358347","s4gbars_table.dat sma_dp_kpc2","0.699","1.0","0.43700000643730164","0.197","9.17999966014305","17.25","31.269522881799123","2.615078998914187","21.61","1.8072503817904149","1.0554141516980582","108.79216372357106","8.0","8.0","Herrera-Endoqui+2015 table2; Salo+2015 galaxies; Diaz-Garcia+2016 tablea3; local s4gbars_table.dat","Erwin et al. manual revisions are not represented unless present in local project data"
"132","78","NGC4449","True","D:\Dropbox\Public Documents\UCLAN\MSc Research\Remove foreground objects\Azure Optimisation outputs\azure_mtobjects_182_bundle\mtobjects-182\images\NGC4449.phot.1.fits","1150","1027","-1.22334117768332","1.22328355209902","357.0","686.0","187.0455","44.0925","0.0","354.1000061035156","691.3599853515625","71.0","0.2939999997615814","225","247","46.287439758968524","46","42.20000076293945","0.7599999904632568","30.299999237060547","0.7555552323467384","0.826084446492014","0.8218005963202675","0.593136462765593","s4gbars_table.dat sma_dp_kpc2","0.71","2.0","0.5130000114440918","0.253","9.278000937595156","3.693","139.67582805688767","2.5007773156574604","75.25","1.3472874700021815","0.7767537488182676","72.49427732912554","9.8","9.8","Herrera-Endoqui+2015 table2; Salo+2015 galaxies; Diaz-Garcia+2016 tablea3; local s4gbars_table.dat","Erwin et al. manual revisions are not represented unless present in local project data"
"133","73","NGC4293","True","D:\Dropbox\Public Documents\UCLAN\MSc Research\Remove foreground objects\Azure Optimisation outputs\azure_mtobjects_182_bundle\mtobjects-182\images\NGC4293.phot.1.fits","1302","1479","-1.22334117768332","1.22328355209902","527.0","987.0","185.30325","18.3825","0.0","526.030029296875","987.3599853515625","64.0","0.5320000052452087","187","262","64.41579241190023","75","78.0999984741211","0.75","70.5999984741211","5.422112331224396","5.836840139813911","5.908089108670884","5.280060894722828","s4gbars_table.dat sma_dp_kpc2","0.543","1.0","0.6919999718666077","0.282","10.417999499945902","14.32","187.12045064472574","12.990884799808367","86.81","6.02680629287567","3.4795937265168595","120.05078927645711","0.3","0.3","Herrera-Endoqui+2015 table2; Salo+2015 galaxies; Diaz-Garcia+2016 tablea3; local s4gbars_table.dat","Erwin et al. manual revisions are not represented unless present in local project data"
"134","18","IC1953","True","D:\Dropbox\Public Documents\UCLAN\MSc Research\Remove foreground objects\Azure Optimisation outputs\azure_mtobjects_182_bundle\mtobjects-182\images\IC1953.phot.1.fits","693","1029","-1.22334117768332","1.22328355209902","304.0","194.0","53.42445","-21.47861","0.0","304.70001220703125","193.8300018310547","122.30000305175781","0.33399999141693115","82","105","49.58192493463311","155","17.100000381469727","0.7400000095367432","22.700000762939453","2.0427314377136208","2.419090162019454","2.424996969917339","3.2148435047890107","s4gbars_table.dat sma_dp_kpc2","0.729","1.0","0.5379999876022339","0.15","10.14900038113244","24.64","67.93932922779179","8.11589495150796","46.65","5.5727147116573335","3.8537143965287366","112.63127834161564","6.2","6.2","Herrera-Endoqui+2015 table2; Salo+2015 galaxies; Diaz-Garcia+2016 tablea3; local s4gbars_table.dat","Erwin et al. manual revisions are not represented unless present in local project data"
"135","162","NGC4540","True","D:\Dropbox\Public Documents\UCLAN\MSc Research\Remove foreground objects\Azure Optimisation outputs\azure_mtobjects_182_bundle\mtobjects-182\images\NGC4540.phot.1.fits","1027","1564","-0.75","0.75","489.0","774.0","188.71215","15.55157","0.0","490.0","774.739990234375","56.0","0.04899999871850014","82","120","18.395023507610087","62","18.100000381469727","0.550000011920929","17.899999618530273","1.4742200567231476","1.4751105043892876","1.4742200567231476","1.4608483862529267","s4gbars_table.dat sma_dp_kpc2","0.528","2.0","0.3109999895095825","0.094","9.87699967963046","16.8","65.78414806051344","5.358028203605197","27.53","2.2422805614137156","1.2442905970474873","153.24814772218332","6.2","6.2","Herrera-Endoqui+2015 table2; Salo+2015 galaxies; Diaz-Garcia+2016 tablea3; local s4gbars_table.dat","Erwin et al. manual revisions are not represented unless present in local project data"
"136","138","NGC0991","True","D:\Dropbox\Public Documents\UCLAN\MSc Research\Remove foreground objects\Azure Optimisation outputs\azure_mtobjects_182_bundle\mtobjects-182\images\NGC0991.phot.1.fits","768","1052","-0.75","0.75","276.0","276.0","38.8857","-7.15521","0.0","273.9599914550781","280.1300048828125","118.30000305175781","0.05400000140070915","67","75","19.320446482831315","78","17.0","","","1.549463069352532","1.588801081592223","","","s4gbars_table.dat sma_dp_kpc2","","2.0","0.19900000095367432","0.08","9.679999907518468","18.8","44.37325164504622","4.044394981828565","41.01","3.737851792596902","2.210901510193198","101.61668611220165","5.0","5.2","Herrera-Endoqui+2015 table2; Salo+2015 galaxies; Diaz-Garcia+2016 tablea3; local s4gbars_table.dat","Legacy local sma_dp_kpc value is missing or non-positive; Erwin et al. manual revisions are not represented unless present in local project data"
"137","31","NGC0685","True","D:\Dropbox\Public Documents\UCLAN\MSc Research\Remove foreground objects\Azure Optimisation outputs\azure_mtobjects_182_bundle\mtobjects-182\images\NGC0685.phot.1.fits","873","1073","-0.75","0.75","449.0","277.0","26.9301","-52.76194","0.0","453.7900085449219","276.82000732421875","99.19999694824219","0.22599999606609344","120","135","40.2588861532241","55","19.899999618530273","0.7200000286102295","19.100000381469727","1.4664630451118705","1.7029594766983438","1.687537876033258","1.6366381905455187","s4gbars_table.dat sma_dp_kpc2","0.724","1.0","0.4399999976158142","0.147","9.852999976772018","15.2","90.39018072558366","6.66099797362069","69.57","5.126725329066976","2.842801250818122","114.04390431768473","5.4","5.4","Herrera-Endoqui+2015 table2; Salo+2015 galaxies; Diaz-Garcia+2016 tablea3; local s4gbars_table.dat","Erwin et al. manual revisions are not represented unless present in local project data"
"138","76","NGC4405","True","D:\Dropbox\Public Documents\UCLAN\MSc Research\Remove foreground objects\Azure Optimisation outputs\azure_mtobjects_182_bundle\mtobjects-182\images\NGC4405.phot.1.fits","896","1326","-1.22334117768332","1.22328355209902","530.0","387.0","186.52965","16.18097","0.0","529.4199829101562","387.4700012207031","18.899999618530273","0.23899999260902405","63","75","41.46249216237809","179","8.600000381469727","0.6000000238418579","10.100000381469727","1.0082011005260223","1.0528090370888135","1.055094174969093","1.2394990116888647","s4gbars_table.dat sma_dp_kpc2","0.487","2.0","0.21899999678134918","0.084","10.239001496264924","24.181","50.36412054367682","5.904321134786072","20.56","2.410304026373839","1.339266206094102","90.90365206125362","-0.1","0.3","Herrera-Endoqui+2015 table2; Salo+2015 galaxies; Diaz-Garcia+2016 tablea3; local s4gbars_table.dat","Erwin et al. manual revisions are not represented unless present in local project data"
"139","147","NGC1672","True","D:\Dropbox\Public Documents\UCLAN\MSc Research\Remove foreground objects\Azure Optimisation outputs\azure_mtobjects_182_bundle\mtobjects-182\images\NGC1672.phot.1.fits","1356","1042","-1.22334117768332","1.22328355209902","916.0","381.0","71.42715","-59.24739","0.0","916.27001953125","381.6300048828125","148.5","0.10599999874830246","210","225","27.213432170025804","96","74.4000015258789","0.6700000166893005","69.30000305175781","5.230165078903353","5.64866089500206","5.630863209948367","5.261454301393047","s4gbars_table.dat sma_dp_kpc2","0.684","2.0","0.9369999766349792","0.501","10.661000091008138","14.5","184.12860154943826","12.94385728294599","378.65","26.61830654740261","4.222866215790367","220.0931244797229","3.3","3.3","Herrera-Endoqui+2015 table2; Salo+2015 galaxies; Diaz-Garcia+2016 tablea3; local s4gbars_table.dat","Erwin et al. manual revisions are not represented unless present in local project data"
"140","80","NGC4487","True","D:\Dropbox\Public Documents\UCLAN\MSc Research\Remove foreground objects\Azure Optimisation outputs\azure_mtobjects_182_bundle\mtobjects-182\images\NGC4487.phot.1.fits","1636","1747","-0.75","0.75","819.0","876.0","187.76865","-8.05389","0.0","819.0700073242188","875.3300170898438","75.30000305175781","0.375","112","150","52.81818770369126","97","11.399999618530273","0.550000011920929","8.5","1.1075849029161513","1.2321613107567844","1.2727510726492617","0.9241209830675882","s4gbars_table.dat sma_dp_kpc2","0.442","1.0","0.20100000500679016","0.077","10.130999190046799","20.04","103.78181334783656","10.083085058011026","64.47","6.263684095702129","3.272621918405933","108.41927522071255","6.0","6.0","Herrera-Endoqui+2015 table2; Salo+2015 galaxies; Diaz-Garcia+2016 tablea3; local s4gbars_table.dat","Erwin et al. manual revisions are not represented unless present in local project data"
"141","4","ESO120-012","True","D:\Dropbox\Public Documents\UCLAN\MSc Research\Remove foreground objects\Azure Optimisation outputs\azure_mtobjects_182_bundle\mtobjects-182\images\ESO120-012.phot.1.fits","1086","1021","-0.75","0.75","302.0","292.0","84.99315","-58.58496","0.0","292.0","290.0","86.4000015258789","0.32499998807907104","57","62","48.85371183037769","96","24.5","","","1.7104210602865244","1.7412953378794223","","","s4gbars_table.dat sma_dp_kpc2","","2.0","","","8.77099995866642","14.4","52.495400658739726","3.6648668920362253","31.12","2.1725838120863936","1.41706639517126","59.10770874096034","7.1","7.1","Herrera-Endoqui+2015 table2; Salo+2015 galaxies; Diaz-Garcia+2016 tablea3; local s4gbars_table.dat","No matching Diaz-Garcia Fourier row; Legacy local sma_dp_kpc value is missing or non-positive; Erwin et al. manual revisions are not represented unless present in local project data"
"142","3","ESO085-047","True","D:\Dropbox\Public Documents\UCLAN\MSc Research\Remove foreground objects\Azure Optimisation outputs\azure_mtobjects_182_bundle\mtobjects-182\images\ESO085-047.phot.1.fits","1097","986","-0.75","0.75","306.0","297.0","76.9317","-62.99113","0.0","306.3500061035156","297.2099914550781","31.600000381469727","0.460999995470047","48","52","59.280080120357596","43","14.800000190734863","","","1.1982643686519765","1.2628150695311315","","","s4gbars_table.dat sma_dp_kpc2","","1.0","","","8.519999851162067","16.7","34.84345841521028","2.821059101321172","37.53","3.038571740237073","2.0486272513514163","31.57008035020578","9.0","9.0","Herrera-Endoqui+2015 table2; Salo+2015 galaxies; Diaz-Garcia+2016 tablea3; local s4gbars_table.dat","No matching Diaz-Garcia Fourier row; Legacy local sma_dp_kpc value is missing or non-positive; Erwin et al. manual revisions are not represented unless present in local project data"
"143","45","NGC1808","True","D:\Dropbox\Public Documents\UCLAN\MSc Research\Remove foreground objects\Azure Optimisation outputs\azure_mtobjects_182_bundle\mtobjects-182\images\NGC1808.phot.1.fits","1330","700","-1.22334117768332","1.22328355209902","923.0","295.0","76.9263","-37.51301","0.0","922.510009765625","295.3399963378906","125.80000305175781","0.2680000066757202","262","277","44.05540341687484","139","136.8000030517578","","","7.660242891426078","7.844985634628273","","","s4gbars_table.dat sma_dp_kpc2","","2.0","1.1549999713897705","0.624","10.614999456651596","11.55","162.60026712048716","9.104952780363254","55.03","3.0814558941167913","4.0657523089229874","176.73022073594163","1.2","1.2","Herrera-Endoqui+2015 table2; Salo+2015 galaxies; Diaz-Garcia+2016 tablea3; local s4gbars_table.dat","Legacy local sma_dp_kpc value is missing or non-positive; Erwin et al. manual revisions are not represented unless present in local project data"
"144","19","IC1954","True","D:\Dropbox\Public Documents\UCLAN\MSc Research\Remove foreground objects\Azure Optimisation outputs\azure_mtobjects_182_bundle\mtobjects-182\images\IC1954.phot.1.fits","958","1078","-0.75","0.75","299.0","296.0","52.88085","-51.90486","0.0","302.3800048828125","295.989990234375","61.0","0.4399999976158142","112","127","57.73378007123619","88","8.600000381469727","0.6299999952316284","5.900000095367432","0.6373752211960342","0.7850528617199374","0.7930133566043681","0.5408649076384453","s4gbars_table.dat sma_dp_kpc2","0.589","1.0","0.3580000102519989","0.108","9.95899937425412","15.287","89.76793909824566","6.6530069812856345","40.21","2.9800997260805278","1.7584144765229195","119.79989142738815","3.2","3.3","Herrera-Endoqui+2015 table2; Salo+2015 galaxies; Diaz-Garcia+2016 tablea3; local s4gbars_table.dat","Erwin et al. manual revisions are not represented unless present in local project data"
"145","160","NGC4457","True","D:\Dropbox\Public Documents\UCLAN\MSc Research\Remove foreground objects\Azure Optimisation outputs\azure_mtobjects_182_bundle\mtobjects-182\images\NGC4457.phot.1.fits","976","1330","-1.22334117768332","1.22328355209902","599.0","391.0","187.2459","3.57058","0.0","598.8699951171875","391.19000244140625","66.4000015258789","0.07100000232458115","172","187","22.19197070084669","65","32.599998474121094","0.3700000047683716","29.0","2.7500545414878914","2.750191123657151","2.7500545414878914","2.448598078654871","s4gbars_table.dat sma_dp_kpc2","0.324","2.0","0.35600000619888306","0.131","10.576000231747479","17.4","83.77631523712013","7.067160619232008","50.66","4.273551014471674","3.829071340266162","152.49753080142733","0.4","0.3","Herrera-Endoqui+2015 table2; Salo+2015 galaxies; Diaz-Garcia+2016 tablea3; local s4gbars_table.dat","Erwin et al. manual revisions are not represented unless present in local project data"
"146","40","NGC1367","True","D:\Dropbox\Public Documents\UCLAN\MSc Research\Remove foreground objects\Azure Optimisation outputs\azure_mtobjects_182_bundle\mtobjects-182\images\NGC1367.phot.1.fits","1514","1695","-0.75","0.75","619.0","592.0","53.75505","-24.9335","0.0","616.8300170898438","593.5499877929688","133.39999389648438","0.31200000643730164","135","150","47.788978334533546","105","24.0","0.4399999976158142","22.399999618530273","2.7052577994327685","3.054582295561878","3.111046469347684","2.8541253324156295","s4gbars_table.dat sma_dp_kpc2","0.378","2.0","0.35499998927116394","0.102","10.739000029560787","23.25","146.2585470310159","16.48612812872334","115.55","13.024689113519017","3.9093229583303035","246.42374785541475","1.1","1.1","Herrera-Endoqui+2015 table2; Salo+2015 galaxies; Diaz-Garcia+2016 tablea3; local s4gbars_table.dat","Erwin et al. manual revisions are not represented unless present in local project data"
"147","77","NGC4424","True","D:\Dropbox\Public Documents\UCLAN\MSc Research\Remove foreground objects\Azure Optimisation outputs\azure_mtobjects_182_bundle\mtobjects-182\images\NGC4424.phot.1.fits","1464","1852","-1.22334117768332","1.22328355209902","789.0","672.0","186.79875","9.42031","0.0","791.5399780273438","673.5700073242188","85.19999694824219","0.44600000977516174","157","168","58.17729053489569","107","33.29999923706055","","","2.575012726347174","3.0008708174963314","","","s4gbars_table.dat sma_dp_kpc2","","1.0","","","9.928999760326306","15.95","91.2265507702884","7.054340216644121","53.49","4.136259181150462","2.1320022786221604","30.352468849410386","1.0","1.3","Herrera-Endoqui+2015 table2; Salo+2015 galaxies; Diaz-Garcia+2016 tablea3; local s4gbars_table.dat","No matching Diaz-Garcia Fourier row; Legacy local sma_dp_kpc value is missing or non-positive; Erwin et al. manual revisions are not represented unless present in local project data"
"148","60","NGC3726","True","D:\Dropbox\Public Documents\UCLAN\MSc Research\Remove foreground objects\Azure Optimisation outputs\azure_mtobjects_182_bundle\mtobjects-182\images\NGC3726.phot.1.fits","1044","930","-1.22334117768332","1.22328355209902","296.0","628.0","173.3382","47.02908","0.0","296.45001220703125","628.7999877929688","18.100000381469727","0.3709999918937683","172","195","52.507776881088404","30","37.0","0.7799999713897705","41.400001525878906","3.030102053184011","3.137665482042696","3.1365650982958813","3.510793269096422","s4gbars_table.dat sma_dp_kpc2","0.675","2.0","0.23499999940395355","0.07","10.476999637090715","16.892","158.1689584268468","12.953191504842296","78.63","6.439376336266452","4.093585979201512","151.70726541380324","5.1","5.1","Herrera-Endoqui+2015 table2; Salo+2015 galaxies; Diaz-Garcia+2016 tablea3; local s4gbars_table.dat","Erwin et al. manual revisions are not represented unless present in local project data"
"149","25","IC5273","True","D:\Dropbox\Public Documents\UCLAN\MSc Research\Remove foreground objects\Azure Optimisation outputs\azure_mtobjects_182_bundle\mtobjects-182\images\IC5273.phot.1.fits","1138","1460","-0.75","0.75","692.0","679.0","344.86125","-37.70286","0.0","692.27001953125","679.0999755859375","49.0","0.2840000092983246","75","112","45.43832981584723","39","19.799999237060547","0.699999988079071","17.0","1.5893564104428768","1.613874423267215","1.6134375681768598","1.3815743168878432","s4gbars_table.dat sma_dp_kpc2","0.584","1.0","0.31700000166893005","0.087","10.029002077667469","16.557","92.07065965173474","7.3905602591509565","41.04","3.294302378008872","1.8983979346956583","125.57270281987886","5.7","5.6","Herrera-Endoqui+2015 table2; Salo+2015 galaxies; Diaz-Garcia+2016 tablea3; local s4gbars_table.dat","Erwin et al. manual revisions are not represented unless present in local project data"
"150","62","NGC3850","True","D:\Dropbox\Public Documents\UCLAN\MSc Research\Remove foreground objects\Azure Optimisation outputs\azure_mtobjects_182_bundle\mtobjects-182\images\NGC3850.phot.1.fits","981","1096","-0.75","0.75","687.0","299.0","176.39865","55.88684","0.0","687.27001953125","299.30999755859375","122.69999694824219","0.5339999794960022","67","90","64.55920018828287","113","17.399999618530273","0.7099999785423279","13.399999618530273","1.4987797251109007","1.5900125944511398","1.5935301675029692","1.2267769586498019","s4gbars_table.dat sma_dp_kpc2","0.425","1.0","0.27900001406669617","","9.184001134307296","17.767","51.30045945270864","4.418855661873193","42.52","3.6625352822825","2.098291615155261","79.01180446732594","5.3","5.5","Herrera-Endoqui+2015 table2; Salo+2015 galaxies; Diaz-Garcia+2016 tablea3; local s4gbars_table.dat","Erwin et al. manual revisions are not represented unless present in local project data"
"151","53","NGC3319","True","D:\Dropbox\Public Documents\UCLAN\MSc Research\Remove foreground objects\Azure Optimisation outputs\azure_mtobjects_182_bundle\mtobjects-182\images\NGC3319.phot.1.fits","815","1074","-1.22334117768332","1.22328355209902","470.0","257.0","159.7896","41.68678","0.0","471.05999755859375","257.1600036621094","43.0","0.4350000023841858","172","180","57.36306154312329","41","64.19999694824219","","","5.1346927496182095","5.142310908722087","","","s4gbars_table.dat sma_dp_kpc2","","1.0","0.6430000066757202","0.281","9.729999367624757","16.497","108.92341643103043","8.711655398941696","450.2","36.00683295760308","5.40222463820813","100.14192084134388","6.0","6.0","Herrera-Endoqui+2015 table2; Salo+2015 galaxies; Diaz-Garcia+2016 tablea3; local s4gbars_table.dat","Legacy local sma_dp_kpc value is missing or non-positive; Erwin et al. manual revisions are not represented unless present in local project data"
"152","61","NGC3729","True","D:\Dropbox\Public Documents\UCLAN\MSc Research\Remove foreground objects\Azure Optimisation outputs\azure_mtobjects_182_bundle\mtobjects-182\images\NGC3729.phot.1.fits","1224","863","-0.75","0.75","419.0","597.0","173.45595","53.12478","0.0","419.6099853515625","600.8099975585938","172.3000030517578","0.289000004529953","75","97","45.86428276047276","25","21.100000381469727","0.6499999761581421","21.0","2.0646319055583837","2.3630926620522232","2.3581814655903814","2.351893170762876","s4gbars_table.dat sma_dp_kpc2","0.626","1.0","0.3569999933242798","0.164","10.232998639553308","20.183","86.72039647096429","8.485578076617323","36.57","3.5783691367900516","2.0936933120015513","210.4940962214758","1.2","1.3","Herrera-Endoqui+2015 table2; Salo+2015 galaxies; Diaz-Garcia+2016 tablea3; local s4gbars_table.dat","Erwin et al. manual revisions are not represented unless present in local project data"
"153","7","ESO357-012","True","D:\Dropbox\Public Documents\UCLAN\MSc Research\Remove foreground objects\Azure Optimisation outputs\azure_mtobjects_182_bundle\mtobjects-182\images\ESO357-012.phot.1.fits","920","1056","-0.75","0.75","300.0","290.0","49.21995","-35.54103","0.0","290.07000732421875","288.5299987792969","129.39999389648438","0.3779999911785126","75","97","53.05030851159939","106","27.0","0.5400000214576721","29.0","2.95715220711221","3.3440421021424394","3.3842964148061956","3.5948452598031233","s4gbars_table.dat sma_dp_kpc2","0.54","2.0","","","9.291000113826843","22.591","52.134024862481255","5.7099350625084915","63.32","6.935069546457227","4.288089748624342","71.7875516150804","7.0","7.0","Herrera-Endoqui+2015 table2; Salo+2015 galaxies; Diaz-Garcia+2016 tablea3; local s4gbars_table.dat","No matching Diaz-Garcia Fourier row; Erwin et al. manual revisions are not represented unless present in local project data"
"154","146","NGC1640","True","D:\Dropbox\Public Documents\UCLAN\MSc Research\Remove foreground objects\Azure Optimisation outputs\azure_mtobjects_182_bundle\mtobjects-182\images\NGC1640.phot.1.fits","678","1042","-0.75","0.75","275.0","259.0","70.5606","-20.43478","0.0","275.8699951171875","258.8500061035156","42.79999923706055","0.08699999749660492","82","90","24.60574629886094","43","25.5","0.6200000047683716","30.299999237060547","2.361282815795215","2.361285832829355","2.361282815795215","2.805763166067821","s4gbars_table.dat sma_dp_kpc2","0.59","1.0","0.5109999775886536","0.272","10.180999882896284","19.1","81.49317806517247","7.546213371365933","48.2","4.463287518483504","1.853468111410079","153.444523654907","3.0","3.0","Herrera-Endoqui+2015 table2; Salo+2015 galaxies; Diaz-Garcia+2016 tablea3; local s4gbars_table.dat","Erwin et al. manual revisions are not represented unless present in local project data"
"155","5","ESO202-041","True","D:\Dropbox\Public Documents\UCLAN\MSc Research\Remove foreground objects\Azure Optimisation outputs\azure_mtobjects_182_bundle\mtobjects-182\images\ESO202-041.phot.1.fits","1003","1075","-0.75","0.75","300.0","297.0","69.2385","-52.17558","0.0","307.0400085449219","298.8599853515625","154.5","0.3199999928474426","37","45","48.446051289673186","166","17.100000381469727","0.7099999785423279","20.100000381469727","1.4066162460911933","1.4417561411659945","1.4477453760938597","1.6946958150547653","s4gbars_table.dat sma_dp_kpc2","0.59","2.0","0.46700000762939453","0.255","8.322000024079612","16.967","39.547702156692225","3.2531251666186547","31.56","2.596070685768307","1.3610451700482387","52.03576380034903","8.9","8.9","Herrera-Endoqui+2015 table2; Salo+2015 galaxies; Diaz-Garcia+2016 tablea3; local s4gbars_table.dat","Erwin et al. manual revisions are not represented unless present in local project data"
"156","36","NGC1187","True","D:\Dropbox\Public Documents\UCLAN\MSc Research\Remove foreground objects\Azure Optimisation outputs\azure_mtobjects_182_bundle\mtobjects-182\images\NGC1187.phot.1.fits","1532","1700","-0.75","0.75","623.0","598.0","45.65685","-22.86726","0.0","624.27001953125","598.760009765625","122.5999984741211","0.2630000114440918","172","187","43.616664650520725","123","39.0","","","3.5601338084502947","3.560212574828047","","","s4gbars_table.dat sma_dp_kpc2","","2.0","0.25099998712539673","0.146","10.428999290328973","18.829","124.19990244591912","11.337647992408849","0.0","0.0","3.1404031609822316","177.40599101828212","5.0","5.0","Herrera-Endoqui+2015 table2; Salo+2015 galaxies; Diaz-Garcia+2016 tablea3; local s4gbars_table.dat","Legacy local sma_dp_kpc value is missing or non-positive; Erwin et al. manual revisions are not represented unless present in local project data"
"157","47","NGC2903","True","D:\Dropbox\Public Documents\UCLAN\MSc Research\Remove foreground objects\Azure Optimisation outputs\azure_mtobjects_182_bundle\mtobjects-182\images\NGC2903.phot.1.fits","2174","2073","-1.22334117768332","1.22328355209902","1159.0","750.0","143.04212505","21.500833","0.0","1159.0400390625","750.0399780273438","19.600000381469727","0.5130000114440918","337","375","63.05123716454198","28","68.0999984741211","0.800000011920929","70.5999984741211","2.99056941313359","3.111577485768282","3.122312559086611","3.2280902991120284","s4gbars_table.dat sma_dp_kpc2","0.614","1.0","0.45899999141693115","0.312","10.664999994027022","9.058","358.1964313392819","15.72997491126083","90.55","3.9764472886820346","2.4102847695925145","195.29686641604317","4.0","4.0","Herrera-Endoqui+2015 table2; Salo+2015 galaxies; Diaz-Garcia+2016 tablea3; local s4gbars_table.dat","Erwin et al. manual revisions are not represented unless present in local project data"
"158","166","NGC5134","True","D:\Dropbox\Public Documents\UCLAN\MSc Research\Remove foreground objects\Azure Optimisation outputs\azure_mtobjects_182_bundle\mtobjects-182\images\NGC5134.phot.1.fits","751","1074","-0.75","0.75","279.0","794.0","201.32775","-21.13376","0.0","281.2099914550781","791.9099731445312","79.0","0.032999999821186066","112","150","15.071844995311684","153","45.400001525878906","0.6100000143051147","46.400001525878906","2.3967255714735893","2.4757251040258135","2.4759125396940824","2.531619778731242","s4gbars_table.dat sma_dp_kpc2","0.626","2.0","1.0579999685287476","0.566","9.899000375667786","10.889","81.11875092326531","4.282365300964467","54.91","2.898770949991515","1.2263421811747022","212.82155958034883","2.9","2.9","Herrera-Endoqui+2015 table2; Salo+2015 galaxies; Diaz-Garcia+2016 tablea3; local s4gbars_table.dat","Erwin et al. manual revisions are not represented unless present in local project data"
"159","63","NGC3930","True","D:\Dropbox\Public Documents\UCLAN\MSc Research\Remove foreground objects\Azure Optimisation outputs\azure_mtobjects_182_bundle\mtobjects-182\images\NGC3930.phot.1.fits","1097","1542","-0.75","0.75","590.0","781.0","177.94095","38.01501","0.0","589.9000244140625","781.4199829101562","33.79999923706055","0.3889999985694885","112","150","53.896568353827355","71","31.0","","","2.645140959445374","3.435888763602811","","","s4gbars_table.dat sma_dp_kpc2","","2.0","0.2770000100135803","","9.62100064666812","17.6","79.8217517939643","6.810960810480554","75.05","6.403800935689525","3.4389392286621576","81.7743973974734","5.2","5.2","Herrera-Endoqui+2015 table2; Salo+2015 galaxies; Diaz-Garcia+2016 tablea3; local s4gbars_table.dat","Legacy local sma_dp_kpc value is missing or non-positive; Erwin et al. manual revisions are not represented unless present in local project data"
"160","27","NGC0289","True","D:\Dropbox\Public Documents\UCLAN\MSc Research\Remove foreground objects\Azure Optimisation outputs\azure_mtobjects_182_bundle\mtobjects-182\images\NGC0289.phot.1.fits","1691","2136","-0.75","0.75","987.0","1071.0","13.17645","-31.20581","0.0","988.3400268554688","1070.9200439453125","123.69999694824219","0.3179999887943268","90","97","48.28234681239371","130","20.799999237060547","0.6200000047683716","20.700000762939453","2.2958504836011926","2.3131765636723927","2.317925969020435","2.3020555225008907","s4gbars_table.dat sma_dp_kpc2","0.443","2.0","0.3529999852180481","","10.630999083643877","22.767","100.72128427288641","11.11735621186728","38.06","4.200964875281798","2.0934182823067413","168.2133143139008","4.0","4.0","Herrera-Endoqui+2015 table2; Salo+2015 galaxies; Diaz-Garcia+2016 tablea3; local s4gbars_table.dat","Erwin et al. manual revisions are not represented unless present in local project data"
"161","20","IC2007","True","D:\Dropbox\Public Documents\UCLAN\MSc Research\Remove foreground objects\Azure Optimisation outputs\azure_mtobjects_182_bundle\mtobjects-182\images\IC2007.phot.1.fits","781","1052","-0.75","0.75","277.0","279.0","58.8447","-28.15831","0.0","274.6499938964844","281.6099853515625","52.0","0.36399999260902405","45","52","51.96196160591007","13","12.0","0.7400000095367432","9.300000190734863","1.3089957094029523","1.6799298984491562","1.6471529343320483","1.3019456712980961","s4gbars_table.dat sma_dp_kpc2","0.745","1.0","0.5630000233650208","0.318","9.605999582358345","22.5","38.558599798308464","4.20608680804761","17.29","1.886044651298087","1.18518653188859","85.83016965527179","3.7","3.7","Herrera-Endoqui+2015 table2; Salo+2015 galaxies; Diaz-Garcia+2016 tablea3; local s4gbars_table.dat","Erwin et al. manual revisions are not represented unless present in local project data"
"162","35","NGC1097","True","D:\Dropbox\Public Documents\UCLAN\MSc Research\Remove foreground objects\Azure Optimisation outputs\azure_mtobjects_182_bundle\mtobjects-182\images\NGC1097.phot.1.fits","1763","1957","-1.22334117768332","1.22328355209902","750.0","739.0","41.57955","-30.2749","0.0","752.4600219726562","740.0800170898438","126.5","0.3319999873638153","322","352","49.420704151126486","141","94.0","0.6499999761581421","95.0999984741211","9.131806171672363","9.514014117409955","9.539823043172618","9.625348325166879","s4gbars_table.dat sma_dp_kpc2","0.549","1.0","0.7089999914169312","0.409","11.239999774333516","20.038","317.04525276409754","30.799955275432023","77.53","7.531797154146365","7.956814728625797","237.06185434935136","3.3","3.3","Herrera-Endoqui+2015 table2; Salo+2015 galaxies; Diaz-Garcia+2016 tablea3; local s4gbars_table.dat","Erwin et al. manual revisions are not represented unless present in local project data"
"163","141","NGC1302","True","D:\Dropbox\Public Documents\UCLAN\MSc Research\Remove foreground objects\Azure Optimisation outputs\azure_mtobjects_182_bundle\mtobjects-182\images\NGC1302.phot.1.fits","1532","1700","-0.75","0.75","624.0","598.0","49.9629","-26.0605","0.0","622.1400146484375","597.8400268554688","11.600000381469727","0.03700000047683716","105","127","15.965512677905979","172","27.200000762939453","0.3400000035762787","27.899999618530273","2.637383947834097","2.6495017601911535","2.6470802123481927","2.7176874672548963","s4gbars_table.dat sma_dp_kpc2","0.319","2.0","0.2879999876022339","0.077","10.560999978653491","20.0","127.97385564047775","12.408683551788014","87.63","8.496836593702275","3.8884929580878964","142.1878281526093","0.1","0.1","Herrera-Endoqui+2015 table2; Salo+2015 galaxies; Diaz-Garcia+2016 tablea3; local s4gbars_table.dat","Erwin et al. manual revisions are not represented unless present in local project data"
"164","24","IC4901","True","D:\Dropbox\Public Documents\UCLAN\MSc Research\Remove foreground objects\Azure Optimisation outputs\azure_mtobjects_182_bundle\mtobjects-182\images\IC4901.phot.1.fits","1638","1748","-0.75","0.75","972.0","1098.0","298.5957","-58.71392","0.0","965.760009765625","1099.5999755859375","122.9000015258789","0.30799999833106995","127","187","47.45813940072698","119","13.199999809265137","0.5699999928474426","11.899999618530273","1.5154097883790267","1.5195663968987063","1.5154097883790267","1.3727900971982632","s4gbars_table.dat sma_dp_kpc2","0.387","1.0","0.23999999463558197","0.109","10.299999475221325","23.68","110.43869209275944","12.678778410086748","35.58","4.084718202312558","5.4963453809419915","131.30043410979653","5.1","5.1","Herrera-Endoqui+2015 table2; Salo+2015 galaxies; Diaz-Garcia+2016 tablea3; local s4gbars_table.dat","Erwin et al. manual revisions are not represented unless present in local project data"
"165","139","NGC1022","True","D:\Dropbox\Public Documents\UCLAN\MSc Research\Remove foreground objects\Azure Optimisation outputs\azure_mtobjects_182_bundle\mtobjects-182\images\NGC1022.phot.1.fits","751","1051","-0.75","0.75","273.0","274.0","39.6363","-6.67739","0.0","273.1199951171875","273.8800048828125","175.89999389648438","0.07000000029802322","67","75","22.03289568730547","108","16.899999618530273","0.4000000059604645","17.700000762939453","1.5157685501660483","1.6188206589270522","1.6144280415969747","1.6954512226632446","s4gbars_table.dat sma_dp_kpc2","0.43","2.0","0.4000000059604645","0.132","10.186000841184471","18.5","78.00478689495817","6.9962841856675935","0.0","0.0","1.85991079436647","199.49945832309047","1.1","1.1","Herrera-Endoqui+2015 table2; Salo+2015 galaxies; Diaz-Garcia+2016 tablea3; local s4gbars_table.dat","Erwin et al. manual revisions are not represented unless present in local project data"
"166","104","NGC7800","True","D:\Dropbox\Public Documents\UCLAN\MSc Research\Remove foreground objects\Azure Optimisation outputs\azure_mtobjects_182_bundle\mtobjects-182\images\NGC7800.phot.1.fits","855","1050","-0.75","0.75","291.0","287.0","359.9031","14.80723","0.0","290.9700012207031","286.1499938964844","40.79999923706055","0.42800000309944153","82","97","56.84224839266073","47","27.700000762939453","0.6100000143051147","26.899999618530273","3.2096089981334686","3.25316656214477","3.279131214699537","3.1621483641064234","s4gbars_table.dat sma_dp_kpc2","0.395","2.0","0.47600001096725464","0.185","9.6040002061822","23.9","52.25420620174843","6.054713733409873","37.84","4.384534458100017","2.675910115627954","99.26324874746575","9.8","9.8","Herrera-Endoqui+2015 table2; Salo+2015 galaxies; Diaz-Garcia+2016 tablea3; local s4gbars_table.dat","Erwin et al. manual revisions are not represented unless present in local project data"
"167","159","NGC4369","True","D:\Dropbox\Public Documents\UCLAN\MSc Research\Remove foreground objects\Azure Optimisation outputs\azure_mtobjects_182_bundle\mtobjects-182\images\NGC4369.phot.1.fits","1247","1291","-1.22334117768332","1.22328355209902","418.0","832.0","186.15165","39.38206","0.0","419.5","833.8099975585938","101.19999694824219","0.02500000037252903","82","90","13.107975767585554","157","8.699999809265137","0.6299999952316284","8.0","0.9110610137444548","0.9278030577306043","0.9320049450949022","0.8558183377342644","s4gbars_table.dat sma_dp_kpc2","0.63","1.0","","","10.227999757361168","21.6","59.44581077415294","6.22514489962768","20.17","2.1121954766926043","1.307424914551669","179.46363970086963","1.0","1.0","Herrera-Endoqui+2015 table2; Salo+2015 galaxies; Diaz-Garcia+2016 tablea3; local s4gbars_table.dat","No matching Diaz-Garcia Fourier row; Erwin et al. manual revisions are not represented unless present in local project data"
"168","71","NGC4133","True","D:\Dropbox\Public Documents\UCLAN\MSc Research\Remove foreground objects\Azure Optimisation outputs\azure_mtobjects_182_bundle\mtobjects-182\images\NGC4133.phot.1.fits","1069","1072","-0.75","0.75","781.0","294.0","182.208","74.90428","0.0","780.2000122070312","294.1600036621094","134.3000030517578","0.3529999852180481","60","75","51.097258198036236","172","12.800000190734863","0.5199999809265137","13.399999618530273","0.9866918769544033","1.2379976143711533","1.256490437059123","1.2984467166353695","s4gbars_table.dat sma_dp_kpc2","0.482","1.0","0.46000000834465027","0.157","9.763999692564187","15.9","49.67309890408586","3.8290658743604835","21.14","1.6295833030325066","0.913923351029016","166.57391199060496","3.0","3.0","Herrera-Endoqui+2015 table2; Salo+2015 galaxies; Diaz-Garcia+2016 tablea3; local s4gbars_table.dat","Erwin et al. manual revisions are not represented unless present in local project data"
"169","176","PGC048179","True","D:\Dropbox\Public Documents\UCLAN\MSc Research\Remove foreground objects\Azure Optimisation outputs\azure_mtobjects_182_bundle\mtobjects-182\images\PGC048179.phot.1.fits","753","1076","-0.75","0.75","280.0","796.0","204.54315","-9.80174","0.0","279.8900146484375","792.97998046875","68.9000015258789","0.07400000095367432","52","97","22.662882358749407","0","25.899999618530273","0.6499999761581421","26.200000762939453","2.850362397886214","3.0589999877333764","3.048457081909194","3.10033782540545","s4gbars_table.dat sma_dp_kpc2","0.674","1.0","0.39500001072883606","0.194","9.84599981622877","22.7","65.6328487184866","7.22306579356481","37.36","4.111565219499187","2.498964438949894","80.40314352012503","8.9","8.9","Herrera-Endoqui+2015 table2; Salo+2015 galaxies; Diaz-Garcia+2016 tablea3; local s4gbars_table.dat","Erwin et al. manual revisions are not represented unless present in local project data"
"170","83","NGC4532","True","D:\Dropbox\Public Documents\UCLAN\MSc Research\Remove foreground objects\Azure Optimisation outputs\azure_mtobjects_182_bundle\mtobjects-182\images\NGC4532.phot.1.fits","955","1330","-1.22334117768332","1.22328355209902","582.0","378.0","188.58105","6.46733","0.0","588.280029296875","385.5799865722656","156.60000610351562","0.5049999952316284","86","97","62.47511220441961","157","31.200000762939453","","","2.3580190531597705","2.3582306412614473","","","s4gbars_table.dat sma_dp_kpc2","","2.0","","","9.717000247392741","15.589","74.83784180828864","5.656059515426329","27.21","2.0564646934768382","1.4545652146510557","82.67834743594939","9.7","9.7","Herrera-Endoqui+2015 table2; Salo+2015 galaxies; Diaz-Garcia+2016 tablea3; local s4gbars_table.dat","No matching Diaz-Garcia Fourier row; Legacy local sma_dp_kpc value is missing or non-positive; Erwin et al. manual revisions are not represented unless present in local project data"
"171","173","NGC7552","True","D:\Dropbox\Public Documents\UCLAN\MSc Research\Remove foreground objects\Azure Optimisation outputs\azure_mtobjects_182_bundle\mtobjects-182\images\NGC7552.phot.1.fits","860","1070","-1.22334117768332","1.22328355209902","296.0","293.0","349.04505","-42.58376","0.0","295.489990234375","286.2300109863281","38.5","0.03799999877810478","112","135","16.18143423926586","95","52.20000076293945","0.6299999952316284","50.5","4.340193440477056","4.465447519782027","4.464911642789614","4.317882443697275","s4gbars_table.dat sma_dp_kpc2","0.633","1.0","1.059999942779541","0.654","10.522999451530431","17.15","116.44510979719448","9.681883174663103","33.74","2.8053280973504955","2.505256102586478","296.14619825142717","2.4","2.4","Herrera-Endoqui+2015 table2; Salo+2015 galaxies; Diaz-Garcia+2016 tablea3; local s4gbars_table.dat","Erwin et al. manual revisions are not represented unless present in local project data"
"172","95","NGC5042","True","D:\Dropbox\Public Documents\UCLAN\MSc Research\Remove foreground objects\Azure Optimisation outputs\azure_mtobjects_182_bundle\mtobjects-182\images\NGC5042.phot.1.fits","954","1810","-0.75","0.75","373.0","1172.0","198.87915","-23.9832","0.0","372.7799987792969","1168.719970703125","15.899999618530273","0.4359999895095825","75","112","57.43728946264632","48","19.700000762939453","","","1.4930797760162895","1.9423926228865416","","","s4gbars_table.dat sma_dp_kpc2","","2.0","0.3100000023841858","0.092","9.9090005165437","15.633","124.48621279030891","9.434916076653328","49.95","3.7857530361428258","2.723468460475601","118.72289990626504","5.0","5.0","Herrera-Endoqui+2015 table2; Salo+2015 galaxies; Diaz-Garcia+2016 tablea3; local s4gbars_table.dat","Legacy local sma_dp_kpc value is missing or non-positive; Erwin et al. manual revisions are not represented unless present in local project data"
"173","66","NGC4020","True","D:\Dropbox\Public Documents\UCLAN\MSc Research\Remove foreground objects\Azure Optimisation outputs\azure_mtobjects_182_bundle\mtobjects-182\images\NGC4020.phot.1.fits","862","1066","-1.22334117768332","1.22328355209902","566.0","292.0","179.7357","30.41207","0.0","564.1500244140625","291.1000061035156","22.100000381469727","0.5450000166893005","63","71","65.34746253116451","17","29.0","0.7599999904632568","26.200000762939453","1.1247666836351295","1.1456712454002973","1.140280706857683","1.0370300066123381","s4gbars_table.dat sma_dp_kpc2","0.492","2.0","0.38600000739097595","","8.836000505289796","8.0","56.12046421097402","2.1766354625738353","29.5","1.1441592126633213","0.6818413206312267","77.31714736613881","6.9","6.9","Herrera-Endoqui+2015 table2; Salo+2015 galaxies; Diaz-Garcia+2016 tablea3; local s4gbars_table.dat","Erwin et al. manual revisions are not represented unless present in local project data"
"174","134","ESO485-021","True","D:\Dropbox\Public Documents\UCLAN\MSc Research\Remove foreground objects\Azure Optimisation outputs\azure_mtobjects_182_bundle\mtobjects-182\images\ESO485-021.phot.1.fits","698","1046","-0.75","0.75","278.0","262.0","73.22085","-25.24607","0.0","277.0400085449219","260.010009765625","124.80000305175781","0.01600000075995922","90","95","10.477094137903414","113","23.799999237060547","0.6000000238418579","23.399999618530273","1.846168763483868","1.84748838672754","1.846168763483868","1.8164381617405223","s4gbars_table.dat sma_dp_kpc2","0.597","2.0","0.44200000166893005","0.155","9.14800077956246","16.0","67.1616341570502","5.209735759885599","72.9","5.654861464620755","2.6091484255690496","160.4686056121158","8.2","8.2","Herrera-Endoqui+2015 table2; Salo+2015 galaxies; Diaz-Garcia+2016 tablea3; local s4gbars_table.dat","Erwin et al. manual revisions are not represented unless present in local project data"
"175","150","NGC3344","True","D:\Dropbox\Public Documents\UCLAN\MSc Research\Remove foreground objects\Azure Optimisation outputs\azure_mtobjects_182_bundle\mtobjects-182\images\NGC3344.phot.1.fits","1007","1148","-1.22334117768332","1.22328355209902","389.0","822.0","160.8798","24.92219","0.0","389.3699951171875","823.030029296875","142.6999969482422","0.10899999737739563","127","142","27.604470633498035","178","25.5","0.3799999952316284","25.299999237060547","0.754126972583812","0.7877999926898435","0.7896153007054031","0.7808488162837567","s4gbars_table.dat sma_dp_kpc2","0.384","2.0","0.19599999487400055","0.047","9.740000113597578","6.1","200.96538282495794","5.943271205644406","95.27","2.8174775167866573","1.252057789736504","150.33499007314708","4.0","4.0","Herrera-Endoqui+2015 table2; Salo+2015 galaxies; Diaz-Garcia+2016 tablea3; local s4gbars_table.dat","Erwin et al. manual revisions are not represented unless present in local project data"
"176","9","ESO420-009","True","D:\Dropbox\Public Documents\UCLAN\MSc Research\Remove foreground objects\Azure Optimisation outputs\azure_mtobjects_182_bundle\mtobjects-182\images\ESO420-009.phot.1.fits","1002","1001","-0.75","0.75","681.0","719.0","62.7525","-31.40781","0.0","679.9400024414062","720.8400268554688","31.799999237060547","0.2290000021457672","60","75","40.53912491428883","48","4.300000190734863","0.5099999904632568","3.5999999046325684","0.3963842629626935","0.407512135632211","0.4056025016362446","0.3411729507618511","s4gbars_table.dat sma_dp_kpc2","0.376","2.0","0.07999999821186066","0.016","9.201000893277643","19.014","50.59659076166224","4.664114497089888","22.43","2.0676509344774923","1.2603175914478946","93.20471090942229","5.0","5.0","Herrera-Endoqui+2015 table2; Salo+2015 galaxies; Diaz-Garcia+2016 tablea3; local s4gbars_table.dat","Erwin et al. manual revisions are not represented unless present in local project data"
"177","64","NGC3953","True","D:\Dropbox\Public Documents\UCLAN\MSc Research\Remove foreground objects\Azure Optimisation outputs\azure_mtobjects_182_bundle\mtobjects-182\images\NGC3953.phot.1.fits","1607","1557","-1.22334117768332","1.22328355209902","814.0","580.0","178.45425","52.32653","0.0","814.1799926757812","581.52001953125","14.0","0.4749999940395355","217","240","60.30243528197453","47","30.100000381469727","0.5299999713897705","27.299999237060547","2.6916563643856204","3.7218182199792245","3.836280997745618","3.3756025716090634","s4gbars_table.dat sma_dp_kpc2","0.56","1.0","0.4699999988079071","0.2","10.987000458281791","18.445","184.12860154943826","16.465479143719914","86.1","7.699389135335611","4.253711293724092","219.43180281732586","4.0","4.0","Herrera-Endoqui+2015 table2; Salo+2015 galaxies; Diaz-Garcia+2016 tablea3; local s4gbars_table.dat","Erwin et al. manual revisions are not represented unless present in local project data"
"178","100","NGC7513","True","D:\Dropbox\Public Documents\UCLAN\MSc Research\Remove foreground objects\Azure Optimisation outputs\azure_mtobjects_182_bundle\mtobjects-182\images\NGC7513.phot.1.fits","1111","1514","-0.75","0.75","620.0","738.0","348.3084","-28.35747","0.0","619.3800048828125","737.77001953125","105.5999984741211","0.33500000834465027","82","105","49.662408471030446","71","35.099998474121094","0.7300000190734863","37.29999923706055","3.3778634281143187","4.063478836948859","4.022640777640413","4.315275602486288","s4gbars_table.dat sma_dp_kpc2","0.715","1.0","0.7020000219345093","0.379","10.212001062630105","19.85","95.74613565302285","9.214170085630153","53.58","5.156294087702712","3.0452737982692164","138.76137620638846","3.2","3.2","Herrera-Endoqui+2015 table2; Salo+2015 galaxies; Diaz-Garcia+2016 tablea3; local s4gbars_table.dat","Erwin et al. manual revisions are not represented unless present in local project data"
"179","164","NGC4900","True","D:\Dropbox\Public Documents\UCLAN\MSc Research\Remove foreground objects\Azure Optimisation outputs\azure_mtobjects_182_bundle\mtobjects-182\images\NGC4900.phot.1.fits","806","1074","-0.75","0.75","287.0","785.0","195.16365","2.50071","0.0","289.739990234375","788.0900268554688","140.8000030517578","0.050999999046325684","52","82","18.77044201397012","147","13.199999809265137","","","1.5815809759290231","1.5826459468302974","","","s4gbars_table.dat sma_dp_kpc2","","1.0","0.45500001311302185","0.192","10.361999657045079","24.714","63.84417137948137","7.649600521040905","33.8","4.049805832303105","2.5058473129226964","112.87309893033613","5.2","5.1","Herrera-Endoqui+2015 table2; Salo+2015 galaxies; Diaz-Garcia+2016 tablea3; local s4gbars_table.dat","Legacy local sma_dp_kpc value is missing or non-positive; Erwin et al. manual revisions are not represented unless present in local project data"
"180","11","ESO443-085","True","D:\Dropbox\Public Documents\UCLAN\MSc Research\Remove foreground objects\Azure Optimisation outputs\azure_mtobjects_182_bundle\mtobjects-182\images\ESO443-085.phot.1.fits","785","1077","-0.75","0.75","284.0","791.0","198.8091","-32.25389","0.0","286.2300109863281","790.1799926757812","56.79999923706055","0.4699999988079071","57","61","59.93801416787615","47","17.5","0.7799999713897705","17.5","1.9598574649116427","2.042845538658444","2.027052577994328","2.039927187888932","s4gbars_table.dat sma_dp_kpc2","0.614","1.0","0.3070000112056732","","9.150000764760742","23.1","38.205092430499846","4.278659177003109","26.36","2.952105301432623","1.9068853174314595","73.36935437248053","8.0","8.0","Herrera-Endoqui+2015 table2; Salo+2015 galaxies; Diaz-Garcia+2016 tablea3; local s4gbars_table.dat","Erwin et al. manual revisions are not represented unless present in local project data"
"181","181","NGC4535","True","D:\Dropbox\Public Documents\UCLAN\MSc Research\Remove foreground objects\Azure Optimisation outputs\azure_mtobjects_182_bundle\mtobjects-182\images\NGC4535.phot.1.fits","2175","2707","-0.75","0.75","1032.0","1377.0","188.58465","8.19775","0.0","1032.280029296875","1378.0699462890625","22.799999237060547","0.09799999743700027","262","300","26.14464242069212","42","37.599998474121094","0.6800000071525574","43.099998474121094","3.0912699682447333","3.131288616696405","3.132377281652243","3.5851589082122404","s4gbars_table.dat sma_dp_kpc2","0.655","2.0","0.5239999890327454","0.261","10.694999823210061","16.958","244.4112852062519","20.094182602611294","98.91","8.131848738273577","4.684342792039366","278.73173326391714","5.0","5.0","Herrera-Endoqui+2015 table2; Salo+2015 galaxies; Diaz-Garcia+2016 tablea3; local s4gbars_table.dat","Erwin et al. manual revisions are not represented unless present in local project data"
